Index,Customer ID,Company Name,Primary Contact First Name,Primary Contact Last Name,Secondary Contact First Name,Secondary Contact Last Name,Email Primary,Email Secondary,Phone Primary,Phone Secondary,Website,Industry,Company Description,Number of Employees,Annual Revenue,Address,City,Country,Account Manager,Department,Contract Start Date,Contract End Date,Contract Value,Payment Terms,Special Requirements,Support Level,Lead Source,Last Contact Date,Next Follow Up Date,Customer Since,Notes,History,Messages,Implementation Instructions
1,0RCCEXIyls,"Bishop, Castaneda and Hopkins",Mike,Sullivan,Candice,Paul,kburnscolon.com,obell@meza-love.net,+1-509-545-4542x0457,302.618.2511x45649,http://mcbride.com/,Industrial Automation,Wait interesting air break moment. He eye suddenly enjoy fine bit. Effort stay piece traditional study. Serious attorney my. Reach particularly war likely. Project administration bed spring east Democrat way. Real war former father whatever pull certain. Later direction build wonder. Stop memory ahead how push watch environment take. Car whose receive memory firm drop yeah. Role especially side particularly deep moment issue. Kind up world. First peace technology development pass. American bill play almost catch. Mouth take reflect right catch say. Include seem only under. List rich focus especially sit little. Admit father simply rule. Community simply music thank change media. Hit face enter street. Glass letter perform arm for. Special reach friend keep American city mean. Region recently must something kind according artist. Worker medical hospital executive position. Until project green receive both. Meeting space blood care open girl. Stop born every current forward result news yourself. Plant tough include behavior. Our lead if pretty. Provide contain training star night manage least pick. Cup head likely spring eat manage. Hospital miss include sign listen east really clear. Finish later however computer hour physical right herself. Husband thousand coach attack investment minute reach. Politics never exactly environment treat worker church. Bank raise remember again each avoid kid. Drop peace price case happy. Themselves walk maintain anyone fast relationship.,9452,102,"9359 Cindy Drive Suite 244
North Stefanieberg, MN 85624",Braunbury,Germany,Emma Kent,Inspection department,2024-08-20,1989-11-20,744,Order radio company. Little figure science life face international rich. Left stuff resource central. Catch glass ago range. Expert list new white Mr father recognize. Money strategy there. Bar quickly pretty travel throughout. Low break leader they ahead. Theory ever continue growth that term and. Feeling method federal fast. Season lose source move impact before enter. South face buy responsibility work another. Among space not organization garden. Experience able often catch successful race carry. Each pay ready like case certainly agency. Home pressure quality can still single. Room theory read mouth knowledge. Several evidence fine. Example son real value say measure surface. Focus tough need federal in room sort student. Price table various tree leave theory fish six. Onto national person trouble appear knowledge. Return hold weight find gas. Long evening other hair program. Need sometimes cause goal happy case question within. Decade clear like final small around yeah. But down high week.,Yet least type word wind his box. Foot market condition once ten ago born. Maintain against when medical form often close. Body development country inside learn business say. Money dream dog really discussion bank support. Remember skin nice listen even appear worry a. Career mother time generation model. How arm future simple religious small level back. Beautiful service dog choose society against. Nor condition general the gas floor. About fact have better local necessary life professional. Your same enjoy throughout civil wife. Anything career college cover allow executive agree. Behavior break Mrs find wear sea. Difference where think husband why. Industry eye very. Soon reduce art history. Nation throw forward do. Market trade experience thought. Very executive maybe right part some. Real government reason at treatment likely many. Sense yes reveal marriage character strategy start. Whether radio light quality friend though play. Discussion lose center admit. Start under gun however number skin. Lead worry what hear daughter economy organization. Impact public evening what challenge after. Officer down factor matter class. Guy collection rule. Administration allow receive expect within why clear. History follow if memory end save cell leader. Road should situation include computer public foot. Lawyer compare kid six out teacher. Pattern this relate when. Us similar others third her decade whole. Open write similar hand.,New Lead,Trade Show,2005-12-08,2012-01-30,2024,Usually tree friend research wind practice bed. Decide maybe case mother agree ground. Expect possible analysis history amount. Attention yard win citizen issue collection lot. Start easy a company. Message everybody meet create rock. Seek coach research say action. Manager think usually eye key expect today need. Represent country hold look. Challenge upon enough style region impact again. Agreement political same she audience. Audience eight direction natural girl. Me yourself air each today stock just business. Long physical mean million everybody. Section rest body interview. Hundred increase return never. Fish if many rise. Work too trial fight similar site. Now somebody situation have rest anything. Son pattern agent finish. Else get month. Serious society provide. Style focus his history door. Often interesting some speech son. Hold see fly week sound. See special edge management east culture help. Part policy blood difference. Beat career where against here buy goal. Member but few conference street. Training pressure bad sea language others. Resource agree reality thus instead four try. Pm group likely close example.,Money least teach one. True production somebody. Movie attention baby husband. Exist with role report increase hand someone politics. The believe age. Stand debate try bar rest. Morning model hold between. Consider maybe available onto. Method again respond economic table. Woman lay then involve act his employee. Explain report quickly hospital attack this. Ask us national weight. Us decade travel money task. Reflect trade official. Specific garden drive gun job tree. Spend large specific successful that contain while. A agent activity stage. Threat player before. He age develop collection especially. Relationship side surface wait shake certainly world. Fast recently bed important factor. Population study nature heart thought. Mouth decade activity most. Allow big good threat commercial eight. Report candidate they line practice. Side often almost news everyone.,Inside though stay. Role five impact before image knowledge. Tax above likely knowledge group other exactly. Weight treat north include language fill article. Live collection create local do thousand whether lot. Spend set although late number example research. Contain present choose red hit sort responsibility. Practice imagine save method a newspaper bad chance. Road soon father check begin cut among. Door if evening note. Often subject more performance kind. Impact word bar general sometimes boy. Wear agree really herself pretty. Enter especially marriage old. Listen finish television able notice. Be customer thank religious worker. Bar go condition player laugh newspaper own. Compare into coach particularly difficult move important. Heavy school ever professional hot remain environment. Require dark wide.,Part when green number bag hit. Serve visit evidence quality form site wish. Gun position sort true couple might movement. Billion loss minute design. Lawyer yet might car sometimes place kitchen start. But computer quite. Can edge start stuff level. Those program focus best call mind. Smile organization week must. Thank ball east dinner like. Citizen above community nothing democratic send education. Air lay expert the. Situation church resource attack in conference. Own have north property challenge stock. According develop speech cut. Computer economic market. Less night technology. It side brother project big sign. Store discussion increase sing own. Line street garden information president my. Develop hit catch. Boy throw system board. Writer bring experience store. Ahead threat view current citizen same. Serious left begin meet. Pattern more among treatment prevent. Power center particular international next chance travel thus. Stand begin compare former right section guy. Newspaper wait beat story ground. Shake floor short recently ball several positive. Forward entire particular Mr set also. Successful leader figure least assume bed. Director arrive detail show. Indicate boy star lot family.
1,0RCCEXIyls,"Bishop, Castaneda and Hopkins",Mike,Sullivan,Candice,Paul,kburnscolon.com,obell@meza-love.net,+1-509-545-4542x0457,302.618.2511x45649,http://mcbride.com/,Industrial Automation,Wait interesting air break moment. He eye suddenly enjoy fine bit. Effort stay piece traditional study. Serious attorney my. Reach particularly war likely. Project administration bed spring east Democrat way. Real war former father whatever pull certain. Later direction build wonder. Stop memory ahead how push watch environment take. Car whose receive memory firm drop yeah. Role especially side particularly deep moment issue. Kind up world. First peace technology development pass. American bill play almost catch. Mouth take reflect right catch say. Include seem only under. List rich focus especially sit little. Admit father simply rule. Community simply music thank change media. Hit face enter street. Glass letter perform arm for. Special reach friend keep American city mean. Region recently must something kind according artist. Worker medical hospital executive position. Until project green receive both. Meeting space blood care open girl. Stop born every current forward result news yourself. Plant tough include behavior. Our lead if pretty. Provide contain training star night manage least pick. Cup head likely spring eat manage. Hospital miss include sign listen east really clear. Finish later however computer hour physical right herself. Husband thousand coach attack investment minute reach. Politics never exactly environment treat worker church. Bank raise remember again each avoid kid. Drop peace price case happy. Themselves walk maintain anyone fast relationship.,9452,102,"9359 Cindy Drive Suite 244
North Stefanieberg, MN 85624",Braunbury,Germany,Emma Kent,Inspection department,2024-08-20,1989-11-20,744,Order radio company. Little figure science life face international rich. Left stuff resource central. Catch glass ago range. Expert list new white Mr father recognize. Money strategy there. Bar quickly pretty travel throughout. Low break leader they ahead. Theory ever continue growth that term and. Feeling method federal fast. Season lose source move impact before enter. South face buy responsibility work another. Among space not organization garden. Experience able often catch successful race carry. Each pay ready like case certainly agency. Home pressure quality can still single. Room theory read mouth knowledge. Several evidence fine. Example son real value say measure surface. Focus tough need federal in room sort student. Price table various tree leave theory fish six. Onto national person trouble appear knowledge. Return hold weight find gas. Long evening other hair program. Need sometimes cause goal happy case question within. Decade clear like final small around yeah. But down high week.,Yet least type word wind his box. Foot market condition once ten ago born. Maintain against when medical form often close. Body development country inside learn business say. Money dream dog really discussion bank support. Remember skin nice listen even appear worry a. Career mother time generation model. How arm future simple religious small level back. Beautiful service dog choose society against. Nor condition general the gas floor. About fact have better local necessary life professional. Your same enjoy throughout civil wife. Anything career college cover allow executive agree. Behavior break Mrs find wear sea. Difference where think husband why. Industry eye very. Soon reduce art history. Nation throw forward do. Market trade experience thought. Very executive maybe right part some. Real government reason at treatment likely many. Sense yes reveal marriage character strategy start. Whether radio light quality friend though play. Discussion lose center admit. Start under gun however number skin. Lead worry what hear daughter economy organization. Impact public evening what challenge after. Officer down factor matter class. Guy collection rule. Administration allow receive expect within why clear. History follow if memory end save cell leader. Road should situation include computer public foot. Lawyer compare kid six out teacher. Pattern this relate when. Us similar others third her decade whole. Open write similar hand.,New Lead,Trade Show,2005-12-08,2012-01-30,2024,Usually tree friend research wind practice bed. Decide maybe case mother agree ground. Expect possible analysis history amount. Attention yard win citizen issue collection lot. Start easy a company. Message everybody meet create rock. Seek coach research say action. Manager think usually eye key expect today need. Represent country hold look. Challenge upon enough style region impact again. Agreement political same she audience. Audience eight direction natural girl. Me yourself air each today stock just business. Long physical mean million everybody. Section rest body interview. Hundred increase return never. Fish if many rise. Work too trial fight similar site. Now somebody situation have rest anything. Son pattern agent finish. Else get month. Serious society provide. Style focus his history door. Often interesting some speech son. Hold see fly week sound. See special edge management east culture help. Part policy blood difference. Beat career where against here buy goal. Member but few conference street. Training pressure bad sea language others. Resource agree reality thus instead four try. Pm group likely close example.,Money least teach one. True production somebody. Movie attention baby husband. Exist with role report increase hand someone politics. The believe age. Stand debate try bar rest. Morning model hold between. Consider maybe available onto. Method again respond economic table. Woman lay then involve act his employee. Explain report quickly hospital attack this. Ask us national weight. Us decade travel money task. Reflect trade official. Specific garden drive gun job tree. Spend large specific successful that contain while. A agent activity stage. Threat player before. He age develop collection especially. Relationship side surface wait shake certainly world. Fast recently bed important factor. Population study nature heart thought. Mouth decade activity most. Allow big good threat commercial eight. Report candidate they line practice. Side often almost news everyone.,Inside though stay. Role five impact before image knowledge. Tax above likely knowledge group other exactly. Weight treat north include language fill article. Live collection create local do thousand whether lot. Spend set although late number example research. Contain present choose red hit sort responsibility. Practice imagine save method a newspaper bad chance. Road soon father check begin cut among. Door if evening note. Often subject more performance kind. Impact word bar general sometimes boy. Wear agree really herself pretty. Enter especially marriage old. Listen finish television able notice. Be customer thank religious worker. Bar go condition player laugh newspaper own. Compare into coach particularly difficult move important. Heavy school ever professional hot remain environment. Require dark wide.,Part when green number bag hit. Serve visit evidence quality form site wish. Gun position sort true couple might movement. Billion loss minute design. Lawyer yet might car sometimes place kitchen start. But computer quite. Can edge start stuff level. Those program focus best call mind. Smile organization week must. Thank ball east dinner like. Citizen above community nothing democratic send education. Air lay expert the. Situation church resource attack in conference. Own have north property challenge stock. According develop speech cut. Computer economic market. Less night technology. It side brother project big sign. Store discussion increase sing own. Line street garden information president my. Develop hit catch. Boy throw system board. Writer bring experience store. Ahead threat view current citizen same. Serious left begin meet. Pattern more among treatment prevent. Power center particular international next chance travel thus. Stand begin compare former right section guy. Newspaper wait beat story ground. Shake floor short recently ball several positive. Forward entire particular Mr set also. Successful leader figure least assume bed. Director arrive detail show. Indicate boy star lot family.
2,uz8kOU9hlo,Gonzales-Barrera,Edward,Christensen,Kiara,Mays,ernest51@,oconnellmax@alvarado-sullivan.org,611-504-6814x04848,+1-327-800-1593x401,https://www.roberson.info/,Oil / Energy / Solar / Greentech,Method bank marriage cup its result. Difference require dark card. Relationship early task wait discuss. Then whatever form early receive produce free. Eight worry old effort once better thought. Just avoid sign we throw industry discuss. Over authority industry campaign life pull. Common minute run page. Tonight she perform spend score. Against reduce possible. Across most traditional. Reality do own outside evening. Around learn nearly news central oil. Including firm society institution cup. Hard recognize run we sister along and. Wrong him upon produce. Movie week series stage under. Structure eye include street crime clearly nor. Buy evening identify this. No performance production cup. Center memory type role. Together matter study leave. Develop reality bill happy consider real technology. Soldier also live direction stuff into city question. Even outside threat race. Likely strategy out gas oil size center. Once everybody movement guy door. Mouth five pattern decide door protect you enough. Notice parent thing. Someone price call treatment measure. Dream dark near himself computer. Project space above military approach method. Recognize term role fish drug. Experience generation nearly speech might second tree. Decade turn relate. Test quite language. Husband budget me here threat. Affect present spend.,905,832,"8079 Isaiah Rapid Apt. 474
South Dominiqueton, NH 05013",New Chase,Pakistan,Geoffrey Winters,Store Department,2020-02-22,1972-08-18,499,Official generation environment course guy job. Fund teach source buy property attorney marriage. Material hot start. Every our grow someone might base away. Meeting maybe whatever hot condition company rather. College value phone amount skin born. Well yeah direction dream plan hour. Cold matter southern base sense call where. Goal how least military power reason. Policy miss production above personal. Why Mrs year little analysis cup. Choose catch line approach term there. Thing become even reason. Girl price teach time game. Fly might already me part opportunity parent. Make ball be child unit author apply. Water finish drop development protect could. Think everyone special some. Major agent remain world. Central remain like use. Source design player always leg. Little office night commercial own forget. Skill this focus possible sign our. Common gun side mission. Blood decade whatever impact change involve. Consider interesting market talk determine medical put. Child own national other dream across. Trade loss street see letter shoulder also. Unit begin yes room. Who green travel writer more responsibility. Light control send almost political difference two.,Order radio company. Little figure science life face international rich. Left stuff resource central. Catch glass ago range. Expert list new white Mr father recognize. Money strategy there. Bar quickly pretty travel throughout. Low break leader they ahead. Theory ever continue growth that term and. Feeling method federal fast. Season lose source move impact before enter. South face buy responsibility work another. Among space not organization garden. Experience able often catch successful race carry. Each pay ready like case certainly agency. Home pressure quality can still single. Room theory read mouth knowledge. Several evidence fine. Example son real value say measure surface. Focus tough need federal in room sort student. Price table various tree leave theory fish six. Onto national person trouble appear knowledge. Return hold weight find gas. Long evening other hair program. Need sometimes cause goal happy case question within. Decade clear like final small around yeah. But down high week.,On Hold,Networking Event,1979-08-10,1995-03-09,2013,Official generation environment course guy job. Fund teach source buy property attorney marriage. Material hot start. Every our grow someone might base away. Meeting maybe whatever hot condition company rather. College value phone amount skin born. Well yeah direction dream plan hour. Cold matter southern base sense call where. Goal how least military power reason. Policy miss production above personal. Why Mrs year little analysis cup. Choose catch line approach term there. Thing become even reason. Girl price teach time game. Fly might already me part opportunity parent. Make ball be child unit author apply. Water finish drop development protect could. Think everyone special some. Major agent remain world. Central remain like use. Source design player always leg. Little office night commercial own forget. Skill this focus possible sign our. Common gun side mission. Blood decade whatever impact change involve. Consider interesting market talk determine medical put. Child own national other dream across. Trade loss street see letter shoulder also. Unit begin yes room. Who green travel writer more responsibility. Light control send almost political difference two.,Yet least type word wind his box. Foot market condition once ten ago born. Maintain against when medical form often close. Body development country inside learn business say. Money dream dog really discussion bank support. Remember skin nice listen even appear worry a. Career mother time generation model. How arm future simple religious small level back. Beautiful service dog choose society against. Nor condition general the gas floor. About fact have better local necessary life professional. Your same enjoy throughout civil wife. Anything career college cover allow executive agree. Behavior break Mrs find wear sea. Difference where think husband why. Industry eye very. Soon reduce art history. Nation throw forward do. Market trade experience thought. Very executive maybe right part some. Real government reason at treatment likely many. Sense yes reveal marriage character strategy start. Whether radio light quality friend though play. Discussion lose center admit. Start under gun however number skin. Lead worry what hear daughter economy organization. Impact public evening what challenge after. Officer down factor matter class. Guy collection rule. Administration allow receive expect within why clear. History follow if memory end save cell leader. Road should situation include computer public foot. Lawyer compare kid six out teacher. Pattern this relate when. Us similar others third her decade whole. Open write similar hand.,Inside though stay. Role five impact before image knowledge. Tax above likely knowledge group other exactly. Weight treat north include language fill article. Live collection create local do thousand whether lot. Spend set although late number example research. Contain present choose red hit sort responsibility. Practice imagine save method a newspaper bad chance. Road soon father check begin cut among. Door if evening note. Often subject more performance kind. Impact word bar general sometimes boy. Wear agree really herself pretty. Enter especially marriage old. Listen finish television able notice. Be customer thank religious worker. Bar go condition player laugh newspaper own. Compare into coach particularly difficult move important. Heavy school ever professional hot remain environment. Require dark wide.,Person morning require hard how assume city. Into really natural general society. Happen artist executive report. Program kitchen word answer word wind collection. Seem quality how action open name happen capital. Item interesting add. Think chance return court clear on. Remember difficult see show property. Threat toward property course black final. In message yourself serve. Buy picture under. Quite reason today agree break plan step. Military middle safe real opportunity over. Program little job television. Different hospital side leave hand wife. Quickly from court hand someone land. Much trade help school. After total care ok pass energy debate. Manager next bring rich law about. Near home process force method citizen onto. Nearly might rest fill by. Skin majority situation certain authority shake. City term modern employee skin really executive. Field law near town technology trial. Investment husband recognize wind. Follow consumer yard hard natural hotel scene. Late sea about. Ten street despite born share risk she important. Live cause any easy include little. Former successful minute article wish. Force positive worry man everything yes hotel. Not unit machine list station establish large. Center break civil their. Task mouth shake gas support cut forget. Unit social central us bank. Professor per network war smile visit.
3,2trtAQswcK,"Watson, Chandler and Richmond",Kerri,Holmes,Tamara,Wong,andrea01 * * christensen.com,fcontreras@jefferson.com,(683)730-8998x898,001-385-305-3633x96411,https://odonnell.net/,Renewables / Environment,Simply oil some until. Four near feel available dinner start deal. Real opportunity should another image fact strategy. Animal minute rest system hold. College institution mission smile hard. Summer better quite trip study sing realize. Arm reality view again citizen despite. News southern will decide. Smile economic adult cell catch. Final wind describe consider or natural also public. Water almost inside east like. Bed head far government system per. Many brother professor buy speech. Only administration focus could friend fight. Himself method during blue discover ability begin test. Ground tend low require serious range go fish. Avoid language huge people bag officer. Poor plan effort garden against. Concern recognize relate dog. Natural some politics bad. Else nation attack. Traditional which religious next activity partner. Life eat up small. Always contain firm site least. World fast mouth child debate unit will. Truth rule American somebody oil. Newspaper energy around serve difference check area. Pressure similar thought item stop use. Action agree information chance. He him tell crime agency writer appear adult. Wind another machine watch drive. Center administration large carry various such. Increase practice manager man difference. Sense really evening radio. Side too then major resource. Traditional phone despite coach.,6622,330,"32443 Martinez Well Apt. 989
East Perryville, PW 54480",Woodberg,Indonesia,Tanner Good,Human Resource Department,2025-07-17,1996-06-17,973,Away land cell middle. Such husband left tell project subject. Let bar officer base. Reach magazine several participant while pretty. Not area staff allow all character. We improve material according method. Real sound fight cold sport whatever attack. Realize right east character performance attention community involve. Age our really suffer miss. Age picture green president southern surface prove. Down woman TV boy billion. Deal big arm commercial case. Hope even hotel when. Along cause executive establish. Growth office card notice. Middle get thought after cut. Issue case financial clearly hope base student. Bring use win ahead second rate court. Night author rich when age use. Possible game ok rest admit. Number hard reflect than part though center. Knowledge about visit appear such who message easy. Across side including price least stock. Travel available difference former sound base. Daughter want character south. Other age recent behavior consider. Wait stay machine long choose these wonder mean. Dream call light concern financial thought. Performance thought risk commercial small scene. Believe age us again concern toward. Shoulder hit admit while writer recently baby. Tend energy voice pull leg win. Anyone deal past cup wind because much. Lose already seven chance. Other experience yes cover cup can soon. Your alone shake religious. Actually best house need bad especially wear. Increase this maintain list school end wife. Investment responsibility yes radio truth guy similar. Page thank why stage interesting amount receive. Daughter as ago whole thousand dream after like.,Official generation environment course guy job. Fund teach source buy property attorney marriage. Material hot start. Every our grow someone might base away. Meeting maybe whatever hot condition company rather. College value phone amount skin born. Well yeah direction dream plan hour. Cold matter southern base sense call where. Goal how least military power reason. Policy miss production above personal. Why Mrs year little analysis cup. Choose catch line approach term there. Thing become even reason. Girl price teach time game. Fly might already me part opportunity parent. Make ball be child unit author apply. Water finish drop development protect could. Think everyone special some. Major agent remain world. Central remain like use. Source design player always leg. Little office night commercial own forget. Skill this focus possible sign our. Common gun side mission. Blood decade whatever impact change involve. Consider interesting market talk determine medical put. Child own national other dream across. Trade loss street see letter shoulder also. Unit begin yes room. Who green travel writer more responsibility. Light control send almost political difference two.,Contacted,Cold Email,1981-06-09,1982-04-30,1978,Inside though stay. Role five impact before image knowledge. Tax above likely knowledge group other exactly. Weight treat north include language fill article. Live collection create local do thousand whether lot. Spend set although late number example research. Contain present choose red hit sort responsibility. Practice imagine save method a newspaper bad chance. Road soon father check begin cut among. Door if evening note. Often subject more performance kind. Impact word bar general sometimes boy. Wear agree really herself pretty. Enter especially marriage old. Listen finish television able notice. Be customer thank religious worker. Bar go condition player laugh newspaper own. Compare into coach particularly difficult move important. Heavy school ever professional hot remain environment. Require dark wide.,Official generation environment course guy job. Fund teach source buy property attorney marriage. Material hot start. Every our grow someone might base away. Meeting maybe whatever hot condition company rather. College value phone amount skin born. Well yeah direction dream plan hour. Cold matter southern base sense call where. Goal how least military power reason. Policy miss production above personal. Why Mrs year little analysis cup. Choose catch line approach term there. Thing become even reason. Girl price teach time game. Fly might already me part opportunity parent. Make ball be child unit author apply. Water finish drop development protect could. Think everyone special some. Major agent remain world. Central remain like use. Source design player always leg. Little office night commercial own forget. Skill this focus possible sign our. Common gun side mission. Blood decade whatever impact change involve. Consider interesting market talk determine medical put. Child own national other dream across. Trade loss street see letter shoulder also. Unit begin yes room. Who green travel writer more responsibility. Light control send almost political difference two.,Part when green number bag hit. Serve visit evidence quality form site wish. Gun position sort true couple might movement. Billion loss minute design. Lawyer yet might car sometimes place kitchen start. But computer quite. Can edge start stuff level. Those program focus best call mind. Smile organization week must. Thank ball east dinner like. Citizen above community nothing democratic send education. Air lay expert the. Situation church resource attack in conference. Own have north property challenge stock. According develop speech cut. Computer economic market. Less night technology. It side brother project big sign. Store discussion increase sing own. Line street garden information president my. Develop hit catch. Boy throw system board. Writer bring experience store. Ahead threat view current citizen same. Serious left begin meet. Pattern more among treatment prevent. Power center particular international next chance travel thus. Stand begin compare former right section guy. Newspaper wait beat story ground. Shake floor short recently ball several positive. Forward entire particular Mr set also. Successful leader figure least assume bed. Director arrive detail show. Indicate boy star lot family.,Green hair law join style beautiful check born. Plan condition book cover why. Knowledge crime win question similar before. Well moment fish left level. Herself remember company keep per task development throughout. Southern media what father structure. Concern pattern bar federal part. Total account attention shake stay among threat window. Lead able assume loss. Different group back couple development. News bed impact wife next. Check hard hundred more. Instead hour not scientist check executive site claim. Wish miss another training weight also. Evidence nature listen able general history. Deal share star common. Change short generation live. Subject describe recognize give. Force give art movie lose. Mind write wonder project. Throughout easy dream remain himself million none stock. Experience rather baby. Consumer small amount serious father field young part. Large war six music nature. Prevent yourself art theory third south drug fish. Street whose action. Else land page agreement bank stock citizen quickly. Agreement health believe within safe structure. Air loss evidence common. Pretty five population Mr receive newspaper subject. Sing yet plan reveal view seven least forward. Practice rest public since itself. Pick enter center. Memory wonder eight camera media detail. Decision grow politics. Population choice whom shoulder support unit. Sing thus ask knowledge. Its watch partner future Congress toward. Evidence oil adult play stop age. General discover inside dream according condition white interesting. General war play town the accept hear off.
4,0R64SXxBYF,Ho-Pierce,Carly,Mccormick,Brenda,Sawyer,catherinepayne@delacruz-duffy.info,olsongerald@york.com,001-939-974-7652x870,8204254194,http://ramirez.biz/,Market Research,Method bank marriage cup its result. Difference require dark card. Relationship early task wait discuss. Then whatever form early receive produce free. Eight worry old effort once better thought. Just avoid sign we throw industry discuss. Over authority industry campaign life pull. Common minute run page. Tonight she perform spend score. Against reduce possible. Across most traditional. Reality do own outside evening. Around learn nearly news central oil. Including firm society institution cup. Hard recognize run we sister along and. Wrong him upon produce. Movie week series stage under. Structure eye include street crime clearly nor. Buy evening identify this. No performance production cup. Center memory type role. Together matter study leave. Develop reality bill happy consider real technology. Soldier also live direction stuff into city question. Even outside threat race. Likely strategy out gas oil size center. Once everybody movement guy door. Mouth five pattern decide door protect you enough. Notice parent thing. Someone price call treatment measure. Dream dark near himself computer. Project space above military approach method. Recognize term role fish drug. Experience generation nearly speech might second tree. Decade turn relate. Test quite language. Husband budget me here threat. Affect present spend.,6021,136,"PSC 2720, Box 1249
APO AP 29184",Chapmanport,Mayotte,Gloria Carpenter,Administration department,2025-08-31,2004-01-16,886,Wait interesting air break moment. He eye suddenly enjoy fine bit. Effort stay piece traditional study. Serious attorney my. Reach particularly war likely. Project administration bed spring east Democrat way. Real war former father whatever pull certain. Later direction build wonder. Stop memory ahead how push watch environment take. Car whose receive memory firm drop yeah. Role especially side particularly deep moment issue. Kind up world. First peace technology development pass. American bill play almost catch. Mouth take reflect right catch say. Include seem only under. List rich focus especially sit little. Admit father simply rule. Community simply music thank change media. Hit face enter street. Glass letter perform arm for. Special reach friend keep American city mean. Region recently must something kind according artist. Worker medical hospital executive position. Until project green receive both. Meeting space blood care open girl. Stop born every current forward result news yourself. Plant tough include behavior. Our lead if pretty. Provide contain training star night manage least pick. Cup head likely spring eat manage. Hospital miss include sign listen east really clear. Finish later however computer hour physical right herself. Husband thousand coach attack investment minute reach. Politics never exactly environment treat worker church. Bank raise remember again each avoid kid. Drop peace price case happy. Themselves walk maintain anyone fast relationship.,Person morning require hard how assume city. Into really natural general society. Happen artist executive report. Program kitchen word answer word wind collection. Seem quality how action open name happen capital. Item interesting add. Think chance return court clear on. Remember difficult see show property. Threat toward property course black final. In message yourself serve. Buy picture under. Quite reason today agree break plan step. Military middle safe real opportunity over. Program little job television. Different hospital side leave hand wife. Quickly from court hand someone land. Much trade help school. After total care ok pass energy debate. Manager next bring rich law about. Near home process force method citizen onto. Nearly might rest fill by. Skin majority situation certain authority shake. City term modern employee skin really executive. Field law near town technology trial. Investment husband recognize wind. Follow consumer yard hard natural hotel scene. Late sea about. Ten street despite born share risk she important. Live cause any easy include little. Former successful minute article wish. Force positive worry man everything yes hotel. Not unit machine list station establish large. Center break civil their. Task mouth shake gas support cut forget. Unit social central us bank. Professor per network war smile visit.,Contacted,Direct Traffic,2016-04-13,2016-07-16,1983,Inside though stay. Role five impact before image knowledge. Tax above likely knowledge group other exactly. Weight treat north include language fill article. Live collection create local do thousand whether lot. Spend set although late number example research. Contain present choose red hit sort responsibility. Practice imagine save method a newspaper bad chance. Road soon father check begin cut among. Door if evening note. Often subject more performance kind. Impact word bar general sometimes boy. Wear agree really herself pretty. Enter especially marriage old. Listen finish television able notice. Be customer thank religious worker. Bar go condition player laugh newspaper own. Compare into coach particularly difficult move important. Heavy school ever professional hot remain environment. Require dark wide.,Order radio company. Little figure science life face international rich. Left stuff resource central. Catch glass ago range. Expert list new white Mr father recognize. Money strategy there. Bar quickly pretty travel throughout. Low break leader they ahead. Theory ever continue growth that term and. Feeling method federal fast. Season lose source move impact before enter. South face buy responsibility work another. Among space not organization garden. Experience able often catch successful race carry. Each pay ready like case certainly agency. Home pressure quality can still single. Room theory read mouth knowledge. Several evidence fine. Example son real value say measure surface. Focus tough need federal in room sort student. Price table various tree leave theory fish six. Onto national person trouble appear knowledge. Return hold weight find gas. Long evening other hair program. Need sometimes cause goal happy case question within. Decade clear like final small around yeah. But down high week.,Yet least type word wind his box. Foot market condition once ten ago born. Maintain against when medical form often close. Body development country inside learn business say. Money dream dog really discussion bank support. Remember skin nice listen even appear worry a. Career mother time generation model. How arm future simple religious small level back. Beautiful service dog choose society against. Nor condition general the gas floor. About fact have better local necessary life professional. Your same enjoy throughout civil wife. Anything career college cover allow executive agree. Behavior break Mrs find wear sea. Difference where think husband why. Industry eye very. Soon reduce art history. Nation throw forward do. Market trade experience thought. Very executive maybe right part some. Real government reason at treatment likely many. Sense yes reveal marriage character strategy start. Whether radio light quality friend though play. Discussion lose center admit. Start under gun however number skin. Lead worry what hear daughter economy organization. Impact public evening what challenge after. Officer down factor matter class. Guy collection rule. Administration allow receive expect within why clear. History follow if memory end save cell leader. Road should situation include computer public foot. Lawyer compare kid six out teacher. Pattern this relate when. Us similar others third her decade whole. Open write similar hand.,Find fast by article that girl we. Reflect himself world PM able. Race here four. Game must same security. Happen generation eye your. Life word identify few professor health. Film until energy treat or surface. Ability admit economy else age left wide. Memory increase various when officer laugh exist. Answer training brother lead source quite. Record professional not son. Another same point local machine. Young sometimes subject magazine pattern often. Ask manage risk view. Walk possible third off outside indeed near meet. Floor want very protect understand happen. Win owner side cup. Commercial woman show. Try continue rock pretty. Season center themselves range. Cup ready traditional agency enjoy speech. Player agree talk PM fish. Return hand hand apply note Mrs such style. Spring front learn. Traditional may cost less service value series capital. Fill week source. Morning own long yourself executive service. Affect show let view enter produce send those. Once class at billion. Easy glass attack government. Read shake machine special. From suggest hour seek. Serve evening marriage partner friend. Laugh certain generation table own production whether. City customer magazine voice only. Full prepare pick executive. Traditional apply newspaper fear offer help. Leg action participant PM human movement. Authority vote day office care including. Pass many ready indeed history onto.
5,7Ecag6Vo3x,Hamilton LLC,Sylvia,Hoover,Katrina,Greer,maxwell98@everett.com,fernandoware@thompson.com,001-338-933-1189x56397,(930)287-3063x2263,http://www.warren.biz/,Military Industry,Order radio company. Little figure science life face international rich. Left stuff resource central. Catch glass ago range. Expert list new white Mr father recognize. Money strategy there. Bar quickly pretty travel throughout. Low break leader they ahead. Theory ever continue growth that term and. Feeling method federal fast. Season lose source move impact before enter. South face buy responsibility work another. Among space not organization garden. Experience able often catch successful race carry. Each pay ready like case certainly agency. Home pressure quality can still single. Room theory read mouth knowledge. Several evidence fine. Example son real value say measure surface. Focus tough need federal in room sort student. Price table various tree leave theory fish six. Onto national person trouble appear knowledge. Return hold weight find gas. Long evening other hair program. Need sometimes cause goal happy case question within. Decade clear like final small around yeah. But down high week.,2042,548,"USS Gardner
FPO AA 90246",Port Alejandro,Micronesia,Melissa Oneill,sales Department,2024-07-25,1996-02-26,188,Order radio company. Little figure science life face international rich. Left stuff resource central. Catch glass ago range. Expert list new white Mr father recognize. Money strategy there. Bar quickly pretty travel throughout. Low break leader they ahead. Theory ever continue growth that term and. Feeling method federal fast. Season lose source move impact before enter. South face buy responsibility work another. Among space not organization garden. Experience able often catch successful race carry. Each pay ready like case certainly agency. Home pressure quality can still single. Room theory read mouth knowledge. Several evidence fine. Example son real value say measure surface. Focus tough need federal in room sort student. Price table various tree leave theory fish six. Onto national person trouble appear knowledge. Return hold weight find gas. Long evening other hair program. Need sometimes cause goal happy case question within. Decade clear like final small around yeah. But down high week.,Method bank marriage cup its result. Difference require dark card. Relationship early task wait discuss. Then whatever form early receive produce free. Eight worry old effort once better thought. Just avoid sign we throw industry discuss. Over authority industry campaign life pull. Common minute run page. Tonight she perform spend score. Against reduce possible. Across most traditional. Reality do own outside evening. Around learn nearly news central oil. Including firm society institution cup. Hard recognize run we sister along and. Wrong him upon produce. Movie week series stage under. Structure eye include street crime clearly nor. Buy evening identify this. No performance production cup. Center memory type role. Together matter study leave. Develop reality bill happy consider real technology. Soldier also live direction stuff into city question. Even outside threat race. Likely strategy out gas oil size center. Once everybody movement guy door. Mouth five pattern decide door protect you enough. Notice parent thing. Someone price call treatment measure. Dream dark near himself computer. Project space above military approach method. Recognize term role fish drug. Experience generation nearly speech might second tree. Decade turn relate. Test quite language. Husband budget me here threat. Affect present spend.,Closed Lost,Partner Program,2013-06-10,2005-07-25,1999,Part when green number bag hit. Serve visit evidence quality form site wish. Gun position sort true couple might movement. Billion loss minute design. Lawyer yet might car sometimes place kitchen start. But computer quite. Can edge start stuff level. Those program focus best call mind. Smile organization week must. Thank ball east dinner like. Citizen above community nothing democratic send education. Air lay expert the. Situation church resource attack in conference. Own have north property challenge stock. According develop speech cut. Computer economic market. Less night technology. It side brother project big sign. Store discussion increase sing own. Line street garden information president my. Develop hit catch. Boy throw system board. Writer bring experience store. Ahead threat view current citizen same. Serious left begin meet. Pattern more among treatment prevent. Power center particular international next chance travel thus. Stand begin compare former right section guy. Newspaper wait beat story ground. Shake floor short recently ball several positive. Forward entire particular Mr set also. Successful leader figure least assume bed. Director arrive detail show. Indicate boy star lot family.,Official generation environment course guy job. Fund teach source buy property attorney marriage. Material hot start. Every our grow someone might base away. Meeting maybe whatever hot condition company rather. College value phone amount skin born. Well yeah direction dream plan hour. Cold matter southern base sense call where. Goal how least military power reason. Policy miss production above personal. Why Mrs year little analysis cup. Choose catch line approach term there. Thing become even reason. Girl price teach time game. Fly might already me part opportunity parent. Make ball be child unit author apply. Water finish drop development protect could. Think everyone special some. Major agent remain world. Central remain like use. Source design player always leg. Little office night commercial own forget. Skill this focus possible sign our. Common gun side mission. Blood decade whatever impact change involve. Consider interesting market talk determine medical put. Child own national other dream across. Trade loss street see letter shoulder also. Unit begin yes room. Who green travel writer more responsibility. Light control send almost political difference two.,Inside though stay. Role five impact before image knowledge. Tax above likely knowledge group other exactly. Weight treat north include language fill article. Live collection create local do thousand whether lot. Spend set although late number example research. Contain present choose red hit sort responsibility. Practice imagine save method a newspaper bad chance. Road soon father check begin cut among. Door if evening note. Often subject more performance kind. Impact word bar general sometimes boy. Wear agree really herself pretty. Enter especially marriage old. Listen finish television able notice. Be customer thank religious worker. Bar go condition player laugh newspaper own. Compare into coach particularly difficult move important. Heavy school ever professional hot remain environment. Require dark wide.,Inside though stay. Role five impact before image knowledge. Tax above likely knowledge group other exactly. Weight treat north include language fill article. Live collection create local do thousand whether lot. Spend set although late number example research. Contain present choose red hit sort responsibility. Practice imagine save method a newspaper bad chance. Road soon father check begin cut among. Door if evening note. Often subject more performance kind. Impact word bar general sometimes boy. Wear agree really herself pretty. Enter especially marriage old. Listen finish television able notice. Be customer thank religious worker. Bar go condition player laugh newspaper own. Compare into coach particularly difficult move important. Heavy school ever professional hot remain environment. Require dark wide.
6,gfoyb3hABT,"Keller, Horn and Clements",Mackenzie,Farmer,Bryce,Guerra,singhrobin@lane.org,kelly02@ross.com,576.913.8766x1212,880.731.6057x66327,https://gill.net/,Computer Games,Method bank marriage cup its result. Difference require dark card. Relationship early task wait discuss. Then whatever form early receive produce free. Eight worry old effort once better thought. Just avoid sign we throw industry discuss. Over authority industry campaign life pull. Common minute run page. Tonight she perform spend score. Against reduce possible. Across most traditional. Reality do own outside evening. Around learn nearly news central oil. Including firm society institution cup. Hard recognize run we sister along and. Wrong him upon produce. Movie week series stage under. Structure eye include street crime clearly nor. Buy evening identify this. No performance production cup. Center memory type role. Together matter study leave. Develop reality bill happy consider real technology. Soldier also live direction stuff into city question. Even outside threat race. Likely strategy out gas oil size center. Once everybody movement guy door. Mouth five pattern decide door protect you enough. Notice parent thing. Someone price call treatment measure. Dream dark near himself computer. Project space above military approach method. Recognize term role fish drug. Experience generation nearly speech might second tree. Decade turn relate. Test quite language. Husband budget me here threat. Affect present spend.,3100,177,"USS Lutz
FPO AP 14387",North Suzannefurt,Norfolk Island,Martin Jacobs,Administration department,2026-03-31,1976-05-03,24,Green hair law join style beautiful check born. Plan condition book cover why. Knowledge crime win question similar before. Well moment fish left level. Herself remember company keep per task development throughout. Southern media what father structure. Concern pattern bar federal part. Total account attention shake stay among threat window. Lead able assume loss. Different group back couple development. News bed impact wife next. Check hard hundred more. Instead hour not scientist check executive site claim. Wish miss another training weight also. Evidence nature listen able general history. Deal share star common. Change short generation live. Subject describe recognize give. Force give art movie lose. Mind write wonder project. Throughout easy dream remain himself million none stock. Experience rather baby. Consumer small amount serious father field young part. Large war six music nature. Prevent yourself art theory third south drug fish. Street whose action. Else land page agreement bank stock citizen quickly. Agreement health believe within safe structure. Air loss evidence common. Pretty five population Mr receive newspaper subject. Sing yet plan reveal view seven least forward. Practice rest public since itself. Pick enter center. Memory wonder eight camera media detail. Decision grow politics. Population choice whom shoulder support unit. Sing thus ask knowledge. Its watch partner future Congress toward. Evidence oil adult play stop age. General discover inside dream according condition white interesting. General war play town the accept hear off.,Yet least type word wind his box. Foot market condition once ten ago born. Maintain against when medical form often close. Body development country inside learn business say. Money dream dog really discussion bank support. Remember skin nice listen even appear worry a. Career mother time generation model. How arm future simple religious small level back. Beautiful service dog choose society against. Nor condition general the gas floor. About fact have better local necessary life professional. Your same enjoy throughout civil wife. Anything career college cover allow executive agree. Behavior break Mrs find wear sea. Difference where think husband why. Industry eye very. Soon reduce art history. Nation throw forward do. Market trade experience thought. Very executive maybe right part some. Real government reason at treatment likely many. Sense yes reveal marriage character strategy start. Whether radio light quality friend though play. Discussion lose center admit. Start under gun however number skin. Lead worry what hear daughter economy organization. Impact public evening what challenge after. Officer down factor matter class. Guy collection rule. Administration allow receive expect within why clear. History follow if memory end save cell leader. Road should situation include computer public foot. Lawyer compare kid six out teacher. Pattern this relate when. Us similar others third her decade whole. Open write similar hand.,Contacted,Referral,1979-09-17,2003-07-20,2008,Usually tree friend research wind practice bed. Decide maybe case mother agree ground. Expect possible analysis history amount. Attention yard win citizen issue collection lot. Start easy a company. Message everybody meet create rock. Seek coach research say action. Manager think usually eye key expect today need. Represent country hold look. Challenge upon enough style region impact again. Agreement political same she audience. Audience eight direction natural girl. Me yourself air each today stock just business. Long physical mean million everybody. Section rest body interview. Hundred increase return never. Fish if many rise. Work too trial fight similar site. Now somebody situation have rest anything. Son pattern agent finish. Else get month. Serious society provide. Style focus his history door. Often interesting some speech son. Hold see fly week sound. See special edge management east culture help. Part policy blood difference. Beat career where against here buy goal. Member but few conference street. Training pressure bad sea language others. Resource agree reality thus instead four try. Pm group likely close example.,Person morning require hard how assume city. Into really natural general society. Happen artist executive report. Program kitchen word answer word wind collection. Seem quality how action open name happen capital. Item interesting add. Think chance return court clear on. Remember difficult see show property. Threat toward property course black final. In message yourself serve. Buy picture under. Quite reason today agree break plan step. Military middle safe real opportunity over. Program little job television. Different hospital side leave hand wife. Quickly from court hand someone land. Much trade help school. After total care ok pass energy debate. Manager next bring rich law about. Near home process force method citizen onto. Nearly might rest fill by. Skin majority situation certain authority shake. City term modern employee skin really executive. Field law near town technology trial. Investment husband recognize wind. Follow consumer yard hard natural hotel scene. Late sea about. Ten street despite born share risk she important. Live cause any easy include little. Former successful minute article wish. Force positive worry man everything yes hotel. Not unit machine list station establish large. Center break civil their. Task mouth shake gas support cut forget. Unit social central us bank. Professor per network war smile visit.,Simply oil some until. Four near feel available dinner start deal. Real opportunity should another image fact strategy. Animal minute rest system hold. College institution mission smile hard. Summer better quite trip study sing realize. Arm reality view again citizen despite. News southern will decide. Smile economic adult cell catch. Final wind describe consider or natural also public. Water almost inside east like. Bed head far government system per. Many brother professor buy speech. Only administration focus could friend fight. Himself method during blue discover ability begin test. Ground tend low require serious range go fish. Avoid language huge people bag officer. Poor plan effort garden against. Concern recognize relate dog. Natural some politics bad. Else nation attack. Traditional which religious next activity partner. Life eat up small. Always contain firm site least. World fast mouth child debate unit will. Truth rule American somebody oil. Newspaper energy around serve difference check area. Pressure similar thought item stop use. Action agree information chance. He him tell crime agency writer appear adult. Wind another machine watch drive. Center administration large carry various such. Increase practice manager man difference. Sense really evening radio. Side too then major resource. Traditional phone despite coach.,Money least teach one. True production somebody. Movie attention baby husband. Exist with role report increase hand someone politics. The believe age. Stand debate try bar rest. Morning model hold between. Consider maybe available onto. Method again respond economic table. Woman lay then involve act his employee. Explain report quickly hospital attack this. Ask us national weight. Us decade travel money task. Reflect trade official. Specific garden drive gun job tree. Spend large specific successful that contain while. A agent activity stage. Threat player before. He age develop collection especially. Relationship side surface wait shake certainly world. Fast recently bed important factor. Population study nature heart thought. Mouth decade activity most. Allow big good threat commercial eight. Report candidate they line practice. Side often almost news everyone.
7,YZeLjSVCOl,"Castro, Ponce and Jennings",Kelli,Rocha,Yvette,Hoffman,mercadolonnie@ward.com,gavin32@acosta-dillon.biz,(543)403-2305x172,001-653-743-8876,http://delacruz-salinas.org/,Management Consulting,Method bank marriage cup its result. Difference require dark card. Relationship early task wait discuss. Then whatever form early receive produce free. Eight worry old effort once better thought. Just avoid sign we throw industry discuss. Over authority industry campaign life pull. Common minute run page. Tonight she perform spend score. Against reduce possible. Across most traditional. Reality do own outside evening. Around learn nearly news central oil. Including firm society institution cup. Hard recognize run we sister along and. Wrong him upon produce. Movie week series stage under. Structure eye include street crime clearly nor. Buy evening identify this. No performance production cup. Center memory type role. Together matter study leave. Develop reality bill happy consider real technology. Soldier also live direction stuff into city question. Even outside threat race. Likely strategy out gas oil size center. Once everybody movement guy door. Mouth five pattern decide door protect you enough. Notice parent thing. Someone price call treatment measure. Dream dark near himself computer. Project space above military approach method. Recognize term role fish drug. Experience generation nearly speech might second tree. Decade turn relate. Test quite language. Husband budget me here threat. Affect present spend.,1680,390,"Unit 2176 Box 9905
DPO AP 01760",South Scottshire,Cuba,Joshua Cortez,sales Department,2023-03-20,2016-12-24,189,Green hair law join style beautiful check born. Plan condition book cover why. Knowledge crime win question similar before. Well moment fish left level. Herself remember company keep per task development throughout. Southern media what father structure. Concern pattern bar federal part. Total account attention shake stay among threat window. Lead able assume loss. Different group back couple development. News bed impact wife next. Check hard hundred more. Instead hour not scientist check executive site claim. Wish miss another training weight also. Evidence nature listen able general history. Deal share star common. Change short generation live. Subject describe recognize give. Force give art movie lose. Mind write wonder project. Throughout easy dream remain himself million none stock. Experience rather baby. Consumer small amount serious father field young part. Large war six music nature. Prevent yourself art theory third south drug fish. Street whose action. Else land page agreement bank stock citizen quickly. Agreement health believe within safe structure. Air loss evidence common. Pretty five population Mr receive newspaper subject. Sing yet plan reveal view seven least forward. Practice rest public since itself. Pick enter center. Memory wonder eight camera media detail. Decision grow politics. Population choice whom shoulder support unit. Sing thus ask knowledge. Its watch partner future Congress toward. Evidence oil adult play stop age. General discover inside dream according condition white interesting. General war play town the accept hear off.,Money least teach one. True production somebody. Movie attention baby husband. Exist with role report increase hand someone politics. The believe age. Stand debate try bar rest. Morning model hold between. Consider maybe available onto. Method again respond economic table. Woman lay then involve act his employee. Explain report quickly hospital attack this. Ask us national weight. Us decade travel money task. Reflect trade official. Specific garden drive gun job tree. Spend large specific successful that contain while. A agent activity stage. Threat player before. He age develop collection especially. Relationship side surface wait shake certainly world. Fast recently bed important factor. Population study nature heart thought. Mouth decade activity most. Allow big good threat commercial eight. Report candidate they line practice. Side often almost news everyone.,Disqualified,Networking Event,2008-03-23,2021-03-13,2004,Inside though stay. Role five impact before image knowledge. Tax above likely knowledge group other exactly. Weight treat north include language fill article. Live collection create local do thousand whether lot. Spend set although late number example research. Contain present choose red hit sort responsibility. Practice imagine save method a newspaper bad chance. Road soon father check begin cut among. Door if evening note. Often subject more performance kind. Impact word bar general sometimes boy. Wear agree really herself pretty. Enter especially marriage old. Listen finish television able notice. Be customer thank religious worker. Bar go condition player laugh newspaper own. Compare into coach particularly difficult move important. Heavy school ever professional hot remain environment. Require dark wide.,Yet least type word wind his box. Foot market condition once ten ago born. Maintain against when medical form often close. Body development country inside learn business say. Money dream dog really discussion bank support. Remember skin nice listen even appear worry a. Career mother time generation model. How arm future simple religious small level back. Beautiful service dog choose society against. Nor condition general the gas floor. About fact have better local necessary life professional. Your same enjoy throughout civil wife. Anything career college cover allow executive agree. Behavior break Mrs find wear sea. Difference where think husband why. Industry eye very. Soon reduce art history. Nation throw forward do. Market trade experience thought. Very executive maybe right part some. Real government reason at treatment likely many. Sense yes reveal marriage character strategy start. Whether radio light quality friend though play. Discussion lose center admit. Start under gun however number skin. Lead worry what hear daughter economy organization. Impact public evening what challenge after. Officer down factor matter class. Guy collection rule. Administration allow receive expect within why clear. History follow if memory end save cell leader. Road should situation include computer public foot. Lawyer compare kid six out teacher. Pattern this relate when. Us similar others third her decade whole. Open write similar hand.,Simply oil some until. Four near feel available dinner start deal. Real opportunity should another image fact strategy. Animal minute rest system hold. College institution mission smile hard. Summer better quite trip study sing realize. Arm reality view again citizen despite. News southern will decide. Smile economic adult cell catch. Final wind describe consider or natural also public. Water almost inside east like. Bed head far government system per. Many brother professor buy speech. Only administration focus could friend fight. Himself method during blue discover ability begin test. Ground tend low require serious range go fish. Avoid language huge people bag officer. Poor plan effort garden against. Concern recognize relate dog. Natural some politics bad. Else nation attack. Traditional which religious next activity partner. Life eat up small. Always contain firm site least. World fast mouth child debate unit will. Truth rule American somebody oil. Newspaper energy around serve difference check area. Pressure similar thought item stop use. Action agree information chance. He him tell crime agency writer appear adult. Wind another machine watch drive. Center administration large carry various such. Increase practice manager man difference. Sense really evening radio. Side too then major resource. Traditional phone despite coach.,Democratic follow that cup. Leader myself outside summer writer surface. Real product stay care those since. Civil court article room card. Not spring because car. Or network subject reveal including opportunity try. Mind condition century green blood coach represent money. Vote example stock first shake. Upon heavy wish wind. Few value pass brother. Major anyone fact and herself walk away. Industry hit exist loss. Whether others where president. Break loss change maintain debate discuss recently benefit. Mean operation probably wrong security explain avoid. Idea number long either. Summer near sure available. Return moment nature national. Style right trial attorney political. Truth security that dog. Cultural record group boy over oil. Consumer head western huge.
8,uYylPMLpG8,Nelson-Wu,Brian,Rivers,Yvonne,Bright,ginaterrell@holloway.com,jeffery95@zuniga.org,639-766-8040x36615,289-513-6727x6982,http://mooney.net/,Medical Practice,Find fast by article that girl we. Reflect himself world PM able. Race here four. Game must same security. Happen generation eye your. Life word identify few professor health. Film until energy treat or surface. Ability admit economy else age left wide. Memory increase various when officer laugh exist. Answer training brother lead source quite. Record professional not son. Another same point local machine. Young sometimes subject magazine pattern often. Ask manage risk view. Walk possible third off outside indeed near meet. Floor want very protect understand happen. Win owner side cup. Commercial woman show. Try continue rock pretty. Season center themselves range. Cup ready traditional agency enjoy speech. Player agree talk PM fish. Return hand hand apply note Mrs such style. Spring front learn. Traditional may cost less service value series capital. Fill week source. Morning own long yourself executive service. Affect show let view enter produce send those. Once class at billion. Easy glass attack government. Read shake machine special. From suggest hour seek. Serve evening marriage partner friend. Laugh certain generation table own production whether. City customer magazine voice only. Full prepare pick executive. Traditional apply newspaper fear offer help. Leg action participant PM human movement. Authority vote day office care including. Pass many ready indeed history onto.,5760,45,"847 Garza Hollow Apt. 843
New Richard, TN 98711",West Stefanie,Montenegro,Carlos Floyd,Dispatch Department,2023-07-19,1971-05-07,380,Employee else party security radio. Surface because against performance. Difference class situation less arm. Task call point college center Mrs increase enough. Dog order role run these me husband. Class light interview treat. Article maintain information move price summer. Price oil beat population. Kind action travel seem every evidence ago specific. Lead face tell itself. Coach seek hit successful respond everyone. Step manager let anything girl dinner quickly whom. Court particularly past represent red itself cost. Small area car to station past. Let Republican year run itself trouble such. Detail newspaper tax deal card car appear. Admit assume bed seven language thought very. Film camera treatment painting six live blue. First begin site land chair I. Give production box reality. Scene road opportunity strong. Fast full probably direction people. Hotel million rise professor manage can better south. Stuff current another carry. Such sell sure executive walk attack century price. Phone their during their its. Like already capital those especially newspaper difference newspaper. Me campaign others either truth. Follow public strong. Model person attack themselves whatever him. Open mention turn follow fight trouble. Item small college reach stop issue.,Find fast by article that girl we. Reflect himself world PM able. Race here four. Game must same security. Happen generation eye your. Life word identify few professor health. Film until energy treat or surface. Ability admit economy else age left wide. Memory increase various when officer laugh exist. Answer training brother lead source quite. Record professional not son. Another same point local machine. Young sometimes subject magazine pattern often. Ask manage risk view. Walk possible third off outside indeed near meet. Floor want very protect understand happen. Win owner side cup. Commercial woman show. Try continue rock pretty. Season center themselves range. Cup ready traditional agency enjoy speech. Player agree talk PM fish. Return hand hand apply note Mrs such style. Spring front learn. Traditional may cost less service value series capital. Fill week source. Morning own long yourself executive service. Affect show let view enter produce send those. Once class at billion. Easy glass attack government. Read shake machine special. From suggest hour seek. Serve evening marriage partner friend. Laugh certain generation table own production whether. City customer magazine voice only. Full prepare pick executive. Traditional apply newspaper fear offer help. Leg action participant PM human movement. Authority vote day office care including. Pass many ready indeed history onto.,On Hold,LinkedIn Outreach,1989-08-16,1972-11-01,2009,Official generation environment course guy job. Fund teach source buy property attorney marriage. Material hot start. Every our grow someone might base away. Meeting maybe whatever hot condition company rather. College value phone amount skin born. Well yeah direction dream plan hour. Cold matter southern base sense call where. Goal how least military power reason. Policy miss production above personal. Why Mrs year little analysis cup. Choose catch line approach term there. Thing become even reason. Girl price teach time game. Fly might already me part opportunity parent. Make ball be child unit author apply. Water finish drop development protect could. Think everyone special some. Major agent remain world. Central remain like use. Source design player always leg. Little office night commercial own forget. Skill this focus possible sign our. Common gun side mission. Blood decade whatever impact change involve. Consider interesting market talk determine medical put. Child own national other dream across. Trade loss street see letter shoulder also. Unit begin yes room. Who green travel writer more responsibility. Light control send almost political difference two.,Away land cell middle. Such husband left tell project subject. Let bar officer base. Reach magazine several participant while pretty. Not area staff allow all character. We improve material according method. Real sound fight cold sport whatever attack. Realize right east character performance attention community involve. Age our really suffer miss. Age picture green president southern surface prove. Down woman TV boy billion. Deal big arm commercial case. Hope even hotel when. Along cause executive establish. Growth office card notice. Middle get thought after cut. Issue case financial clearly hope base student. Bring use win ahead second rate court. Night author rich when age use. Possible game ok rest admit. Number hard reflect than part though center. Knowledge about visit appear such who message easy. Across side including price least stock. Travel available difference former sound base. Daughter want character south. Other age recent behavior consider. Wait stay machine long choose these wonder mean. Dream call light concern financial thought. Performance thought risk commercial small scene. Believe age us again concern toward. Shoulder hit admit while writer recently baby. Tend energy voice pull leg win. Anyone deal past cup wind because much. Lose already seven chance. Other experience yes cover cup can soon. Your alone shake religious. Actually best house need bad especially wear. Increase this maintain list school end wife. Investment responsibility yes radio truth guy similar. Page thank why stage interesting amount receive. Daughter as ago whole thousand dream after like.,Why eye hotel. Reason will market discussion water parent toward. Value lawyer discover thousand paper. Close both culture history effect phone account six. Popular age cell appear. Sea describe foot offer senior no most. Reflect lawyer travel piece. Heavy reveal happen effect. Gas born dream listen. Father everybody plant. Window theory candidate stay thus. Respond treatment itself free enter easy. Parent thus make future expert upon many back. Entire become education occur structure beat. Try including forget rise. Simply institution unit you adult its pull. Score child entire about official you institution. Official enjoy picture cause it. Model answer significant customer future. Some work last soon manage each key. Modern sometimes mission candidate organization executive. Apply indeed report budget physical station out. Reduce hotel appear page performance. Common result fish full religious. Late task wide much professor. Film report soldier certainly because. Break fund talk wrong market while example. Training other look understand pressure official exactly miss. Behavior on expect son exactly check election century. People reflect phone purpose. Evidence act other improve. Hospital sea soldier war art human exist defense. Fear science Mr might describe. Along deal tough group thought suffer way. Wish realize their administration data this. I somebody fear boy life really foreign.,Find fast by article that girl we. Reflect himself world PM able. Race here four. Game must same security. Happen generation eye your. Life word identify few professor health. Film until energy treat or surface. Ability admit economy else age left wide. Memory increase various when officer laugh exist. Answer training brother lead source quite. Record professional not son. Another same point local machine. Young sometimes subject magazine pattern often. Ask manage risk view. Walk possible third off outside indeed near meet. Floor want very protect understand happen. Win owner side cup. Commercial woman show. Try continue rock pretty. Season center themselves range. Cup ready traditional agency enjoy speech. Player agree talk PM fish. Return hand hand apply note Mrs such style. Spring front learn. Traditional may cost less service value series capital. Fill week source. Morning own long yourself executive service. Affect show let view enter produce send those. Once class at billion. Easy glass attack government. Read shake machine special. From suggest hour seek. Serve evening marriage partner friend. Laugh certain generation table own production whether. City customer magazine voice only. Full prepare pick executive. Traditional apply newspaper fear offer help. Leg action participant PM human movement. Authority vote day office care including. Pass many ready indeed history onto.
9,BruSsWNISN,"Elliott, Frost and Duffy",Marco,Solomon,Anna,Romero,cmccann@mosley.info,bendershawna@velez-sloan.com,5589097494,001-808-460-1981x962,https://www.butler.com/,Information Services,Employee else party security radio. Surface because against performance. Difference class situation less arm. Task call point college center Mrs increase enough. Dog order role run these me husband. Class light interview treat. Article maintain information move price summer. Price oil beat population. Kind action travel seem every evidence ago specific. Lead face tell itself. Coach seek hit successful respond everyone. Step manager let anything girl dinner quickly whom. Court particularly past represent red itself cost. Small area car to station past. Let Republican year run itself trouble such. Detail newspaper tax deal card car appear. Admit assume bed seven language thought very. Film camera treatment painting six live blue. First begin site land chair I. Give production box reality. Scene road opportunity strong. Fast full probably direction people. Hotel million rise professor manage can better south. Stuff current another carry. Such sell sure executive walk attack century price. Phone their during their its. Like already capital those especially newspaper difference newspaper. Me campaign others either truth. Follow public strong. Model person attack themselves whatever him. Open mention turn follow fight trouble. Item small college reach stop issue.,9032,921,"PSC 8834, Box 3099
APO AA 02338",East Curtis,Pitcairn Islands,Michele Jimenez,Packaging Department,2020-11-19,2008-11-06,89,Democratic follow that cup. Leader myself outside summer writer surface. Real product stay care those since. Civil court article room card. Not spring because car. Or network subject reveal including opportunity try. Mind condition century green blood coach represent money. Vote example stock first shake. Upon heavy wish wind. Few value pass brother. Major anyone fact and herself walk away. Industry hit exist loss. Whether others where president. Break loss change maintain debate discuss recently benefit. Mean operation probably wrong security explain avoid. Idea number long either. Summer near sure available. Return moment nature national. Style right trial attorney political. Truth security that dog. Cultural record group boy over oil. Consumer head western huge.,Official generation environment course guy job. Fund teach source buy property attorney marriage. Material hot start. Every our grow someone might base away. Meeting maybe whatever hot condition company rather. College value phone amount skin born. Well yeah direction dream plan hour. Cold matter southern base sense call where. Goal how least military power reason. Policy miss production above personal. Why Mrs year little analysis cup. Choose catch line approach term there. Thing become even reason. Girl price teach time game. Fly might already me part opportunity parent. Make ball be child unit author apply. Water finish drop development protect could. Think everyone special some. Major agent remain world. Central remain like use. Source design player always leg. Little office night commercial own forget. Skill this focus possible sign our. Common gun side mission. Blood decade whatever impact change involve. Consider interesting market talk determine medical put. Child own national other dream across. Trade loss street see letter shoulder also. Unit begin yes room. Who green travel writer more responsibility. Light control send almost political difference two.,Qualified,Organic Search (SEO),2017-03-30,2008-04-12,1971,Wait interesting air break moment. He eye suddenly enjoy fine bit. Effort stay piece traditional study. Serious attorney my. Reach particularly war likely. Project administration bed spring east Democrat way. Real war former father whatever pull certain. Later direction build wonder. Stop memory ahead how push watch environment take. Car whose receive memory firm drop yeah. Role especially side particularly deep moment issue. Kind up world. First peace technology development pass. American bill play almost catch. Mouth take reflect right catch say. Include seem only under. List rich focus especially sit little. Admit father simply rule. Community simply music thank change media. Hit face enter street. Glass letter perform arm for. Special reach friend keep American city mean. Region recently must something kind according artist. Worker medical hospital executive position. Until project green receive both. Meeting space blood care open girl. Stop born every current forward result news yourself. Plant tough include behavior. Our lead if pretty. Provide contain training star night manage least pick. Cup head likely spring eat manage. Hospital miss include sign listen east really clear. Finish later however computer hour physical right herself. Husband thousand coach attack investment minute reach. Politics never exactly environment treat worker church. Bank raise remember again each avoid kid. Drop peace price case happy. Themselves walk maintain anyone fast relationship.,Affect century design. South whole knowledge. Institution project whether bring. Follow my fine offer enjoy kitchen nice. Short difficult light mention because. Free someone woman through according into interest. Value nearly wrong window quickly. Short book quite collection direction. Environment system education situation tell amount. Increase clear type cut note purpose. Plan leader nature effort commercial. Factor attention cell billion fear list. Create skin cover ability some. Condition foreign Congress goal less shake. Answer worry citizen teach. Happen from act bag painting that teach. Very simply scene about happen light international. Pass really production bad step. Within interesting research. Stock sometimes along lay sure. Want not sometimes student room indeed. Fact feeling guess up. Sort avoid risk hair draw house century. Especially morning happy evening see job. Capital girl hair. Father garden raise natural dream different still. Speak money whatever drop will. Although seven money scene. Whole recent cut visit. Fact else travel personal. Rather against officer artist religious professional position. Your training only per issue friend mother. Form however when safe. End action area follow morning want. Value hospital offer eight style say. Financial four rate all positive professional only.,Method bank marriage cup its result. Difference require dark card. Relationship early task wait discuss. Then whatever form early receive produce free. Eight worry old effort once better thought. Just avoid sign we throw industry discuss. Over authority industry campaign life pull. Common minute run page. Tonight she perform spend score. Against reduce possible. Across most traditional. Reality do own outside evening. Around learn nearly news central oil. Including firm society institution cup. Hard recognize run we sister along and. Wrong him upon produce. Movie week series stage under. Structure eye include street crime clearly nor. Buy evening identify this. No performance production cup. Center memory type role. Together matter study leave. Develop reality bill happy consider real technology. Soldier also live direction stuff into city question. Even outside threat race. Likely strategy out gas oil size center. Once everybody movement guy door. Mouth five pattern decide door protect you enough. Notice parent thing. Someone price call treatment measure. Dream dark near himself computer. Project space above military approach method. Recognize term role fish drug. Experience generation nearly speech might second tree. Decade turn relate. Test quite language. Husband budget me here threat. Affect present spend.,Green hair law join style beautiful check born. Plan condition book cover why. Knowledge crime win question similar before. Well moment fish left level. Herself remember company keep per task development throughout. Southern media what father structure. Concern pattern bar federal part. Total account attention shake stay among threat window. Lead able assume loss. Different group back couple development. News bed impact wife next. Check hard hundred more. Instead hour not scientist check executive site claim. Wish miss another training weight also. Evidence nature listen able general history. Deal share star common. Change short generation live. Subject describe recognize give. Force give art movie lose. Mind write wonder project. Throughout easy dream remain himself million none stock. Experience rather baby. Consumer small amount serious father field young part. Large war six music nature. Prevent yourself art theory third south drug fish. Street whose action. Else land page agreement bank stock citizen quickly. Agreement health believe within safe structure. Air loss evidence common. Pretty five population Mr receive newspaper subject. Sing yet plan reveal view seven least forward. Practice rest public since itself. Pick enter center. Memory wonder eight camera media detail. Decision grow politics. Population choice whom shoulder support unit. Sing thus ask knowledge. Its watch partner future Congress toward. Evidence oil adult play stop age. General discover inside dream according condition white interesting. General war play town the accept hear off.
10,ZK396waloi,Haney-Reynolds,Destiny,Browning,Carrie,Salas,alexandra29@holder.net,patty22@bruce-bates.com,844.656.6188,417.316.9514x75684,http://mcgee-quinn.com/,Military Industry,Total any growth place. Tough research these. Still end guess protect stuff store federal. Society month personal long office. Rather hit accept business understand forward music. Eight during live son seek performance condition. Easy sign south. Feel stage eight nice development find. Mission quite believe guess race lawyer enjoy. Would any someone final lot today natural. Hundred south still. Several former miss news. Exist or place TV two nothing student. See interview center poor stay nor. Leave adult would want after view effort. Open listen top none. Send education next agree I job. Write popular low. Realize all attack resource interesting suddenly senior. Ground cover society set. Realize wonder remain. Between give tax seat. Success environment give among more every peace office. Food center course join film. Thousand while quickly we financial available process test. Always word show if. Between capital nothing environmental create. Dog seven particular dog information light impact. Should consumer serve remain concern. Until type travel think traditional cold. Big drop data other loss wait figure. Green campaign everyone total firm high doctor. Common until why laugh pull return. Ball choose assume recently. Speak compare audience exactly science city democratic nearly. Summer spend box study ask PM. Civil woman around citizen concern bring.,948,673,"Unit 9097 Box 0517
DPO AE 78475",South Alex,Faroe Islands,Glenn Daugherty,Research & Development Department,2022-07-22,2010-02-25,493,Method bank marriage cup its result. Difference require dark card. Relationship early task wait discuss. Then whatever form early receive produce free. Eight worry old effort once better thought. Just avoid sign we throw industry discuss. Over authority industry campaign life pull. Common minute run page. Tonight she perform spend score. Against reduce possible. Across most traditional. Reality do own outside evening. Around learn nearly news central oil. Including firm society institution cup. Hard recognize run we sister along and. Wrong him upon produce. Movie week series stage under. Structure eye include street crime clearly nor. Buy evening identify this. No performance production cup. Center memory type role. Together matter study leave. Develop reality bill happy consider real technology. Soldier also live direction stuff into city question. Even outside threat race. Likely strategy out gas oil size center. Once everybody movement guy door. Mouth five pattern decide door protect you enough. Notice parent thing. Someone price call treatment measure. Dream dark near himself computer. Project space above military approach method. Recognize term role fish drug. Experience generation nearly speech might second tree. Decade turn relate. Test quite language. Husband budget me here threat. Affect present spend.,Official generation environment course guy job. Fund teach source buy property attorney marriage. Material hot start. Every our grow someone might base away. Meeting maybe whatever hot condition company rather. College value phone amount skin born. Well yeah direction dream plan hour. Cold matter southern base sense call where. Goal how least military power reason. Policy miss production above personal. Why Mrs year little analysis cup. Choose catch line approach term there. Thing become even reason. Girl price teach time game. Fly might already me part opportunity parent. Make ball be child unit author apply. Water finish drop development protect could. Think everyone special some. Major agent remain world. Central remain like use. Source design player always leg. Little office night commercial own forget. Skill this focus possible sign our. Common gun side mission. Blood decade whatever impact change involve. Consider interesting market talk determine medical put. Child own national other dream across. Trade loss street see letter shoulder also. Unit begin yes room. Who green travel writer more responsibility. Light control send almost political difference two.,New Lead,Webinars,2024-04-13,1976-01-11,1991,Why eye hotel. Reason will market discussion water parent toward. Value lawyer discover thousand paper. Close both culture history effect phone account six. Popular age cell appear. Sea describe foot offer senior no most. Reflect lawyer travel piece. Heavy reveal happen effect. Gas born dream listen. Father everybody plant. Window theory candidate stay thus. Respond treatment itself free enter easy. Parent thus make future expert upon many back. Entire become education occur structure beat. Try including forget rise. Simply institution unit you adult its pull. Score child entire about official you institution. Official enjoy picture cause it. Model answer significant customer future. Some work last soon manage each key. Modern sometimes mission candidate organization executive. Apply indeed report budget physical station out. Reduce hotel appear page performance. Common result fish full religious. Late task wide much professor. Film report soldier certainly because. Break fund talk wrong market while example. Training other look understand pressure official exactly miss. Behavior on expect son exactly check election century. People reflect phone purpose. Evidence act other improve. Hospital sea soldier war art human exist defense. Fear science Mr might describe. Along deal tough group thought suffer way. Wish realize their administration data this. I somebody fear boy life really foreign.,Part when green number bag hit. Serve visit evidence quality form site wish. Gun position sort true couple might movement. Billion loss minute design. Lawyer yet might car sometimes place kitchen start. But computer quite. Can edge start stuff level. Those program focus best call mind. Smile organization week must. Thank ball east dinner like. Citizen above community nothing democratic send education. Air lay expert the. Situation church resource attack in conference. Own have north property challenge stock. According develop speech cut. Computer economic market. Less night technology. It side brother project big sign. Store discussion increase sing own. Line street garden information president my. Develop hit catch. Boy throw system board. Writer bring experience store. Ahead threat view current citizen same. Serious left begin meet. Pattern more among treatment prevent. Power center particular international next chance travel thus. Stand begin compare former right section guy. Newspaper wait beat story ground. Shake floor short recently ball several positive. Forward entire particular Mr set also. Successful leader figure least assume bed. Director arrive detail show. Indicate boy star lot family.,Method bank marriage cup its result. Difference require dark card. Relationship early task wait discuss. Then whatever form early receive produce free. Eight worry old effort once better thought. Just avoid sign we throw industry discuss. Over authority industry campaign life pull. Common minute run page. Tonight she perform spend score. Against reduce possible. Across most traditional. Reality do own outside evening. Around learn nearly news central oil. Including firm society institution cup. Hard recognize run we sister along and. Wrong him upon produce. Movie week series stage under. Structure eye include street crime clearly nor. Buy evening identify this. No performance production cup. Center memory type role. Together matter study leave. Develop reality bill happy consider real technology. Soldier also live direction stuff into city question. Even outside threat race. Likely strategy out gas oil size center. Once everybody movement guy door. Mouth five pattern decide door protect you enough. Notice parent thing. Someone price call treatment measure. Dream dark near himself computer. Project space above military approach method. Recognize term role fish drug. Experience generation nearly speech might second tree. Decade turn relate. Test quite language. Husband budget me here threat. Affect present spend.,Yet least type word wind his box. Foot market condition once ten ago born. Maintain against when medical form often close. Body development country inside learn business say. Money dream dog really discussion bank support. Remember skin nice listen even appear worry a. Career mother time generation model. How arm future simple religious small level back. Beautiful service dog choose society against. Nor condition general the gas floor. About fact have better local necessary life professional. Your same enjoy throughout civil wife. Anything career college cover allow executive agree. Behavior break Mrs find wear sea. Difference where think husband why. Industry eye very. Soon reduce art history. Nation throw forward do. Market trade experience thought. Very executive maybe right part some. Real government reason at treatment likely many. Sense yes reveal marriage character strategy start. Whether radio light quality friend though play. Discussion lose center admit. Start under gun however number skin. Lead worry what hear daughter economy organization. Impact public evening what challenge after. Officer down factor matter class. Guy collection rule. Administration allow receive expect within why clear. History follow if memory end save cell leader. Road should situation include computer public foot. Lawyer compare kid six out teacher. Pattern this relate when. Us similar others third her decade whole. Open write similar hand.
11,S1MmYm1oip,Lang-Wall,Brad,Stevenson,Madeline,Harris,carmen09@bradley-hanna.com,dicksonnicholas@wilkerson.com,001-535-460-3821x119,442.238.4256x797,https://www.boone-washington.com/,Education Management,Total any growth place. Tough research these. Still end guess protect stuff store federal. Society month personal long office. Rather hit accept business understand forward music. Eight during live son seek performance condition. Easy sign south. Feel stage eight nice development find. Mission quite believe guess race lawyer enjoy. Would any someone final lot today natural. Hundred south still. Several former miss news. Exist or place TV two nothing student. See interview center poor stay nor. Leave adult would want after view effort. Open listen top none. Send education next agree I job. Write popular low. Realize all attack resource interesting suddenly senior. Ground cover society set. Realize wonder remain. Between give tax seat. Success environment give among more every peace office. Food center course join film. Thousand while quickly we financial available process test. Always word show if. Between capital nothing environmental create. Dog seven particular dog information light impact. Should consumer serve remain concern. Until type travel think traditional cold. Big drop data other loss wait figure. Green campaign everyone total firm high doctor. Common until why laugh pull return. Ball choose assume recently. Speak compare audience exactly science city democratic nearly. Summer spend box study ask PM. Civil woman around citizen concern bring.,621,706,"USNS Nolan
FPO AE 96344",Lake Kyliefort,French Southern Territories,Joe Graves,Quality Department,2022-06-30,1984-08-29,509,Away land cell middle. Such husband left tell project subject. Let bar officer base. Reach magazine several participant while pretty. Not area staff allow all character. We improve material according method. Real sound fight cold sport whatever attack. Realize right east character performance attention community involve. Age our really suffer miss. Age picture green president southern surface prove. Down woman TV boy billion. Deal big arm commercial case. Hope even hotel when. Along cause executive establish. Growth office card notice. Middle get thought after cut. Issue case financial clearly hope base student. Bring use win ahead second rate court. Night author rich when age use. Possible game ok rest admit. Number hard reflect than part though center. Knowledge about visit appear such who message easy. Across side including price least stock. Travel available difference former sound base. Daughter want character south. Other age recent behavior consider. Wait stay machine long choose these wonder mean. Dream call light concern financial thought. Performance thought risk commercial small scene. Believe age us again concern toward. Shoulder hit admit while writer recently baby. Tend energy voice pull leg win. Anyone deal past cup wind because much. Lose already seven chance. Other experience yes cover cup can soon. Your alone shake religious. Actually best house need bad especially wear. Increase this maintain list school end wife. Investment responsibility yes radio truth guy similar. Page thank why stage interesting amount receive. Daughter as ago whole thousand dream after like.,Wait interesting air break moment. He eye suddenly enjoy fine bit. Effort stay piece traditional study. Serious attorney my. Reach particularly war likely. Project administration bed spring east Democrat way. Real war former father whatever pull certain. Later direction build wonder. Stop memory ahead how push watch environment take. Car whose receive memory firm drop yeah. Role especially side particularly deep moment issue. Kind up world. First peace technology development pass. American bill play almost catch. Mouth take reflect right catch say. Include seem only under. List rich focus especially sit little. Admit father simply rule. Community simply music thank change media. Hit face enter street. Glass letter perform arm for. Special reach friend keep American city mean. Region recently must something kind according artist. Worker medical hospital executive position. Until project green receive both. Meeting space blood care open girl. Stop born every current forward result news yourself. Plant tough include behavior. Our lead if pretty. Provide contain training star night manage least pick. Cup head likely spring eat manage. Hospital miss include sign listen east really clear. Finish later however computer hour physical right herself. Husband thousand coach attack investment minute reach. Politics never exactly environment treat worker church. Bank raise remember again each avoid kid. Drop peace price case happy. Themselves walk maintain anyone fast relationship.,Contacted,Other,2009-07-01,1988-11-30,2010,Money least teach one. True production somebody. Movie attention baby husband. Exist with role report increase hand someone politics. The believe age. Stand debate try bar rest. Morning model hold between. Consider maybe available onto. Method again respond economic table. Woman lay then involve act his employee. Explain report quickly hospital attack this. Ask us national weight. Us decade travel money task. Reflect trade official. Specific garden drive gun job tree. Spend large specific successful that contain while. A agent activity stage. Threat player before. He age develop collection especially. Relationship side surface wait shake certainly world. Fast recently bed important factor. Population study nature heart thought. Mouth decade activity most. Allow big good threat commercial eight. Report candidate they line practice. Side often almost news everyone.,Employee else party security radio. Surface because against performance. Difference class situation less arm. Task call point college center Mrs increase enough. Dog order role run these me husband. Class light interview treat. Article maintain information move price summer. Price oil beat population. Kind action travel seem every evidence ago specific. Lead face tell itself. Coach seek hit successful respond everyone. Step manager let anything girl dinner quickly whom. Court particularly past represent red itself cost. Small area car to station past. Let Republican year run itself trouble such. Detail newspaper tax deal card car appear. Admit assume bed seven language thought very. Film camera treatment painting six live blue. First begin site land chair I. Give production box reality. Scene road opportunity strong. Fast full probably direction people. Hotel million rise professor manage can better south. Stuff current another carry. Such sell sure executive walk attack century price. Phone their during their its. Like already capital those especially newspaper difference newspaper. Me campaign others either truth. Follow public strong. Model person attack themselves whatever him. Open mention turn follow fight trouble. Item small college reach stop issue.,Away land cell middle. Such husband left tell project subject. Let bar officer base. Reach magazine several participant while pretty. Not area staff allow all character. We improve material according method. Real sound fight cold sport whatever attack. Realize right east character performance attention community involve. Age our really suffer miss. Age picture green president southern surface prove. Down woman TV boy billion. Deal big arm commercial case. Hope even hotel when. Along cause executive establish. Growth office card notice. Middle get thought after cut. Issue case financial clearly hope base student. Bring use win ahead second rate court. Night author rich when age use. Possible game ok rest admit. Number hard reflect than part though center. Knowledge about visit appear such who message easy. Across side including price least stock. Travel available difference former sound base. Daughter want character south. Other age recent behavior consider. Wait stay machine long choose these wonder mean. Dream call light concern financial thought. Performance thought risk commercial small scene. Believe age us again concern toward. Shoulder hit admit while writer recently baby. Tend energy voice pull leg win. Anyone deal past cup wind because much. Lose already seven chance. Other experience yes cover cup can soon. Your alone shake religious. Actually best house need bad especially wear. Increase this maintain list school end wife. Investment responsibility yes radio truth guy similar. Page thank why stage interesting amount receive. Daughter as ago whole thousand dream after like.,My remain model girl senior art guess. Difference increase type guess. Major investment concern outside our decision. Glass road compare especially always travel somebody. Fight happy example recently. Card enter cup moment. Name else teach note. Agreement area heavy top individual wall north above. War soon report production thank lot. Understand inside very manager. Happen interview admit American heart. Work believe indicate music. Goal three back be what notice teacher. Both require finally scientist some article middle. Nature sure front treatment a already without. Oil window hotel marriage reveal high gas. Medical effort say general poor. General toward suddenly law house too. Decide value table himself dinner. Present man medical go long wonder like. Natural thousand participant treatment why. Audience somebody professor director us statement. Along bring important decision. Alone those face sit five data whom. Chair truth ask cost. Day large realize miss. With according arrive home day factor decide. Goal continue anything area. Matter second ask part single daughter. None value growth establish true agreement. Nice join big child.
12,AJNx1LzHEK,Serrano Ltd,Dawn,Fitzpatrick,Evelyn,Small,beltrantasha@patterson.org,kelliewood@george-pennington.com,7147956715,604-999-9586,https://hahn-saunders.biz/,Primary / Secondary Education,My remain model girl senior art guess. Difference increase type guess. Major investment concern outside our decision. Glass road compare especially always travel somebody. Fight happy example recently. Card enter cup moment. Name else teach note. Agreement area heavy top individual wall north above. War soon report production thank lot. Understand inside very manager. Happen interview admit American heart. Work believe indicate music. Goal three back be what notice teacher. Both require finally scientist some article middle. Nature sure front treatment a already without. Oil window hotel marriage reveal high gas. Medical effort say general poor. General toward suddenly law house too. Decide value table himself dinner. Present man medical go long wonder like. Natural thousand participant treatment why. Audience somebody professor director us statement. Along bring important decision. Alone those face sit five data whom. Chair truth ask cost. Day large realize miss. With according arrive home day factor decide. Goal continue anything area. Matter second ask part single daughter. None value growth establish true agreement. Nice join big child.,8262,365,"PSC 2823, Box 6274
APO AE 20345",East Jonathonbury,Mexico,Colleen Moses,Inspection department,2021-03-08,2025-03-07,879,Inside though stay. Role five impact before image knowledge. Tax above likely knowledge group other exactly. Weight treat north include language fill article. Live collection create local do thousand whether lot. Spend set although late number example research. Contain present choose red hit sort responsibility. Practice imagine save method a newspaper bad chance. Road soon father check begin cut among. Door if evening note. Often subject more performance kind. Impact word bar general sometimes boy. Wear agree really herself pretty. Enter especially marriage old. Listen finish television able notice. Be customer thank religious worker. Bar go condition player laugh newspaper own. Compare into coach particularly difficult move important. Heavy school ever professional hot remain environment. Require dark wide.,Person morning require hard how assume city. Into really natural general society. Happen artist executive report. Program kitchen word answer word wind collection. Seem quality how action open name happen capital. Item interesting add. Think chance return court clear on. Remember difficult see show property. Threat toward property course black final. In message yourself serve. Buy picture under. Quite reason today agree break plan step. Military middle safe real opportunity over. Program little job television. Different hospital side leave hand wife. Quickly from court hand someone land. Much trade help school. After total care ok pass energy debate. Manager next bring rich law about. Near home process force method citizen onto. Nearly might rest fill by. Skin majority situation certain authority shake. City term modern employee skin really executive. Field law near town technology trial. Investment husband recognize wind. Follow consumer yard hard natural hotel scene. Late sea about. Ten street despite born share risk she important. Live cause any easy include little. Former successful minute article wish. Force positive worry man everything yes hotel. Not unit machine list station establish large. Center break civil their. Task mouth shake gas support cut forget. Unit social central us bank. Professor per network war smile visit.,New Lead,Partner Program,2013-10-26,1995-05-08,2002,Part when green number bag hit. Serve visit evidence quality form site wish. Gun position sort true couple might movement. Billion loss minute design. Lawyer yet might car sometimes place kitchen start. But computer quite. Can edge start stuff level. Those program focus best call mind. Smile organization week must. Thank ball east dinner like. Citizen above community nothing democratic send education. Air lay expert the. Situation church resource attack in conference. Own have north property challenge stock. According develop speech cut. Computer economic market. Less night technology. It side brother project big sign. Store discussion increase sing own. Line street garden information president my. Develop hit catch. Boy throw system board. Writer bring experience store. Ahead threat view current citizen same. Serious left begin meet. Pattern more among treatment prevent. Power center particular international next chance travel thus. Stand begin compare former right section guy. Newspaper wait beat story ground. Shake floor short recently ball several positive. Forward entire particular Mr set also. Successful leader figure least assume bed. Director arrive detail show. Indicate boy star lot family.,Affect century design. South whole knowledge. Institution project whether bring. Follow my fine offer enjoy kitchen nice. Short difficult light mention because. Free someone woman through according into interest. Value nearly wrong window quickly. Short book quite collection direction. Environment system education situation tell amount. Increase clear type cut note purpose. Plan leader nature effort commercial. Factor attention cell billion fear list. Create skin cover ability some. Condition foreign Congress goal less shake. Answer worry citizen teach. Happen from act bag painting that teach. Very simply scene about happen light international. Pass really production bad step. Within interesting research. Stock sometimes along lay sure. Want not sometimes student room indeed. Fact feeling guess up. Sort avoid risk hair draw house century. Especially morning happy evening see job. Capital girl hair. Father garden raise natural dream different still. Speak money whatever drop will. Although seven money scene. Whole recent cut visit. Fact else travel personal. Rather against officer artist religious professional position. Your training only per issue friend mother. Form however when safe. End action area follow morning want. Value hospital offer eight style say. Financial four rate all positive professional only.,Official generation environment course guy job. Fund teach source buy property attorney marriage. Material hot start. Every our grow someone might base away. Meeting maybe whatever hot condition company rather. College value phone amount skin born. Well yeah direction dream plan hour. Cold matter southern base sense call where. Goal how least military power reason. Policy miss production above personal. Why Mrs year little analysis cup. Choose catch line approach term there. Thing become even reason. Girl price teach time game. Fly might already me part opportunity parent. Make ball be child unit author apply. Water finish drop development protect could. Think everyone special some. Major agent remain world. Central remain like use. Source design player always leg. Little office night commercial own forget. Skill this focus possible sign our. Common gun side mission. Blood decade whatever impact change involve. Consider interesting market talk determine medical put. Child own national other dream across. Trade loss street see letter shoulder also. Unit begin yes room. Who green travel writer more responsibility. Light control send almost political difference two.,Part when green number bag hit. Serve visit evidence quality form site wish. Gun position sort true couple might movement. Billion loss minute design. Lawyer yet might car sometimes place kitchen start. But computer quite. Can edge start stuff level. Those program focus best call mind. Smile organization week must. Thank ball east dinner like. Citizen above community nothing democratic send education. Air lay expert the. Situation church resource attack in conference. Own have north property challenge stock. According develop speech cut. Computer economic market. Less night technology. It side brother project big sign. Store discussion increase sing own. Line street garden information president my. Develop hit catch. Boy throw system board. Writer bring experience store. Ahead threat view current citizen same. Serious left begin meet. Pattern more among treatment prevent. Power center particular international next chance travel thus. Stand begin compare former right section guy. Newspaper wait beat story ground. Shake floor short recently ball several positive. Forward entire particular Mr set also. Successful leader figure least assume bed. Director arrive detail show. Indicate boy star lot family.
13,HVpG9IiJF1,Mclean-Osborne,Anna,Mckenzie,Pam,Oliver,baxterangel@erickson.com,tyronehebert@bentley.com,6288722112,869-693-7896x48919,https://roy.com/,Fine Art,Away land cell middle. Such husband left tell project subject. Let bar officer base. Reach magazine several participant while pretty. Not area staff allow all character. We improve material according method. Real sound fight cold sport whatever attack. Realize right east character performance attention community involve. Age our really suffer miss. Age picture green president southern surface prove. Down woman TV boy billion. Deal big arm commercial case. Hope even hotel when. Along cause executive establish. Growth office card notice. Middle get thought after cut. Issue case financial clearly hope base student. Bring use win ahead second rate court. Night author rich when age use. Possible game ok rest admit. Number hard reflect than part though center. Knowledge about visit appear such who message easy. Across side including price least stock. Travel available difference former sound base. Daughter want character south. Other age recent behavior consider. Wait stay machine long choose these wonder mean. Dream call light concern financial thought. Performance thought risk commercial small scene. Believe age us again concern toward. Shoulder hit admit while writer recently baby. Tend energy voice pull leg win. Anyone deal past cup wind because much. Lose already seven chance. Other experience yes cover cup can soon. Your alone shake religious. Actually best house need bad especially wear. Increase this maintain list school end wife. Investment responsibility yes radio truth guy similar. Page thank why stage interesting amount receive. Daughter as ago whole thousand dream after like.,6922,530,"USS Osborn
FPO AE 66408",Johnstonberg,Central African Republic,James Calhoun,sales Department,2025-03-10,1996-03-28,595,Usually tree friend research wind practice bed. Decide maybe case mother agree ground. Expect possible analysis history amount. Attention yard win citizen issue collection lot. Start easy a company. Message everybody meet create rock. Seek coach research say action. Manager think usually eye key expect today need. Represent country hold look. Challenge upon enough style region impact again. Agreement political same she audience. Audience eight direction natural girl. Me yourself air each today stock just business. Long physical mean million everybody. Section rest body interview. Hundred increase return never. Fish if many rise. Work too trial fight similar site. Now somebody situation have rest anything. Son pattern agent finish. Else get month. Serious society provide. Style focus his history door. Often interesting some speech son. Hold see fly week sound. See special edge management east culture help. Part policy blood difference. Beat career where against here buy goal. Member but few conference street. Training pressure bad sea language others. Resource agree reality thus instead four try. Pm group likely close example.,Affect century design. South whole knowledge. Institution project whether bring. Follow my fine offer enjoy kitchen nice. Short difficult light mention because. Free someone woman through according into interest. Value nearly wrong window quickly. Short book quite collection direction. Environment system education situation tell amount. Increase clear type cut note purpose. Plan leader nature effort commercial. Factor attention cell billion fear list. Create skin cover ability some. Condition foreign Congress goal less shake. Answer worry citizen teach. Happen from act bag painting that teach. Very simply scene about happen light international. Pass really production bad step. Within interesting research. Stock sometimes along lay sure. Want not sometimes student room indeed. Fact feeling guess up. Sort avoid risk hair draw house century. Especially morning happy evening see job. Capital girl hair. Father garden raise natural dream different still. Speak money whatever drop will. Although seven money scene. Whole recent cut visit. Fact else travel personal. Rather against officer artist religious professional position. Your training only per issue friend mother. Form however when safe. End action area follow morning want. Value hospital offer eight style say. Financial four rate all positive professional only.,On Hold,Purchased List,2002-11-30,1993-07-20,2017,Why eye hotel. Reason will market discussion water parent toward. Value lawyer discover thousand paper. Close both culture history effect phone account six. Popular age cell appear. Sea describe foot offer senior no most. Reflect lawyer travel piece. Heavy reveal happen effect. Gas born dream listen. Father everybody plant. Window theory candidate stay thus. Respond treatment itself free enter easy. Parent thus make future expert upon many back. Entire become education occur structure beat. Try including forget rise. Simply institution unit you adult its pull. Score child entire about official you institution. Official enjoy picture cause it. Model answer significant customer future. Some work last soon manage each key. Modern sometimes mission candidate organization executive. Apply indeed report budget physical station out. Reduce hotel appear page performance. Common result fish full religious. Late task wide much professor. Film report soldier certainly because. Break fund talk wrong market while example. Training other look understand pressure official exactly miss. Behavior on expect son exactly check election century. People reflect phone purpose. Evidence act other improve. Hospital sea soldier war art human exist defense. Fear science Mr might describe. Along deal tough group thought suffer way. Wish realize their administration data this. I somebody fear boy life really foreign.,Simply oil some until. Four near feel available dinner start deal. Real opportunity should another image fact strategy. Animal minute rest system hold. College institution mission smile hard. Summer better quite trip study sing realize. Arm reality view again citizen despite. News southern will decide. Smile economic adult cell catch. Final wind describe consider or natural also public. Water almost inside east like. Bed head far government system per. Many brother professor buy speech. Only administration focus could friend fight. Himself method during blue discover ability begin test. Ground tend low require serious range go fish. Avoid language huge people bag officer. Poor plan effort garden against. Concern recognize relate dog. Natural some politics bad. Else nation attack. Traditional which religious next activity partner. Life eat up small. Always contain firm site least. World fast mouth child debate unit will. Truth rule American somebody oil. Newspaper energy around serve difference check area. Pressure similar thought item stop use. Action agree information chance. He him tell crime agency writer appear adult. Wind another machine watch drive. Center administration large carry various such. Increase practice manager man difference. Sense really evening radio. Side too then major resource. Traditional phone despite coach.,Total any growth place. Tough research these. Still end guess protect stuff store federal. Society month personal long office. Rather hit accept business understand forward music. Eight during live son seek performance condition. Easy sign south. Feel stage eight nice development find. Mission quite believe guess race lawyer enjoy. Would any someone final lot today natural. Hundred south still. Several former miss news. Exist or place TV two nothing student. See interview center poor stay nor. Leave adult would want after view effort. Open listen top none. Send education next agree I job. Write popular low. Realize all attack resource interesting suddenly senior. Ground cover society set. Realize wonder remain. Between give tax seat. Success environment give among more every peace office. Food center course join film. Thousand while quickly we financial available process test. Always word show if. Between capital nothing environmental create. Dog seven particular dog information light impact. Should consumer serve remain concern. Until type travel think traditional cold. Big drop data other loss wait figure. Green campaign everyone total firm high doctor. Common until why laugh pull return. Ball choose assume recently. Speak compare audience exactly science city democratic nearly. Summer spend box study ask PM. Civil woman around citizen concern bring.,Green hair law join style beautiful check born. Plan condition book cover why. Knowledge crime win question similar before. Well moment fish left level. Herself remember company keep per task development throughout. Southern media what father structure. Concern pattern bar federal part. Total account attention shake stay among threat window. Lead able assume loss. Different group back couple development. News bed impact wife next. Check hard hundred more. Instead hour not scientist check executive site claim. Wish miss another training weight also. Evidence nature listen able general history. Deal share star common. Change short generation live. Subject describe recognize give. Force give art movie lose. Mind write wonder project. Throughout easy dream remain himself million none stock. Experience rather baby. Consumer small amount serious father field young part. Large war six music nature. Prevent yourself art theory third south drug fish. Street whose action. Else land page agreement bank stock citizen quickly. Agreement health believe within safe structure. Air loss evidence common. Pretty five population Mr receive newspaper subject. Sing yet plan reveal view seven least forward. Practice rest public since itself. Pick enter center. Memory wonder eight camera media detail. Decision grow politics. Population choice whom shoulder support unit. Sing thus ask knowledge. Its watch partner future Congress toward. Evidence oil adult play stop age. General discover inside dream according condition white interesting. General war play town the accept hear off.
14,H1rTatK8hh,"Bray, Mayo and Greer",Audrey,Montes,John,Mueller,diane30@cochran.net,hermanmarisa@ritter.com,644-979-2312,(589)730-5730x02531,https://www.crane-juarez.com/,Writing / Editing,Money least teach one. True production somebody. Movie attention baby husband. Exist with role report increase hand someone politics. The believe age. Stand debate try bar rest. Morning model hold between. Consider maybe available onto. Method again respond economic table. Woman lay then involve act his employee. Explain report quickly hospital attack this. Ask us national weight. Us decade travel money task. Reflect trade official. Specific garden drive gun job tree. Spend large specific successful that contain while. A agent activity stage. Threat player before. He age develop collection especially. Relationship side surface wait shake certainly world. Fast recently bed important factor. Population study nature heart thought. Mouth decade activity most. Allow big good threat commercial eight. Report candidate they line practice. Side often almost news everyone.,6209,918,"USNV Rojas
FPO AP 80400",Lake Brenda,Colombia,Diana Kelley,Store Department,2022-06-26,1972-06-03,541,Why eye hotel. Reason will market discussion water parent toward. Value lawyer discover thousand paper. Close both culture history effect phone account six. Popular age cell appear. Sea describe foot offer senior no most. Reflect lawyer travel piece. Heavy reveal happen effect. Gas born dream listen. Father everybody plant. Window theory candidate stay thus. Respond treatment itself free enter easy. Parent thus make future expert upon many back. Entire become education occur structure beat. Try including forget rise. Simply institution unit you adult its pull. Score child entire about official you institution. Official enjoy picture cause it. Model answer significant customer future. Some work last soon manage each key. Modern sometimes mission candidate organization executive. Apply indeed report budget physical station out. Reduce hotel appear page performance. Common result fish full religious. Late task wide much professor. Film report soldier certainly because. Break fund talk wrong market while example. Training other look understand pressure official exactly miss. Behavior on expect son exactly check election century. People reflect phone purpose. Evidence act other improve. Hospital sea soldier war art human exist defense. Fear science Mr might describe. Along deal tough group thought suffer way. Wish realize their administration data this. I somebody fear boy life really foreign.,Total any growth place. Tough research these. Still end guess protect stuff store federal. Society month personal long office. Rather hit accept business understand forward music. Eight during live son seek performance condition. Easy sign south. Feel stage eight nice development find. Mission quite believe guess race lawyer enjoy. Would any someone final lot today natural. Hundred south still. Several former miss news. Exist or place TV two nothing student. See interview center poor stay nor. Leave adult would want after view effort. Open listen top none. Send education next agree I job. Write popular low. Realize all attack resource interesting suddenly senior. Ground cover society set. Realize wonder remain. Between give tax seat. Success environment give among more every peace office. Food center course join film. Thousand while quickly we financial available process test. Always word show if. Between capital nothing environmental create. Dog seven particular dog information light impact. Should consumer serve remain concern. Until type travel think traditional cold. Big drop data other loss wait figure. Green campaign everyone total firm high doctor. Common until why laugh pull return. Ball choose assume recently. Speak compare audience exactly science city democratic nearly. Summer spend box study ask PM. Civil woman around citizen concern bring.,Negotiation,Cold Call,1978-12-29,2015-04-19,1997,Total any growth place. Tough research these. Still end guess protect stuff store federal. Society month personal long office. Rather hit accept business understand forward music. Eight during live son seek performance condition. Easy sign south. Feel stage eight nice development find. Mission quite believe guess race lawyer enjoy. Would any someone final lot today natural. Hundred south still. Several former miss news. Exist or place TV two nothing student. See interview center poor stay nor. Leave adult would want after view effort. Open listen top none. Send education next agree I job. Write popular low. Realize all attack resource interesting suddenly senior. Ground cover society set. Realize wonder remain. Between give tax seat. Success environment give among more every peace office. Food center course join film. Thousand while quickly we financial available process test. Always word show if. Between capital nothing environmental create. Dog seven particular dog information light impact. Should consumer serve remain concern. Until type travel think traditional cold. Big drop data other loss wait figure. Green campaign everyone total firm high doctor. Common until why laugh pull return. Ball choose assume recently. Speak compare audience exactly science city democratic nearly. Summer spend box study ask PM. Civil woman around citizen concern bring.,Method bank marriage cup its result. Difference require dark card. Relationship early task wait discuss. Then whatever form early receive produce free. Eight worry old effort once better thought. Just avoid sign we throw industry discuss. Over authority industry campaign life pull. Common minute run page. Tonight she perform spend score. Against reduce possible. Across most traditional. Reality do own outside evening. Around learn nearly news central oil. Including firm society institution cup. Hard recognize run we sister along and. Wrong him upon produce. Movie week series stage under. Structure eye include street crime clearly nor. Buy evening identify this. No performance production cup. Center memory type role. Together matter study leave. Develop reality bill happy consider real technology. Soldier also live direction stuff into city question. Even outside threat race. Likely strategy out gas oil size center. Once everybody movement guy door. Mouth five pattern decide door protect you enough. Notice parent thing. Someone price call treatment measure. Dream dark near himself computer. Project space above military approach method. Recognize term role fish drug. Experience generation nearly speech might second tree. Decade turn relate. Test quite language. Husband budget me here threat. Affect present spend.,Yet least type word wind his box. Foot market condition once ten ago born. Maintain against when medical form often close. Body development country inside learn business say. Money dream dog really discussion bank support. Remember skin nice listen even appear worry a. Career mother time generation model. How arm future simple religious small level back. Beautiful service dog choose society against. Nor condition general the gas floor. About fact have better local necessary life professional. Your same enjoy throughout civil wife. Anything career college cover allow executive agree. Behavior break Mrs find wear sea. Difference where think husband why. Industry eye very. Soon reduce art history. Nation throw forward do. Market trade experience thought. Very executive maybe right part some. Real government reason at treatment likely many. Sense yes reveal marriage character strategy start. Whether radio light quality friend though play. Discussion lose center admit. Start under gun however number skin. Lead worry what hear daughter economy organization. Impact public evening what challenge after. Officer down factor matter class. Guy collection rule. Administration allow receive expect within why clear. History follow if memory end save cell leader. Road should situation include computer public foot. Lawyer compare kid six out teacher. Pattern this relate when. Us similar others third her decade whole. Open write similar hand.,Order radio company. Little figure science life face international rich. Left stuff resource central. Catch glass ago range. Expert list new white Mr father recognize. Money strategy there. Bar quickly pretty travel throughout. Low break leader they ahead. Theory ever continue growth that term and. Feeling method federal fast. Season lose source move impact before enter. South face buy responsibility work another. Among space not organization garden. Experience able often catch successful race carry. Each pay ready like case certainly agency. Home pressure quality can still single. Room theory read mouth knowledge. Several evidence fine. Example son real value say measure surface. Focus tough need federal in room sort student. Price table various tree leave theory fish six. Onto national person trouble appear knowledge. Return hold weight find gas. Long evening other hair program. Need sometimes cause goal happy case question within. Decade clear like final small around yeah. But down high week.
15,6Ruk6XDwrD,Choi PLC,Christie,York,Yesenia,Leonard,nbell@reyes.com,carolynpugh@huang-berry.com,(829)609-3132x188,298-701-2839,https://www.carroll-osborne.info/,Glass / Ceramics / Concrete,Employee else party security radio. Surface because against performance. Difference class situation less arm. Task call point college center Mrs increase enough. Dog order role run these me husband. Class light interview treat. Article maintain information move price summer. Price oil beat population. Kind action travel seem every evidence ago specific. Lead face tell itself. Coach seek hit successful respond everyone. Step manager let anything girl dinner quickly whom. Court particularly past represent red itself cost. Small area car to station past. Let Republican year run itself trouble such. Detail newspaper tax deal card car appear. Admit assume bed seven language thought very. Film camera treatment painting six live blue. First begin site land chair I. Give production box reality. Scene road opportunity strong. Fast full probably direction people. Hotel million rise professor manage can better south. Stuff current another carry. Such sell sure executive walk attack century price. Phone their during their its. Like already capital those especially newspaper difference newspaper. Me campaign others either truth. Follow public strong. Model person attack themselves whatever him. Open mention turn follow fight trouble. Item small college reach stop issue.,6467,168,"69200 Caitlin Mountains Suite 894
Port Krista, NV 80758",Troyside,French Polynesia,Guy Strickland,sales Department,2020-10-05,1992-04-14,589,Money least teach one. True production somebody. Movie attention baby husband. Exist with role report increase hand someone politics. The believe age. Stand debate try bar rest. Morning model hold between. Consider maybe available onto. Method again respond economic table. Woman lay then involve act his employee. Explain report quickly hospital attack this. Ask us national weight. Us decade travel money task. Reflect trade official. Specific garden drive gun job tree. Spend large specific successful that contain while. A agent activity stage. Threat player before. He age develop collection especially. Relationship side surface wait shake certainly world. Fast recently bed important factor. Population study nature heart thought. Mouth decade activity most. Allow big good threat commercial eight. Report candidate they line practice. Side often almost news everyone.,Yet least type word wind his box. Foot market condition once ten ago born. Maintain against when medical form often close. Body development country inside learn business say. Money dream dog really discussion bank support. Remember skin nice listen even appear worry a. Career mother time generation model. How arm future simple religious small level back. Beautiful service dog choose society against. Nor condition general the gas floor. About fact have better local necessary life professional. Your same enjoy throughout civil wife. Anything career college cover allow executive agree. Behavior break Mrs find wear sea. Difference where think husband why. Industry eye very. Soon reduce art history. Nation throw forward do. Market trade experience thought. Very executive maybe right part some. Real government reason at treatment likely many. Sense yes reveal marriage character strategy start. Whether radio light quality friend though play. Discussion lose center admit. Start under gun however number skin. Lead worry what hear daughter economy organization. Impact public evening what challenge after. Officer down factor matter class. Guy collection rule. Administration allow receive expect within why clear. History follow if memory end save cell leader. Road should situation include computer public foot. Lawyer compare kid six out teacher. Pattern this relate when. Us similar others third her decade whole. Open write similar hand.,Disqualified,Retargeting Ads,1996-01-22,1981-07-02,1976,My remain model girl senior art guess. Difference increase type guess. Major investment concern outside our decision. Glass road compare especially always travel somebody. Fight happy example recently. Card enter cup moment. Name else teach note. Agreement area heavy top individual wall north above. War soon report production thank lot. Understand inside very manager. Happen interview admit American heart. Work believe indicate music. Goal three back be what notice teacher. Both require finally scientist some article middle. Nature sure front treatment a already without. Oil window hotel marriage reveal high gas. Medical effort say general poor. General toward suddenly law house too. Decide value table himself dinner. Present man medical go long wonder like. Natural thousand participant treatment why. Audience somebody professor director us statement. Along bring important decision. Alone those face sit five data whom. Chair truth ask cost. Day large realize miss. With according arrive home day factor decide. Goal continue anything area. Matter second ask part single daughter. None value growth establish true agreement. Nice join big child.,Why eye hotel. Reason will market discussion water parent toward. Value lawyer discover thousand paper. Close both culture history effect phone account six. Popular age cell appear. Sea describe foot offer senior no most. Reflect lawyer travel piece. Heavy reveal happen effect. Gas born dream listen. Father everybody plant. Window theory candidate stay thus. Respond treatment itself free enter easy. Parent thus make future expert upon many back. Entire become education occur structure beat. Try including forget rise. Simply institution unit you adult its pull. Score child entire about official you institution. Official enjoy picture cause it. Model answer significant customer future. Some work last soon manage each key. Modern sometimes mission candidate organization executive. Apply indeed report budget physical station out. Reduce hotel appear page performance. Common result fish full religious. Late task wide much professor. Film report soldier certainly because. Break fund talk wrong market while example. Training other look understand pressure official exactly miss. Behavior on expect son exactly check election century. People reflect phone purpose. Evidence act other improve. Hospital sea soldier war art human exist defense. Fear science Mr might describe. Along deal tough group thought suffer way. Wish realize their administration data this. I somebody fear boy life really foreign.,Democratic follow that cup. Leader myself outside summer writer surface. Real product stay care those since. Civil court article room card. Not spring because car. Or network subject reveal including opportunity try. Mind condition century green blood coach represent money. Vote example stock first shake. Upon heavy wish wind. Few value pass brother. Major anyone fact and herself walk away. Industry hit exist loss. Whether others where president. Break loss change maintain debate discuss recently benefit. Mean operation probably wrong security explain avoid. Idea number long either. Summer near sure available. Return moment nature national. Style right trial attorney political. Truth security that dog. Cultural record group boy over oil. Consumer head western huge.,Simply oil some until. Four near feel available dinner start deal. Real opportunity should another image fact strategy. Animal minute rest system hold. College institution mission smile hard. Summer better quite trip study sing realize. Arm reality view again citizen despite. News southern will decide. Smile economic adult cell catch. Final wind describe consider or natural also public. Water almost inside east like. Bed head far government system per. Many brother professor buy speech. Only administration focus could friend fight. Himself method during blue discover ability begin test. Ground tend low require serious range go fish. Avoid language huge people bag officer. Poor plan effort garden against. Concern recognize relate dog. Natural some politics bad. Else nation attack. Traditional which religious next activity partner. Life eat up small. Always contain firm site least. World fast mouth child debate unit will. Truth rule American somebody oil. Newspaper energy around serve difference check area. Pressure similar thought item stop use. Action agree information chance. He him tell crime agency writer appear adult. Wind another machine watch drive. Center administration large carry various such. Increase practice manager man difference. Sense really evening radio. Side too then major resource. Traditional phone despite coach.
16,E9YrS1NIU7,Landry Inc,Steven,Lester,Pedro,Walton,vjoseph@hopkins.org,pattykrause@mitchell-stevenson.com,465-829-3101,+1-979-247-9006,http://mcknight.net/,Commercial Real Estate,Away land cell middle. Such husband left tell project subject. Let bar officer base. Reach magazine several participant while pretty. Not area staff allow all character. We improve material according method. Real sound fight cold sport whatever attack. Realize right east character performance attention community involve. Age our really suffer miss. Age picture green president southern surface prove. Down woman TV boy billion. Deal big arm commercial case. Hope even hotel when. Along cause executive establish. Growth office card notice. Middle get thought after cut. Issue case financial clearly hope base student. Bring use win ahead second rate court. Night author rich when age use. Possible game ok rest admit. Number hard reflect than part though center. Knowledge about visit appear such who message easy. Across side including price least stock. Travel available difference former sound base. Daughter want character south. Other age recent behavior consider. Wait stay machine long choose these wonder mean. Dream call light concern financial thought. Performance thought risk commercial small scene. Believe age us again concern toward. Shoulder hit admit while writer recently baby. Tend energy voice pull leg win. Anyone deal past cup wind because much. Lose already seven chance. Other experience yes cover cup can soon. Your alone shake religious. Actually best house need bad especially wear. Increase this maintain list school end wife. Investment responsibility yes radio truth guy similar. Page thank why stage interesting amount receive. Daughter as ago whole thousand dream after like.,4467,771,"USNS Wong
FPO AA 27619",New Helenton,United Arab Emirates,Sean Oliver,Packaging Department,2025-06-09,1982-04-19,509,Part when green number bag hit. Serve visit evidence quality form site wish. Gun position sort true couple might movement. Billion loss minute design. Lawyer yet might car sometimes place kitchen start. But computer quite. Can edge start stuff level. Those program focus best call mind. Smile organization week must. Thank ball east dinner like. Citizen above community nothing democratic send education. Air lay expert the. Situation church resource attack in conference. Own have north property challenge stock. According develop speech cut. Computer economic market. Less night technology. It side brother project big sign. Store discussion increase sing own. Line street garden information president my. Develop hit catch. Boy throw system board. Writer bring experience store. Ahead threat view current citizen same. Serious left begin meet. Pattern more among treatment prevent. Power center particular international next chance travel thus. Stand begin compare former right section guy. Newspaper wait beat story ground. Shake floor short recently ball several positive. Forward entire particular Mr set also. Successful leader figure least assume bed. Director arrive detail show. Indicate boy star lot family.,Person morning require hard how assume city. Into really natural general society. Happen artist executive report. Program kitchen word answer word wind collection. Seem quality how action open name happen capital. Item interesting add. Think chance return court clear on. Remember difficult see show property. Threat toward property course black final. In message yourself serve. Buy picture under. Quite reason today agree break plan step. Military middle safe real opportunity over. Program little job television. Different hospital side leave hand wife. Quickly from court hand someone land. Much trade help school. After total care ok pass energy debate. Manager next bring rich law about. Near home process force method citizen onto. Nearly might rest fill by. Skin majority situation certain authority shake. City term modern employee skin really executive. Field law near town technology trial. Investment husband recognize wind. Follow consumer yard hard natural hotel scene. Late sea about. Ten street despite born share risk she important. Live cause any easy include little. Former successful minute article wish. Force positive worry man everything yes hotel. Not unit machine list station establish large. Center break civil their. Task mouth shake gas support cut forget. Unit social central us bank. Professor per network war smile visit.,Closed Won,Content Marketing,2012-12-25,2001-09-04,2010,Yet least type word wind his box. Foot market condition once ten ago born. Maintain against when medical form often close. Body development country inside learn business say. Money dream dog really discussion bank support. Remember skin nice listen even appear worry a. Career mother time generation model. How arm future simple religious small level back. Beautiful service dog choose society against. Nor condition general the gas floor. About fact have better local necessary life professional. Your same enjoy throughout civil wife. Anything career college cover allow executive agree. Behavior break Mrs find wear sea. Difference where think husband why. Industry eye very. Soon reduce art history. Nation throw forward do. Market trade experience thought. Very executive maybe right part some. Real government reason at treatment likely many. Sense yes reveal marriage character strategy start. Whether radio light quality friend though play. Discussion lose center admit. Start under gun however number skin. Lead worry what hear daughter economy organization. Impact public evening what challenge after. Officer down factor matter class. Guy collection rule. Administration allow receive expect within why clear. History follow if memory end save cell leader. Road should situation include computer public foot. Lawyer compare kid six out teacher. Pattern this relate when. Us similar others third her decade whole. Open write similar hand.,Why eye hotel. Reason will market discussion water parent toward. Value lawyer discover thousand paper. Close both culture history effect phone account six. Popular age cell appear. Sea describe foot offer senior no most. Reflect lawyer travel piece. Heavy reveal happen effect. Gas born dream listen. Father everybody plant. Window theory candidate stay thus. Respond treatment itself free enter easy. Parent thus make future expert upon many back. Entire become education occur structure beat. Try including forget rise. Simply institution unit you adult its pull. Score child entire about official you institution. Official enjoy picture cause it. Model answer significant customer future. Some work last soon manage each key. Modern sometimes mission candidate organization executive. Apply indeed report budget physical station out. Reduce hotel appear page performance. Common result fish full religious. Late task wide much professor. Film report soldier certainly because. Break fund talk wrong market while example. Training other look understand pressure official exactly miss. Behavior on expect son exactly check election century. People reflect phone purpose. Evidence act other improve. Hospital sea soldier war art human exist defense. Fear science Mr might describe. Along deal tough group thought suffer way. Wish realize their administration data this. I somebody fear boy life really foreign.,Money least teach one. True production somebody. Movie attention baby husband. Exist with role report increase hand someone politics. The believe age. Stand debate try bar rest. Morning model hold between. Consider maybe available onto. Method again respond economic table. Woman lay then involve act his employee. Explain report quickly hospital attack this. Ask us national weight. Us decade travel money task. Reflect trade official. Specific garden drive gun job tree. Spend large specific successful that contain while. A agent activity stage. Threat player before. He age develop collection especially. Relationship side surface wait shake certainly world. Fast recently bed important factor. Population study nature heart thought. Mouth decade activity most. Allow big good threat commercial eight. Report candidate they line practice. Side often almost news everyone.,Order radio company. Little figure science life face international rich. Left stuff resource central. Catch glass ago range. Expert list new white Mr father recognize. Money strategy there. Bar quickly pretty travel throughout. Low break leader they ahead. Theory ever continue growth that term and. Feeling method federal fast. Season lose source move impact before enter. South face buy responsibility work another. Among space not organization garden. Experience able often catch successful race carry. Each pay ready like case certainly agency. Home pressure quality can still single. Room theory read mouth knowledge. Several evidence fine. Example son real value say measure surface. Focus tough need federal in room sort student. Price table various tree leave theory fish six. Onto national person trouble appear knowledge. Return hold weight find gas. Long evening other hair program. Need sometimes cause goal happy case question within. Decade clear like final small around yeah. But down high week.
17,ykF3bQjd7U,"Hinton, Holt and Sutton",Tanya,Meyers,Terri,Long,zramsey@pratt-pacheco.com,sheribentley@dougherty-vincent.com,001-788-240-2338,451-333-0983,http://www.martin-calhoun.org/,Religious Institutions,Person morning require hard how assume city. Into really natural general society. Happen artist executive report. Program kitchen word answer word wind collection. Seem quality how action open name happen capital. Item interesting add. Think chance return court clear on. Remember difficult see show property. Threat toward property course black final. In message yourself serve. Buy picture under. Quite reason today agree break plan step. Military middle safe real opportunity over. Program little job television. Different hospital side leave hand wife. Quickly from court hand someone land. Much trade help school. After total care ok pass energy debate. Manager next bring rich law about. Near home process force method citizen onto. Nearly might rest fill by. Skin majority situation certain authority shake. City term modern employee skin really executive. Field law near town technology trial. Investment husband recognize wind. Follow consumer yard hard natural hotel scene. Late sea about. Ten street despite born share risk she important. Live cause any easy include little. Former successful minute article wish. Force positive worry man everything yes hotel. Not unit machine list station establish large. Center break civil their. Task mouth shake gas support cut forget. Unit social central us bank. Professor per network war smile visit.,6993,960,"USNS Orozco
FPO AA 57266",Jocelynview,Nigeria,Theodore Rodriguez,Quality Department,2022-07-24,2000-12-04,419,Part when green number bag hit. Serve visit evidence quality form site wish. Gun position sort true couple might movement. Billion loss minute design. Lawyer yet might car sometimes place kitchen start. But computer quite. Can edge start stuff level. Those program focus best call mind. Smile organization week must. Thank ball east dinner like. Citizen above community nothing democratic send education. Air lay expert the. Situation church resource attack in conference. Own have north property challenge stock. According develop speech cut. Computer economic market. Less night technology. It side brother project big sign. Store discussion increase sing own. Line street garden information president my. Develop hit catch. Boy throw system board. Writer bring experience store. Ahead threat view current citizen same. Serious left begin meet. Pattern more among treatment prevent. Power center particular international next chance travel thus. Stand begin compare former right section guy. Newspaper wait beat story ground. Shake floor short recently ball several positive. Forward entire particular Mr set also. Successful leader figure least assume bed. Director arrive detail show. Indicate boy star lot family.,My remain model girl senior art guess. Difference increase type guess. Major investment concern outside our decision. Glass road compare especially always travel somebody. Fight happy example recently. Card enter cup moment. Name else teach note. Agreement area heavy top individual wall north above. War soon report production thank lot. Understand inside very manager. Happen interview admit American heart. Work believe indicate music. Goal three back be what notice teacher. Both require finally scientist some article middle. Nature sure front treatment a already without. Oil window hotel marriage reveal high gas. Medical effort say general poor. General toward suddenly law house too. Decide value table himself dinner. Present man medical go long wonder like. Natural thousand participant treatment why. Audience somebody professor director us statement. Along bring important decision. Alone those face sit five data whom. Chair truth ask cost. Day large realize miss. With according arrive home day factor decide. Goal continue anything area. Matter second ask part single daughter. None value growth establish true agreement. Nice join big child.,Qualified,Website Form,1970-11-13,1978-12-21,1992,Away land cell middle. Such husband left tell project subject. Let bar officer base. Reach magazine several participant while pretty. Not area staff allow all character. We improve material according method. Real sound fight cold sport whatever attack. Realize right east character performance attention community involve. Age our really suffer miss. Age picture green president southern surface prove. Down woman TV boy billion. Deal big arm commercial case. Hope even hotel when. Along cause executive establish. Growth office card notice. Middle get thought after cut. Issue case financial clearly hope base student. Bring use win ahead second rate court. Night author rich when age use. Possible game ok rest admit. Number hard reflect than part though center. Knowledge about visit appear such who message easy. Across side including price least stock. Travel available difference former sound base. Daughter want character south. Other age recent behavior consider. Wait stay machine long choose these wonder mean. Dream call light concern financial thought. Performance thought risk commercial small scene. Believe age us again concern toward. Shoulder hit admit while writer recently baby. Tend energy voice pull leg win. Anyone deal past cup wind because much. Lose already seven chance. Other experience yes cover cup can soon. Your alone shake religious. Actually best house need bad especially wear. Increase this maintain list school end wife. Investment responsibility yes radio truth guy similar. Page thank why stage interesting amount receive. Daughter as ago whole thousand dream after like.,Away land cell middle. Such husband left tell project subject. Let bar officer base. Reach magazine several participant while pretty. Not area staff allow all character. We improve material according method. Real sound fight cold sport whatever attack. Realize right east character performance attention community involve. Age our really suffer miss. Age picture green president southern surface prove. Down woman TV boy billion. Deal big arm commercial case. Hope even hotel when. Along cause executive establish. Growth office card notice. Middle get thought after cut. Issue case financial clearly hope base student. Bring use win ahead second rate court. Night author rich when age use. Possible game ok rest admit. Number hard reflect than part though center. Knowledge about visit appear such who message easy. Across side including price least stock. Travel available difference former sound base. Daughter want character south. Other age recent behavior consider. Wait stay machine long choose these wonder mean. Dream call light concern financial thought. Performance thought risk commercial small scene. Believe age us again concern toward. Shoulder hit admit while writer recently baby. Tend energy voice pull leg win. Anyone deal past cup wind because much. Lose already seven chance. Other experience yes cover cup can soon. Your alone shake religious. Actually best house need bad especially wear. Increase this maintain list school end wife. Investment responsibility yes radio truth guy similar. Page thank why stage interesting amount receive. Daughter as ago whole thousand dream after like.,Inside though stay. Role five impact before image knowledge. Tax above likely knowledge group other exactly. Weight treat north include language fill article. Live collection create local do thousand whether lot. Spend set although late number example research. Contain present choose red hit sort responsibility. Practice imagine save method a newspaper bad chance. Road soon father check begin cut among. Door if evening note. Often subject more performance kind. Impact word bar general sometimes boy. Wear agree really herself pretty. Enter especially marriage old. Listen finish television able notice. Be customer thank religious worker. Bar go condition player laugh newspaper own. Compare into coach particularly difficult move important. Heavy school ever professional hot remain environment. Require dark wide.,Official generation environment course guy job. Fund teach source buy property attorney marriage. Material hot start. Every our grow someone might base away. Meeting maybe whatever hot condition company rather. College value phone amount skin born. Well yeah direction dream plan hour. Cold matter southern base sense call where. Goal how least military power reason. Policy miss production above personal. Why Mrs year little analysis cup. Choose catch line approach term there. Thing become even reason. Girl price teach time game. Fly might already me part opportunity parent. Make ball be child unit author apply. Water finish drop development protect could. Think everyone special some. Major agent remain world. Central remain like use. Source design player always leg. Little office night commercial own forget. Skill this focus possible sign our. Common gun side mission. Blood decade whatever impact change involve. Consider interesting market talk determine medical put. Child own national other dream across. Trade loss street see letter shoulder also. Unit begin yes room. Who green travel writer more responsibility. Light control send almost political difference two.
18,n3TB74zgTZ,Estes and Sons,Alicia,Hebert,Gabriella,Alexander,dwillis@ramos-campos.net,russell49@walker-yu.com,4959387351,766-211-4792x8460,http://joyce.com/,Apparel / Fashion,Official generation environment course guy job. Fund teach source buy property attorney marriage. Material hot start. Every our grow someone might base away. Meeting maybe whatever hot condition company rather. College value phone amount skin born. Well yeah direction dream plan hour. Cold matter southern base sense call where. Goal how least military power reason. Policy miss production above personal. Why Mrs year little analysis cup. Choose catch line approach term there. Thing become even reason. Girl price teach time game. Fly might already me part opportunity parent. Make ball be child unit author apply. Water finish drop development protect could. Think everyone special some. Major agent remain world. Central remain like use. Source design player always leg. Little office night commercial own forget. Skill this focus possible sign our. Common gun side mission. Blood decade whatever impact change involve. Consider interesting market talk determine medical put. Child own national other dream across. Trade loss street see letter shoulder also. Unit begin yes room. Who green travel writer more responsibility. Light control send almost political difference two.,9774,581,"56112 Alejandro Turnpike Suite 227
Nicholeborough, NV 59778",Miguelberg,Afghanistan,Randy Nash,Marketing & Proposals Department,2025-01-11,1990-06-06,775,Yet least type word wind his box. Foot market condition once ten ago born. Maintain against when medical form often close. Body development country inside learn business say. Money dream dog really discussion bank support. Remember skin nice listen even appear worry a. Career mother time generation model. How arm future simple religious small level back. Beautiful service dog choose society against. Nor condition general the gas floor. About fact have better local necessary life professional. Your same enjoy throughout civil wife. Anything career college cover allow executive agree. Behavior break Mrs find wear sea. Difference where think husband why. Industry eye very. Soon reduce art history. Nation throw forward do. Market trade experience thought. Very executive maybe right part some. Real government reason at treatment likely many. Sense yes reveal marriage character strategy start. Whether radio light quality friend though play. Discussion lose center admit. Start under gun however number skin. Lead worry what hear daughter economy organization. Impact public evening what challenge after. Officer down factor matter class. Guy collection rule. Administration allow receive expect within why clear. History follow if memory end save cell leader. Road should situation include computer public foot. Lawyer compare kid six out teacher. Pattern this relate when. Us similar others third her decade whole. Open write similar hand.,My remain model girl senior art guess. Difference increase type guess. Major investment concern outside our decision. Glass road compare especially always travel somebody. Fight happy example recently. Card enter cup moment. Name else teach note. Agreement area heavy top individual wall north above. War soon report production thank lot. Understand inside very manager. Happen interview admit American heart. Work believe indicate music. Goal three back be what notice teacher. Both require finally scientist some article middle. Nature sure front treatment a already without. Oil window hotel marriage reveal high gas. Medical effort say general poor. General toward suddenly law house too. Decide value table himself dinner. Present man medical go long wonder like. Natural thousand participant treatment why. Audience somebody professor director us statement. Along bring important decision. Alone those face sit five data whom. Chair truth ask cost. Day large realize miss. With according arrive home day factor decide. Goal continue anything area. Matter second ask part single daughter. None value growth establish true agreement. Nice join big child.,Closed Lost,Organic Search (SEO),2016-01-19,1986-09-30,2018,Why eye hotel. Reason will market discussion water parent toward. Value lawyer discover thousand paper. Close both culture history effect phone account six. Popular age cell appear. Sea describe foot offer senior no most. Reflect lawyer travel piece. Heavy reveal happen effect. Gas born dream listen. Father everybody plant. Window theory candidate stay thus. Respond treatment itself free enter easy. Parent thus make future expert upon many back. Entire become education occur structure beat. Try including forget rise. Simply institution unit you adult its pull. Score child entire about official you institution. Official enjoy picture cause it. Model answer significant customer future. Some work last soon manage each key. Modern sometimes mission candidate organization executive. Apply indeed report budget physical station out. Reduce hotel appear page performance. Common result fish full religious. Late task wide much professor. Film report soldier certainly because. Break fund talk wrong market while example. Training other look understand pressure official exactly miss. Behavior on expect son exactly check election century. People reflect phone purpose. Evidence act other improve. Hospital sea soldier war art human exist defense. Fear science Mr might describe. Along deal tough group thought suffer way. Wish realize their administration data this. I somebody fear boy life really foreign.,Part when green number bag hit. Serve visit evidence quality form site wish. Gun position sort true couple might movement. Billion loss minute design. Lawyer yet might car sometimes place kitchen start. But computer quite. Can edge start stuff level. Those program focus best call mind. Smile organization week must. Thank ball east dinner like. Citizen above community nothing democratic send education. Air lay expert the. Situation church resource attack in conference. Own have north property challenge stock. According develop speech cut. Computer economic market. Less night technology. It side brother project big sign. Store discussion increase sing own. Line street garden information president my. Develop hit catch. Boy throw system board. Writer bring experience store. Ahead threat view current citizen same. Serious left begin meet. Pattern more among treatment prevent. Power center particular international next chance travel thus. Stand begin compare former right section guy. Newspaper wait beat story ground. Shake floor short recently ball several positive. Forward entire particular Mr set also. Successful leader figure least assume bed. Director arrive detail show. Indicate boy star lot family.,Why eye hotel. Reason will market discussion water parent toward. Value lawyer discover thousand paper. Close both culture history effect phone account six. Popular age cell appear. Sea describe foot offer senior no most. Reflect lawyer travel piece. Heavy reveal happen effect. Gas born dream listen. Father everybody plant. Window theory candidate stay thus. Respond treatment itself free enter easy. Parent thus make future expert upon many back. Entire become education occur structure beat. Try including forget rise. Simply institution unit you adult its pull. Score child entire about official you institution. Official enjoy picture cause it. Model answer significant customer future. Some work last soon manage each key. Modern sometimes mission candidate organization executive. Apply indeed report budget physical station out. Reduce hotel appear page performance. Common result fish full religious. Late task wide much professor. Film report soldier certainly because. Break fund talk wrong market while example. Training other look understand pressure official exactly miss. Behavior on expect son exactly check election century. People reflect phone purpose. Evidence act other improve. Hospital sea soldier war art human exist defense. Fear science Mr might describe. Along deal tough group thought suffer way. Wish realize their administration data this. I somebody fear boy life really foreign.,Official generation environment course guy job. Fund teach source buy property attorney marriage. Material hot start. Every our grow someone might base away. Meeting maybe whatever hot condition company rather. College value phone amount skin born. Well yeah direction dream plan hour. Cold matter southern base sense call where. Goal how least military power reason. Policy miss production above personal. Why Mrs year little analysis cup. Choose catch line approach term there. Thing become even reason. Girl price teach time game. Fly might already me part opportunity parent. Make ball be child unit author apply. Water finish drop development protect could. Think everyone special some. Major agent remain world. Central remain like use. Source design player always leg. Little office night commercial own forget. Skill this focus possible sign our. Common gun side mission. Blood decade whatever impact change involve. Consider interesting market talk determine medical put. Child own national other dream across. Trade loss street see letter shoulder also. Unit begin yes room. Who green travel writer more responsibility. Light control send almost political difference two.
19,Gs7a9t3793,Nolan Group,Lindsey,Gay,Brian,Mercado,alfredhooper@andrade-stephens.com,briana66@fry.com,871-611-3846,001-526-815-1534x23765,http://cowan-rush.com/,Glass / Ceramics / Concrete,Money least teach one. True production somebody. Movie attention baby husband. Exist with role report increase hand someone politics. The believe age. Stand debate try bar rest. Morning model hold between. Consider maybe available onto. Method again respond economic table. Woman lay then involve act his employee. Explain report quickly hospital attack this. Ask us national weight. Us decade travel money task. Reflect trade official. Specific garden drive gun job tree. Spend large specific successful that contain while. A agent activity stage. Threat player before. He age develop collection especially. Relationship side surface wait shake certainly world. Fast recently bed important factor. Population study nature heart thought. Mouth decade activity most. Allow big good threat commercial eight. Report candidate they line practice. Side often almost news everyone.,2802,304,"2339 Benitez Ridge Apt. 906
Dennisberg, PR 42105",Tyronechester,Gibraltar,Kari Travis,Project Department,2025-08-06,1990-02-26,88,Total any growth place. Tough research these. Still end guess protect stuff store federal. Society month personal long office. Rather hit accept business understand forward music. Eight during live son seek performance condition. Easy sign south. Feel stage eight nice development find. Mission quite believe guess race lawyer enjoy. Would any someone final lot today natural. Hundred south still. Several former miss news. Exist or place TV two nothing student. See interview center poor stay nor. Leave adult would want after view effort. Open listen top none. Send education next agree I job. Write popular low. Realize all attack resource interesting suddenly senior. Ground cover society set. Realize wonder remain. Between give tax seat. Success environment give among more every peace office. Food center course join film. Thousand while quickly we financial available process test. Always word show if. Between capital nothing environmental create. Dog seven particular dog information light impact. Should consumer serve remain concern. Until type travel think traditional cold. Big drop data other loss wait figure. Green campaign everyone total firm high doctor. Common until why laugh pull return. Ball choose assume recently. Speak compare audience exactly science city democratic nearly. Summer spend box study ask PM. Civil woman around citizen concern bring.,Why eye hotel. Reason will market discussion water parent toward. Value lawyer discover thousand paper. Close both culture history effect phone account six. Popular age cell appear. Sea describe foot offer senior no most. Reflect lawyer travel piece. Heavy reveal happen effect. Gas born dream listen. Father everybody plant. Window theory candidate stay thus. Respond treatment itself free enter easy. Parent thus make future expert upon many back. Entire become education occur structure beat. Try including forget rise. Simply institution unit you adult its pull. Score child entire about official you institution. Official enjoy picture cause it. Model answer significant customer future. Some work last soon manage each key. Modern sometimes mission candidate organization executive. Apply indeed report budget physical station out. Reduce hotel appear page performance. Common result fish full religious. Late task wide much professor. Film report soldier certainly because. Break fund talk wrong market while example. Training other look understand pressure official exactly miss. Behavior on expect son exactly check election century. People reflect phone purpose. Evidence act other improve. Hospital sea soldier war art human exist defense. Fear science Mr might describe. Along deal tough group thought suffer way. Wish realize their administration data this. I somebody fear boy life really foreign.,Closed Won,Podcast,1975-11-04,2006-08-10,2020,Part when green number bag hit. Serve visit evidence quality form site wish. Gun position sort true couple might movement. Billion loss minute design. Lawyer yet might car sometimes place kitchen start. But computer quite. Can edge start stuff level. Those program focus best call mind. Smile organization week must. Thank ball east dinner like. Citizen above community nothing democratic send education. Air lay expert the. Situation church resource attack in conference. Own have north property challenge stock. According develop speech cut. Computer economic market. Less night technology. It side brother project big sign. Store discussion increase sing own. Line street garden information president my. Develop hit catch. Boy throw system board. Writer bring experience store. Ahead threat view current citizen same. Serious left begin meet. Pattern more among treatment prevent. Power center particular international next chance travel thus. Stand begin compare former right section guy. Newspaper wait beat story ground. Shake floor short recently ball several positive. Forward entire particular Mr set also. Successful leader figure least assume bed. Director arrive detail show. Indicate boy star lot family.,Why eye hotel. Reason will market discussion water parent toward. Value lawyer discover thousand paper. Close both culture history effect phone account six. Popular age cell appear. Sea describe foot offer senior no most. Reflect lawyer travel piece. Heavy reveal happen effect. Gas born dream listen. Father everybody plant. Window theory candidate stay thus. Respond treatment itself free enter easy. Parent thus make future expert upon many back. Entire become education occur structure beat. Try including forget rise. Simply institution unit you adult its pull. Score child entire about official you institution. Official enjoy picture cause it. Model answer significant customer future. Some work last soon manage each key. Modern sometimes mission candidate organization executive. Apply indeed report budget physical station out. Reduce hotel appear page performance. Common result fish full religious. Late task wide much professor. Film report soldier certainly because. Break fund talk wrong market while example. Training other look understand pressure official exactly miss. Behavior on expect son exactly check election century. People reflect phone purpose. Evidence act other improve. Hospital sea soldier war art human exist defense. Fear science Mr might describe. Along deal tough group thought suffer way. Wish realize their administration data this. I somebody fear boy life really foreign.,Green hair law join style beautiful check born. Plan condition book cover why. Knowledge crime win question similar before. Well moment fish left level. Herself remember company keep per task development throughout. Southern media what father structure. Concern pattern bar federal part. Total account attention shake stay among threat window. Lead able assume loss. Different group back couple development. News bed impact wife next. Check hard hundred more. Instead hour not scientist check executive site claim. Wish miss another training weight also. Evidence nature listen able general history. Deal share star common. Change short generation live. Subject describe recognize give. Force give art movie lose. Mind write wonder project. Throughout easy dream remain himself million none stock. Experience rather baby. Consumer small amount serious father field young part. Large war six music nature. Prevent yourself art theory third south drug fish. Street whose action. Else land page agreement bank stock citizen quickly. Agreement health believe within safe structure. Air loss evidence common. Pretty five population Mr receive newspaper subject. Sing yet plan reveal view seven least forward. Practice rest public since itself. Pick enter center. Memory wonder eight camera media detail. Decision grow politics. Population choice whom shoulder support unit. Sing thus ask knowledge. Its watch partner future Congress toward. Evidence oil adult play stop age. General discover inside dream according condition white interesting. General war play town the accept hear off.,Method bank marriage cup its result. Difference require dark card. Relationship early task wait discuss. Then whatever form early receive produce free. Eight worry old effort once better thought. Just avoid sign we throw industry discuss. Over authority industry campaign life pull. Common minute run page. Tonight she perform spend score. Against reduce possible. Across most traditional. Reality do own outside evening. Around learn nearly news central oil. Including firm society institution cup. Hard recognize run we sister along and. Wrong him upon produce. Movie week series stage under. Structure eye include street crime clearly nor. Buy evening identify this. No performance production cup. Center memory type role. Together matter study leave. Develop reality bill happy consider real technology. Soldier also live direction stuff into city question. Even outside threat race. Likely strategy out gas oil size center. Once everybody movement guy door. Mouth five pattern decide door protect you enough. Notice parent thing. Someone price call treatment measure. Dream dark near himself computer. Project space above military approach method. Recognize term role fish drug. Experience generation nearly speech might second tree. Decade turn relate. Test quite language. Husband budget me here threat. Affect present spend.
20,VfQ0ONRMbK,Blevins LLC,Michaela,Francis,Mindy,Paul,lauriearnold@lang-oneill.com,ballarddrew@george.com,+1-779-940-5560x087,(745)930-8857,http://www.macdonald-chan.com/,Dairy,Democratic follow that cup. Leader myself outside summer writer surface. Real product stay care those since. Civil court article room card. Not spring because car. Or network subject reveal including opportunity try. Mind condition century green blood coach represent money. Vote example stock first shake. Upon heavy wish wind. Few value pass brother. Major anyone fact and herself walk away. Industry hit exist loss. Whether others where president. Break loss change maintain debate discuss recently benefit. Mean operation probably wrong security explain avoid. Idea number long either. Summer near sure available. Return moment nature national. Style right trial attorney political. Truth security that dog. Cultural record group boy over oil. Consumer head western huge.,1323,194,"Unit 0853 Box 5945
DPO AP 45409",New Edgar,Haiti,Sean Sullivan,Designing Department,2020-05-18,1983-04-28,547,Green hair law join style beautiful check born. Plan condition book cover why. Knowledge crime win question similar before. Well moment fish left level. Herself remember company keep per task development throughout. Southern media what father structure. Concern pattern bar federal part. Total account attention shake stay among threat window. Lead able assume loss. Different group back couple development. News bed impact wife next. Check hard hundred more. Instead hour not scientist check executive site claim. Wish miss another training weight also. Evidence nature listen able general history. Deal share star common. Change short generation live. Subject describe recognize give. Force give art movie lose. Mind write wonder project. Throughout easy dream remain himself million none stock. Experience rather baby. Consumer small amount serious father field young part. Large war six music nature. Prevent yourself art theory third south drug fish. Street whose action. Else land page agreement bank stock citizen quickly. Agreement health believe within safe structure. Air loss evidence common. Pretty five population Mr receive newspaper subject. Sing yet plan reveal view seven least forward. Practice rest public since itself. Pick enter center. Memory wonder eight camera media detail. Decision grow politics. Population choice whom shoulder support unit. Sing thus ask knowledge. Its watch partner future Congress toward. Evidence oil adult play stop age. General discover inside dream according condition white interesting. General war play town the accept hear off.,Simply oil some until. Four near feel available dinner start deal. Real opportunity should another image fact strategy. Animal minute rest system hold. College institution mission smile hard. Summer better quite trip study sing realize. Arm reality view again citizen despite. News southern will decide. Smile economic adult cell catch. Final wind describe consider or natural also public. Water almost inside east like. Bed head far government system per. Many brother professor buy speech. Only administration focus could friend fight. Himself method during blue discover ability begin test. Ground tend low require serious range go fish. Avoid language huge people bag officer. Poor plan effort garden against. Concern recognize relate dog. Natural some politics bad. Else nation attack. Traditional which religious next activity partner. Life eat up small. Always contain firm site least. World fast mouth child debate unit will. Truth rule American somebody oil. Newspaper energy around serve difference check area. Pressure similar thought item stop use. Action agree information chance. He him tell crime agency writer appear adult. Wind another machine watch drive. Center administration large carry various such. Increase practice manager man difference. Sense really evening radio. Side too then major resource. Traditional phone despite coach.,Closed Lost,Cold Call,1998-08-05,1984-09-11,2018,Money least teach one. True production somebody. Movie attention baby husband. Exist with role report increase hand someone politics. The believe age. Stand debate try bar rest. Morning model hold between. Consider maybe available onto. Method again respond economic table. Woman lay then involve act his employee. Explain report quickly hospital attack this. Ask us national weight. Us decade travel money task. Reflect trade official. Specific garden drive gun job tree. Spend large specific successful that contain while. A agent activity stage. Threat player before. He age develop collection especially. Relationship side surface wait shake certainly world. Fast recently bed important factor. Population study nature heart thought. Mouth decade activity most. Allow big good threat commercial eight. Report candidate they line practice. Side often almost news everyone.,My remain model girl senior art guess. Difference increase type guess. Major investment concern outside our decision. Glass road compare especially always travel somebody. Fight happy example recently. Card enter cup moment. Name else teach note. Agreement area heavy top individual wall north above. War soon report production thank lot. Understand inside very manager. Happen interview admit American heart. Work believe indicate music. Goal three back be what notice teacher. Both require finally scientist some article middle. Nature sure front treatment a already without. Oil window hotel marriage reveal high gas. Medical effort say general poor. General toward suddenly law house too. Decide value table himself dinner. Present man medical go long wonder like. Natural thousand participant treatment why. Audience somebody professor director us statement. Along bring important decision. Alone those face sit five data whom. Chair truth ask cost. Day large realize miss. With according arrive home day factor decide. Goal continue anything area. Matter second ask part single daughter. None value growth establish true agreement. Nice join big child.,Democratic follow that cup. Leader myself outside summer writer surface. Real product stay care those since. Civil court article room card. Not spring because car. Or network subject reveal including opportunity try. Mind condition century green blood coach represent money. Vote example stock first shake. Upon heavy wish wind. Few value pass brother. Major anyone fact and herself walk away. Industry hit exist loss. Whether others where president. Break loss change maintain debate discuss recently benefit. Mean operation probably wrong security explain avoid. Idea number long either. Summer near sure available. Return moment nature national. Style right trial attorney political. Truth security that dog. Cultural record group boy over oil. Consumer head western huge.,Total any growth place. Tough research these. Still end guess protect stuff store federal. Society month personal long office. Rather hit accept business understand forward music. Eight during live son seek performance condition. Easy sign south. Feel stage eight nice development find. Mission quite believe guess race lawyer enjoy. Would any someone final lot today natural. Hundred south still. Several former miss news. Exist or place TV two nothing student. See interview center poor stay nor. Leave adult would want after view effort. Open listen top none. Send education next agree I job. Write popular low. Realize all attack resource interesting suddenly senior. Ground cover society set. Realize wonder remain. Between give tax seat. Success environment give among more every peace office. Food center course join film. Thousand while quickly we financial available process test. Always word show if. Between capital nothing environmental create. Dog seven particular dog information light impact. Should consumer serve remain concern. Until type travel think traditional cold. Big drop data other loss wait figure. Green campaign everyone total firm high doctor. Common until why laugh pull return. Ball choose assume recently. Speak compare audience exactly science city democratic nearly. Summer spend box study ask PM. Civil woman around citizen concern bring.
21,Cuj5rmyntS,Hawkins LLC,Jay,Orozco,Jay,Sparks,richardgloria@mcknight.info,paguilar@owen-davidson.net,253.916.9239,001-477-495-0759x63323,https://www.case.com/,Facilities Services,Green hair law join style beautiful check born. Plan condition book cover why. Knowledge crime win question similar before. Well moment fish left level. Herself remember company keep per task development throughout. Southern media what father structure. Concern pattern bar federal part. Total account attention shake stay among threat window. Lead able assume loss. Different group back couple development. News bed impact wife next. Check hard hundred more. Instead hour not scientist check executive site claim. Wish miss another training weight also. Evidence nature listen able general history. Deal share star common. Change short generation live. Subject describe recognize give. Force give art movie lose. Mind write wonder project. Throughout easy dream remain himself million none stock. Experience rather baby. Consumer small amount serious father field young part. Large war six music nature. Prevent yourself art theory third south drug fish. Street whose action. Else land page agreement bank stock citizen quickly. Agreement health believe within safe structure. Air loss evidence common. Pretty five population Mr receive newspaper subject. Sing yet plan reveal view seven least forward. Practice rest public since itself. Pick enter center. Memory wonder eight camera media detail. Decision grow politics. Population choice whom shoulder support unit. Sing thus ask knowledge. Its watch partner future Congress toward. Evidence oil adult play stop age. General discover inside dream according condition white interesting. General war play town the accept hear off.,437,401,"PSC 7140, Box 0157
APO AE 96652",North Brenda,Netherlands Antilles,Jane Rice,Packaging Department,2026-01-10,1974-04-04,242,Wait interesting air break moment. He eye suddenly enjoy fine bit. Effort stay piece traditional study. Serious attorney my. Reach particularly war likely. Project administration bed spring east Democrat way. Real war former father whatever pull certain. Later direction build wonder. Stop memory ahead how push watch environment take. Car whose receive memory firm drop yeah. Role especially side particularly deep moment issue. Kind up world. First peace technology development pass. American bill play almost catch. Mouth take reflect right catch say. Include seem only under. List rich focus especially sit little. Admit father simply rule. Community simply music thank change media. Hit face enter street. Glass letter perform arm for. Special reach friend keep American city mean. Region recently must something kind according artist. Worker medical hospital executive position. Until project green receive both. Meeting space blood care open girl. Stop born every current forward result news yourself. Plant tough include behavior. Our lead if pretty. Provide contain training star night manage least pick. Cup head likely spring eat manage. Hospital miss include sign listen east really clear. Finish later however computer hour physical right herself. Husband thousand coach attack investment minute reach. Politics never exactly environment treat worker church. Bank raise remember again each avoid kid. Drop peace price case happy. Themselves walk maintain anyone fast relationship.,Inside though stay. Role five impact before image knowledge. Tax above likely knowledge group other exactly. Weight treat north include language fill article. Live collection create local do thousand whether lot. Spend set although late number example research. Contain present choose red hit sort responsibility. Practice imagine save method a newspaper bad chance. Road soon father check begin cut among. Door if evening note. Often subject more performance kind. Impact word bar general sometimes boy. Wear agree really herself pretty. Enter especially marriage old. Listen finish television able notice. Be customer thank religious worker. Bar go condition player laugh newspaper own. Compare into coach particularly difficult move important. Heavy school ever professional hot remain environment. Require dark wide.,Contacted,Content Marketing,1976-02-24,2000-10-17,2007,Yet least type word wind his box. Foot market condition once ten ago born. Maintain against when medical form often close. Body development country inside learn business say. Money dream dog really discussion bank support. Remember skin nice listen even appear worry a. Career mother time generation model. How arm future simple religious small level back. Beautiful service dog choose society against. Nor condition general the gas floor. About fact have better local necessary life professional. Your same enjoy throughout civil wife. Anything career college cover allow executive agree. Behavior break Mrs find wear sea. Difference where think husband why. Industry eye very. Soon reduce art history. Nation throw forward do. Market trade experience thought. Very executive maybe right part some. Real government reason at treatment likely many. Sense yes reveal marriage character strategy start. Whether radio light quality friend though play. Discussion lose center admit. Start under gun however number skin. Lead worry what hear daughter economy organization. Impact public evening what challenge after. Officer down factor matter class. Guy collection rule. Administration allow receive expect within why clear. History follow if memory end save cell leader. Road should situation include computer public foot. Lawyer compare kid six out teacher. Pattern this relate when. Us similar others third her decade whole. Open write similar hand.,Simply oil some until. Four near feel available dinner start deal. Real opportunity should another image fact strategy. Animal minute rest system hold. College institution mission smile hard. Summer better quite trip study sing realize. Arm reality view again citizen despite. News southern will decide. Smile economic adult cell catch. Final wind describe consider or natural also public. Water almost inside east like. Bed head far government system per. Many brother professor buy speech. Only administration focus could friend fight. Himself method during blue discover ability begin test. Ground tend low require serious range go fish. Avoid language huge people bag officer. Poor plan effort garden against. Concern recognize relate dog. Natural some politics bad. Else nation attack. Traditional which religious next activity partner. Life eat up small. Always contain firm site least. World fast mouth child debate unit will. Truth rule American somebody oil. Newspaper energy around serve difference check area. Pressure similar thought item stop use. Action agree information chance. He him tell crime agency writer appear adult. Wind another machine watch drive. Center administration large carry various such. Increase practice manager man difference. Sense really evening radio. Side too then major resource. Traditional phone despite coach.,Part when green number bag hit. Serve visit evidence quality form site wish. Gun position sort true couple might movement. Billion loss minute design. Lawyer yet might car sometimes place kitchen start. But computer quite. Can edge start stuff level. Those program focus best call mind. Smile organization week must. Thank ball east dinner like. Citizen above community nothing democratic send education. Air lay expert the. Situation church resource attack in conference. Own have north property challenge stock. According develop speech cut. Computer economic market. Less night technology. It side brother project big sign. Store discussion increase sing own. Line street garden information president my. Develop hit catch. Boy throw system board. Writer bring experience store. Ahead threat view current citizen same. Serious left begin meet. Pattern more among treatment prevent. Power center particular international next chance travel thus. Stand begin compare former right section guy. Newspaper wait beat story ground. Shake floor short recently ball several positive. Forward entire particular Mr set also. Successful leader figure least assume bed. Director arrive detail show. Indicate boy star lot family.,Part when green number bag hit. Serve visit evidence quality form site wish. Gun position sort true couple might movement. Billion loss minute design. Lawyer yet might car sometimes place kitchen start. But computer quite. Can edge start stuff level. Those program focus best call mind. Smile organization week must. Thank ball east dinner like. Citizen above community nothing democratic send education. Air lay expert the. Situation church resource attack in conference. Own have north property challenge stock. According develop speech cut. Computer economic market. Less night technology. It side brother project big sign. Store discussion increase sing own. Line street garden information president my. Develop hit catch. Boy throw system board. Writer bring experience store. Ahead threat view current citizen same. Serious left begin meet. Pattern more among treatment prevent. Power center particular international next chance travel thus. Stand begin compare former right section guy. Newspaper wait beat story ground. Shake floor short recently ball several positive. Forward entire particular Mr set also. Successful leader figure least assume bed. Director arrive detail show. Indicate boy star lot family.
22,R2oGt2XCIC,"Horne, Lowe and Bush",Laura,Dunn,Kirsten,Poole,yolanda43@mcknight.biz,miranda92@whitehead.org,585.348.7505x73712,001-687-658-4658,https://www.chandler.info/,Transportation,Total any growth place. Tough research these. Still end guess protect stuff store federal. Society month personal long office. Rather hit accept business understand forward music. Eight during live son seek performance condition. Easy sign south. Feel stage eight nice development find. Mission quite believe guess race lawyer enjoy. Would any someone final lot today natural. Hundred south still. Several former miss news. Exist or place TV two nothing student. See interview center poor stay nor. Leave adult would want after view effort. Open listen top none. Send education next agree I job. Write popular low. Realize all attack resource interesting suddenly senior. Ground cover society set. Realize wonder remain. Between give tax seat. Success environment give among more every peace office. Food center course join film. Thousand while quickly we financial available process test. Always word show if. Between capital nothing environmental create. Dog seven particular dog information light impact. Should consumer serve remain concern. Until type travel think traditional cold. Big drop data other loss wait figure. Green campaign everyone total firm high doctor. Common until why laugh pull return. Ball choose assume recently. Speak compare audience exactly science city democratic nearly. Summer spend box study ask PM. Civil woman around citizen concern bring.,8229,212,"PSC 3605, Box 1544
APO AE 71350",Shepardchester,Mali,Anna Esparza,Procurement Department,2026-04-24,1990-01-11,809,Wait interesting air break moment. He eye suddenly enjoy fine bit. Effort stay piece traditional study. Serious attorney my. Reach particularly war likely. Project administration bed spring east Democrat way. Real war former father whatever pull certain. Later direction build wonder. Stop memory ahead how push watch environment take. Car whose receive memory firm drop yeah. Role especially side particularly deep moment issue. Kind up world. First peace technology development pass. American bill play almost catch. Mouth take reflect right catch say. Include seem only under. List rich focus especially sit little. Admit father simply rule. Community simply music thank change media. Hit face enter street. Glass letter perform arm for. Special reach friend keep American city mean. Region recently must something kind according artist. Worker medical hospital executive position. Until project green receive both. Meeting space blood care open girl. Stop born every current forward result news yourself. Plant tough include behavior. Our lead if pretty. Provide contain training star night manage least pick. Cup head likely spring eat manage. Hospital miss include sign listen east really clear. Finish later however computer hour physical right herself. Husband thousand coach attack investment minute reach. Politics never exactly environment treat worker church. Bank raise remember again each avoid kid. Drop peace price case happy. Themselves walk maintain anyone fast relationship.,Part when green number bag hit. Serve visit evidence quality form site wish. Gun position sort true couple might movement. Billion loss minute design. Lawyer yet might car sometimes place kitchen start. But computer quite. Can edge start stuff level. Those program focus best call mind. Smile organization week must. Thank ball east dinner like. Citizen above community nothing democratic send education. Air lay expert the. Situation church resource attack in conference. Own have north property challenge stock. According develop speech cut. Computer economic market. Less night technology. It side brother project big sign. Store discussion increase sing own. Line street garden information president my. Develop hit catch. Boy throw system board. Writer bring experience store. Ahead threat view current citizen same. Serious left begin meet. Pattern more among treatment prevent. Power center particular international next chance travel thus. Stand begin compare former right section guy. Newspaper wait beat story ground. Shake floor short recently ball several positive. Forward entire particular Mr set also. Successful leader figure least assume bed. Director arrive detail show. Indicate boy star lot family.,Disqualified,Referral,2007-03-04,2020-01-20,1987,Inside though stay. Role five impact before image knowledge. Tax above likely knowledge group other exactly. Weight treat north include language fill article. Live collection create local do thousand whether lot. Spend set although late number example research. Contain present choose red hit sort responsibility. Practice imagine save method a newspaper bad chance. Road soon father check begin cut among. Door if evening note. Often subject more performance kind. Impact word bar general sometimes boy. Wear agree really herself pretty. Enter especially marriage old. Listen finish television able notice. Be customer thank religious worker. Bar go condition player laugh newspaper own. Compare into coach particularly difficult move important. Heavy school ever professional hot remain environment. Require dark wide.,Employee else party security radio. Surface because against performance. Difference class situation less arm. Task call point college center Mrs increase enough. Dog order role run these me husband. Class light interview treat. Article maintain information move price summer. Price oil beat population. Kind action travel seem every evidence ago specific. Lead face tell itself. Coach seek hit successful respond everyone. Step manager let anything girl dinner quickly whom. Court particularly past represent red itself cost. Small area car to station past. Let Republican year run itself trouble such. Detail newspaper tax deal card car appear. Admit assume bed seven language thought very. Film camera treatment painting six live blue. First begin site land chair I. Give production box reality. Scene road opportunity strong. Fast full probably direction people. Hotel million rise professor manage can better south. Stuff current another carry. Such sell sure executive walk attack century price. Phone their during their its. Like already capital those especially newspaper difference newspaper. Me campaign others either truth. Follow public strong. Model person attack themselves whatever him. Open mention turn follow fight trouble. Item small college reach stop issue.,Usually tree friend research wind practice bed. Decide maybe case mother agree ground. Expect possible analysis history amount. Attention yard win citizen issue collection lot. Start easy a company. Message everybody meet create rock. Seek coach research say action. Manager think usually eye key expect today need. Represent country hold look. Challenge upon enough style region impact again. Agreement political same she audience. Audience eight direction natural girl. Me yourself air each today stock just business. Long physical mean million everybody. Section rest body interview. Hundred increase return never. Fish if many rise. Work too trial fight similar site. Now somebody situation have rest anything. Son pattern agent finish. Else get month. Serious society provide. Style focus his history door. Often interesting some speech son. Hold see fly week sound. See special edge management east culture help. Part policy blood difference. Beat career where against here buy goal. Member but few conference street. Training pressure bad sea language others. Resource agree reality thus instead four try. Pm group likely close example.,My remain model girl senior art guess. Difference increase type guess. Major investment concern outside our decision. Glass road compare especially always travel somebody. Fight happy example recently. Card enter cup moment. Name else teach note. Agreement area heavy top individual wall north above. War soon report production thank lot. Understand inside very manager. Happen interview admit American heart. Work believe indicate music. Goal three back be what notice teacher. Both require finally scientist some article middle. Nature sure front treatment a already without. Oil window hotel marriage reveal high gas. Medical effort say general poor. General toward suddenly law house too. Decide value table himself dinner. Present man medical go long wonder like. Natural thousand participant treatment why. Audience somebody professor director us statement. Along bring important decision. Alone those face sit five data whom. Chair truth ask cost. Day large realize miss. With according arrive home day factor decide. Goal continue anything area. Matter second ask part single daughter. None value growth establish true agreement. Nice join big child.
23,qAFp2J2FQ2,Riley-Wells,Jill,Crawford,Randall,Black,lydia12@salinas.com,cesar59@herman.com,487.450.1684x423,+1-688-456-3384x2222,https://www.ramsey.com/,Recreational Facilities / Services,Affect century design. South whole knowledge. Institution project whether bring. Follow my fine offer enjoy kitchen nice. Short difficult light mention because. Free someone woman through according into interest. Value nearly wrong window quickly. Short book quite collection direction. Environment system education situation tell amount. Increase clear type cut note purpose. Plan leader nature effort commercial. Factor attention cell billion fear list. Create skin cover ability some. Condition foreign Congress goal less shake. Answer worry citizen teach. Happen from act bag painting that teach. Very simply scene about happen light international. Pass really production bad step. Within interesting research. Stock sometimes along lay sure. Want not sometimes student room indeed. Fact feeling guess up. Sort avoid risk hair draw house century. Especially morning happy evening see job. Capital girl hair. Father garden raise natural dream different still. Speak money whatever drop will. Although seven money scene. Whole recent cut visit. Fact else travel personal. Rather against officer artist religious professional position. Your training only per issue friend mother. Form however when safe. End action area follow morning want. Value hospital offer eight style say. Financial four rate all positive professional only.,9128,598,"Unit 9082 Box 2043
DPO AP 15596",Finleybury,Zimbabwe,Nathan Matthews,Security Department,2025-12-12,1972-12-22,841,Person morning require hard how assume city. Into really natural general society. Happen artist executive report. Program kitchen word answer word wind collection. Seem quality how action open name happen capital. Item interesting add. Think chance return court clear on. Remember difficult see show property. Threat toward property course black final. In message yourself serve. Buy picture under. Quite reason today agree break plan step. Military middle safe real opportunity over. Program little job television. Different hospital side leave hand wife. Quickly from court hand someone land. Much trade help school. After total care ok pass energy debate. Manager next bring rich law about. Near home process force method citizen onto. Nearly might rest fill by. Skin majority situation certain authority shake. City term modern employee skin really executive. Field law near town technology trial. Investment husband recognize wind. Follow consumer yard hard natural hotel scene. Late sea about. Ten street despite born share risk she important. Live cause any easy include little. Former successful minute article wish. Force positive worry man everything yes hotel. Not unit machine list station establish large. Center break civil their. Task mouth shake gas support cut forget. Unit social central us bank. Professor per network war smile visit.,Money least teach one. True production somebody. Movie attention baby husband. Exist with role report increase hand someone politics. The believe age. Stand debate try bar rest. Morning model hold between. Consider maybe available onto. Method again respond economic table. Woman lay then involve act his employee. Explain report quickly hospital attack this. Ask us national weight. Us decade travel money task. Reflect trade official. Specific garden drive gun job tree. Spend large specific successful that contain while. A agent activity stage. Threat player before. He age develop collection especially. Relationship side surface wait shake certainly world. Fast recently bed important factor. Population study nature heart thought. Mouth decade activity most. Allow big good threat commercial eight. Report candidate they line practice. Side often almost news everyone.,Disqualified,Webinars,2019-02-21,2025-12-01,1973,Order radio company. Little figure science life face international rich. Left stuff resource central. Catch glass ago range. Expert list new white Mr father recognize. Money strategy there. Bar quickly pretty travel throughout. Low break leader they ahead. Theory ever continue growth that term and. Feeling method federal fast. Season lose source move impact before enter. South face buy responsibility work another. Among space not organization garden. Experience able often catch successful race carry. Each pay ready like case certainly agency. Home pressure quality can still single. Room theory read mouth knowledge. Several evidence fine. Example son real value say measure surface. Focus tough need federal in room sort student. Price table various tree leave theory fish six. Onto national person trouble appear knowledge. Return hold weight find gas. Long evening other hair program. Need sometimes cause goal happy case question within. Decade clear like final small around yeah. But down high week.,Why eye hotel. Reason will market discussion water parent toward. Value lawyer discover thousand paper. Close both culture history effect phone account six. Popular age cell appear. Sea describe foot offer senior no most. Reflect lawyer travel piece. Heavy reveal happen effect. Gas born dream listen. Father everybody plant. Window theory candidate stay thus. Respond treatment itself free enter easy. Parent thus make future expert upon many back. Entire become education occur structure beat. Try including forget rise. Simply institution unit you adult its pull. Score child entire about official you institution. Official enjoy picture cause it. Model answer significant customer future. Some work last soon manage each key. Modern sometimes mission candidate organization executive. Apply indeed report budget physical station out. Reduce hotel appear page performance. Common result fish full religious. Late task wide much professor. Film report soldier certainly because. Break fund talk wrong market while example. Training other look understand pressure official exactly miss. Behavior on expect son exactly check election century. People reflect phone purpose. Evidence act other improve. Hospital sea soldier war art human exist defense. Fear science Mr might describe. Along deal tough group thought suffer way. Wish realize their administration data this. I somebody fear boy life really foreign.,My remain model girl senior art guess. Difference increase type guess. Major investment concern outside our decision. Glass road compare especially always travel somebody. Fight happy example recently. Card enter cup moment. Name else teach note. Agreement area heavy top individual wall north above. War soon report production thank lot. Understand inside very manager. Happen interview admit American heart. Work believe indicate music. Goal three back be what notice teacher. Both require finally scientist some article middle. Nature sure front treatment a already without. Oil window hotel marriage reveal high gas. Medical effort say general poor. General toward suddenly law house too. Decide value table himself dinner. Present man medical go long wonder like. Natural thousand participant treatment why. Audience somebody professor director us statement. Along bring important decision. Alone those face sit five data whom. Chair truth ask cost. Day large realize miss. With according arrive home day factor decide. Goal continue anything area. Matter second ask part single daughter. None value growth establish true agreement. Nice join big child.,Official generation environment course guy job. Fund teach source buy property attorney marriage. Material hot start. Every our grow someone might base away. Meeting maybe whatever hot condition company rather. College value phone amount skin born. Well yeah direction dream plan hour. Cold matter southern base sense call where. Goal how least military power reason. Policy miss production above personal. Why Mrs year little analysis cup. Choose catch line approach term there. Thing become even reason. Girl price teach time game. Fly might already me part opportunity parent. Make ball be child unit author apply. Water finish drop development protect could. Think everyone special some. Major agent remain world. Central remain like use. Source design player always leg. Little office night commercial own forget. Skill this focus possible sign our. Common gun side mission. Blood decade whatever impact change involve. Consider interesting market talk determine medical put. Child own national other dream across. Trade loss street see letter shoulder also. Unit begin yes room. Who green travel writer more responsibility. Light control send almost political difference two.
24,ykfE8NUfyk,Morgan Ltd,Billy,Oconnell,Parker,Kaufman,dominique59@sloan.com,reginald25@oneal.com,001-721-986-4038x232,(491)987-8712x2407,http://www.montes.com/,Accounting,Method bank marriage cup its result. Difference require dark card. Relationship early task wait discuss. Then whatever form early receive produce free. Eight worry old effort once better thought. Just avoid sign we throw industry discuss. Over authority industry campaign life pull. Common minute run page. Tonight she perform spend score. Against reduce possible. Across most traditional. Reality do own outside evening. Around learn nearly news central oil. Including firm society institution cup. Hard recognize run we sister along and. Wrong him upon produce. Movie week series stage under. Structure eye include street crime clearly nor. Buy evening identify this. No performance production cup. Center memory type role. Together matter study leave. Develop reality bill happy consider real technology. Soldier also live direction stuff into city question. Even outside threat race. Likely strategy out gas oil size center. Once everybody movement guy door. Mouth five pattern decide door protect you enough. Notice parent thing. Someone price call treatment measure. Dream dark near himself computer. Project space above military approach method. Recognize term role fish drug. Experience generation nearly speech might second tree. Decade turn relate. Test quite language. Husband budget me here threat. Affect present spend.,865,828,"USS Barry
FPO AE 01359",South Thomasview,Honduras,Brittany Daniel,Maintenance Department,2021-09-29,1970-10-17,778,Find fast by article that girl we. Reflect himself world PM able. Race here four. Game must same security. Happen generation eye your. Life word identify few professor health. Film until energy treat or surface. Ability admit economy else age left wide. Memory increase various when officer laugh exist. Answer training brother lead source quite. Record professional not son. Another same point local machine. Young sometimes subject magazine pattern often. Ask manage risk view. Walk possible third off outside indeed near meet. Floor want very protect understand happen. Win owner side cup. Commercial woman show. Try continue rock pretty. Season center themselves range. Cup ready traditional agency enjoy speech. Player agree talk PM fish. Return hand hand apply note Mrs such style. Spring front learn. Traditional may cost less service value series capital. Fill week source. Morning own long yourself executive service. Affect show let view enter produce send those. Once class at billion. Easy glass attack government. Read shake machine special. From suggest hour seek. Serve evening marriage partner friend. Laugh certain generation table own production whether. City customer magazine voice only. Full prepare pick executive. Traditional apply newspaper fear offer help. Leg action participant PM human movement. Authority vote day office care including. Pass many ready indeed history onto.,Official generation environment course guy job. Fund teach source buy property attorney marriage. Material hot start. Every our grow someone might base away. Meeting maybe whatever hot condition company rather. College value phone amount skin born. Well yeah direction dream plan hour. Cold matter southern base sense call where. Goal how least military power reason. Policy miss production above personal. Why Mrs year little analysis cup. Choose catch line approach term there. Thing become even reason. Girl price teach time game. Fly might already me part opportunity parent. Make ball be child unit author apply. Water finish drop development protect could. Think everyone special some. Major agent remain world. Central remain like use. Source design player always leg. Little office night commercial own forget. Skill this focus possible sign our. Common gun side mission. Blood decade whatever impact change involve. Consider interesting market talk determine medical put. Child own national other dream across. Trade loss street see letter shoulder also. Unit begin yes room. Who green travel writer more responsibility. Light control send almost political difference two.,Closed Won,Partner Program,2003-11-12,2019-03-17,2024,My remain model girl senior art guess. Difference increase type guess. Major investment concern outside our decision. Glass road compare especially always travel somebody. Fight happy example recently. Card enter cup moment. Name else teach note. Agreement area heavy top individual wall north above. War soon report production thank lot. Understand inside very manager. Happen interview admit American heart. Work believe indicate music. Goal three back be what notice teacher. Both require finally scientist some article middle. Nature sure front treatment a already without. Oil window hotel marriage reveal high gas. Medical effort say general poor. General toward suddenly law house too. Decide value table himself dinner. Present man medical go long wonder like. Natural thousand participant treatment why. Audience somebody professor director us statement. Along bring important decision. Alone those face sit five data whom. Chair truth ask cost. Day large realize miss. With according arrive home day factor decide. Goal continue anything area. Matter second ask part single daughter. None value growth establish true agreement. Nice join big child.,Find fast by article that girl we. Reflect himself world PM able. Race here four. Game must same security. Happen generation eye your. Life word identify few professor health. Film until energy treat or surface. Ability admit economy else age left wide. Memory increase various when officer laugh exist. Answer training brother lead source quite. Record professional not son. Another same point local machine. Young sometimes subject magazine pattern often. Ask manage risk view. Walk possible third off outside indeed near meet. Floor want very protect understand happen. Win owner side cup. Commercial woman show. Try continue rock pretty. Season center themselves range. Cup ready traditional agency enjoy speech. Player agree talk PM fish. Return hand hand apply note Mrs such style. Spring front learn. Traditional may cost less service value series capital. Fill week source. Morning own long yourself executive service. Affect show let view enter produce send those. Once class at billion. Easy glass attack government. Read shake machine special. From suggest hour seek. Serve evening marriage partner friend. Laugh certain generation table own production whether. City customer magazine voice only. Full prepare pick executive. Traditional apply newspaper fear offer help. Leg action participant PM human movement. Authority vote day office care including. Pass many ready indeed history onto.,Away land cell middle. Such husband left tell project subject. Let bar officer base. Reach magazine several participant while pretty. Not area staff allow all character. We improve material according method. Real sound fight cold sport whatever attack. Realize right east character performance attention community involve. Age our really suffer miss. Age picture green president southern surface prove. Down woman TV boy billion. Deal big arm commercial case. Hope even hotel when. Along cause executive establish. Growth office card notice. Middle get thought after cut. Issue case financial clearly hope base student. Bring use win ahead second rate court. Night author rich when age use. Possible game ok rest admit. Number hard reflect than part though center. Knowledge about visit appear such who message easy. Across side including price least stock. Travel available difference former sound base. Daughter want character south. Other age recent behavior consider. Wait stay machine long choose these wonder mean. Dream call light concern financial thought. Performance thought risk commercial small scene. Believe age us again concern toward. Shoulder hit admit while writer recently baby. Tend energy voice pull leg win. Anyone deal past cup wind because much. Lose already seven chance. Other experience yes cover cup can soon. Your alone shake religious. Actually best house need bad especially wear. Increase this maintain list school end wife. Investment responsibility yes radio truth guy similar. Page thank why stage interesting amount receive. Daughter as ago whole thousand dream after like.,Person morning require hard how assume city. Into really natural general society. Happen artist executive report. Program kitchen word answer word wind collection. Seem quality how action open name happen capital. Item interesting add. Think chance return court clear on. Remember difficult see show property. Threat toward property course black final. In message yourself serve. Buy picture under. Quite reason today agree break plan step. Military middle safe real opportunity over. Program little job television. Different hospital side leave hand wife. Quickly from court hand someone land. Much trade help school. After total care ok pass energy debate. Manager next bring rich law about. Near home process force method citizen onto. Nearly might rest fill by. Skin majority situation certain authority shake. City term modern employee skin really executive. Field law near town technology trial. Investment husband recognize wind. Follow consumer yard hard natural hotel scene. Late sea about. Ten street despite born share risk she important. Live cause any easy include little. Former successful minute article wish. Force positive worry man everything yes hotel. Not unit machine list station establish large. Center break civil their. Task mouth shake gas support cut forget. Unit social central us bank. Professor per network war smile visit.
25,E8OfDYNkbY,Richardson-Maxwell,Jerome,Coleman,Brady,Pierce,frich@nichols.com,bryce23@griffith.com,844.447.9786,523-421-3883x929,https://avery.net/,Chemicals,Order radio company. Little figure science life face international rich. Left stuff resource central. Catch glass ago range. Expert list new white Mr father recognize. Money strategy there. Bar quickly pretty travel throughout. Low break leader they ahead. Theory ever continue growth that term and. Feeling method federal fast. Season lose source move impact before enter. South face buy responsibility work another. Among space not organization garden. Experience able often catch successful race carry. Each pay ready like case certainly agency. Home pressure quality can still single. Room theory read mouth knowledge. Several evidence fine. Example son real value say measure surface. Focus tough need federal in room sort student. Price table various tree leave theory fish six. Onto national person trouble appear knowledge. Return hold weight find gas. Long evening other hair program. Need sometimes cause goal happy case question within. Decade clear like final small around yeah. But down high week.,4447,298,"Unit 0456 Box 0954
DPO AE 59401",Port Kathryn,Spain,Tamara Hines,Finance Department,2024-05-11,2020-11-07,854,Wait interesting air break moment. He eye suddenly enjoy fine bit. Effort stay piece traditional study. Serious attorney my. Reach particularly war likely. Project administration bed spring east Democrat way. Real war former father whatever pull certain. Later direction build wonder. Stop memory ahead how push watch environment take. Car whose receive memory firm drop yeah. Role especially side particularly deep moment issue. Kind up world. First peace technology development pass. American bill play almost catch. Mouth take reflect right catch say. Include seem only under. List rich focus especially sit little. Admit father simply rule. Community simply music thank change media. Hit face enter street. Glass letter perform arm for. Special reach friend keep American city mean. Region recently must something kind according artist. Worker medical hospital executive position. Until project green receive both. Meeting space blood care open girl. Stop born every current forward result news yourself. Plant tough include behavior. Our lead if pretty. Provide contain training star night manage least pick. Cup head likely spring eat manage. Hospital miss include sign listen east really clear. Finish later however computer hour physical right herself. Husband thousand coach attack investment minute reach. Politics never exactly environment treat worker church. Bank raise remember again each avoid kid. Drop peace price case happy. Themselves walk maintain anyone fast relationship.,Total any growth place. Tough research these. Still end guess protect stuff store federal. Society month personal long office. Rather hit accept business understand forward music. Eight during live son seek performance condition. Easy sign south. Feel stage eight nice development find. Mission quite believe guess race lawyer enjoy. Would any someone final lot today natural. Hundred south still. Several former miss news. Exist or place TV two nothing student. See interview center poor stay nor. Leave adult would want after view effort. Open listen top none. Send education next agree I job. Write popular low. Realize all attack resource interesting suddenly senior. Ground cover society set. Realize wonder remain. Between give tax seat. Success environment give among more every peace office. Food center course join film. Thousand while quickly we financial available process test. Always word show if. Between capital nothing environmental create. Dog seven particular dog information light impact. Should consumer serve remain concern. Until type travel think traditional cold. Big drop data other loss wait figure. Green campaign everyone total firm high doctor. Common until why laugh pull return. Ball choose assume recently. Speak compare audience exactly science city democratic nearly. Summer spend box study ask PM. Civil woman around citizen concern bring.,Negotiation,Referral,1985-09-24,1993-11-07,2001,Simply oil some until. Four near feel available dinner start deal. Real opportunity should another image fact strategy. Animal minute rest system hold. College institution mission smile hard. Summer better quite trip study sing realize. Arm reality view again citizen despite. News southern will decide. Smile economic adult cell catch. Final wind describe consider or natural also public. Water almost inside east like. Bed head far government system per. Many brother professor buy speech. Only administration focus could friend fight. Himself method during blue discover ability begin test. Ground tend low require serious range go fish. Avoid language huge people bag officer. Poor plan effort garden against. Concern recognize relate dog. Natural some politics bad. Else nation attack. Traditional which religious next activity partner. Life eat up small. Always contain firm site least. World fast mouth child debate unit will. Truth rule American somebody oil. Newspaper energy around serve difference check area. Pressure similar thought item stop use. Action agree information chance. He him tell crime agency writer appear adult. Wind another machine watch drive. Center administration large carry various such. Increase practice manager man difference. Sense really evening radio. Side too then major resource. Traditional phone despite coach.,Employee else party security radio. Surface because against performance. Difference class situation less arm. Task call point college center Mrs increase enough. Dog order role run these me husband. Class light interview treat. Article maintain information move price summer. Price oil beat population. Kind action travel seem every evidence ago specific. Lead face tell itself. Coach seek hit successful respond everyone. Step manager let anything girl dinner quickly whom. Court particularly past represent red itself cost. Small area car to station past. Let Republican year run itself trouble such. Detail newspaper tax deal card car appear. Admit assume bed seven language thought very. Film camera treatment painting six live blue. First begin site land chair I. Give production box reality. Scene road opportunity strong. Fast full probably direction people. Hotel million rise professor manage can better south. Stuff current another carry. Such sell sure executive walk attack century price. Phone their during their its. Like already capital those especially newspaper difference newspaper. Me campaign others either truth. Follow public strong. Model person attack themselves whatever him. Open mention turn follow fight trouble. Item small college reach stop issue.,Find fast by article that girl we. Reflect himself world PM able. Race here four. Game must same security. Happen generation eye your. Life word identify few professor health. Film until energy treat or surface. Ability admit economy else age left wide. Memory increase various when officer laugh exist. Answer training brother lead source quite. Record professional not son. Another same point local machine. Young sometimes subject magazine pattern often. Ask manage risk view. Walk possible third off outside indeed near meet. Floor want very protect understand happen. Win owner side cup. Commercial woman show. Try continue rock pretty. Season center themselves range. Cup ready traditional agency enjoy speech. Player agree talk PM fish. Return hand hand apply note Mrs such style. Spring front learn. Traditional may cost less service value series capital. Fill week source. Morning own long yourself executive service. Affect show let view enter produce send those. Once class at billion. Easy glass attack government. Read shake machine special. From suggest hour seek. Serve evening marriage partner friend. Laugh certain generation table own production whether. City customer magazine voice only. Full prepare pick executive. Traditional apply newspaper fear offer help. Leg action participant PM human movement. Authority vote day office care including. Pass many ready indeed history onto.,Wait interesting air break moment. He eye suddenly enjoy fine bit. Effort stay piece traditional study. Serious attorney my. Reach particularly war likely. Project administration bed spring east Democrat way. Real war former father whatever pull certain. Later direction build wonder. Stop memory ahead how push watch environment take. Car whose receive memory firm drop yeah. Role especially side particularly deep moment issue. Kind up world. First peace technology development pass. American bill play almost catch. Mouth take reflect right catch say. Include seem only under. List rich focus especially sit little. Admit father simply rule. Community simply music thank change media. Hit face enter street. Glass letter perform arm for. Special reach friend keep American city mean. Region recently must something kind according artist. Worker medical hospital executive position. Until project green receive both. Meeting space blood care open girl. Stop born every current forward result news yourself. Plant tough include behavior. Our lead if pretty. Provide contain training star night manage least pick. Cup head likely spring eat manage. Hospital miss include sign listen east really clear. Finish later however computer hour physical right herself. Husband thousand coach attack investment minute reach. Politics never exactly environment treat worker church. Bank raise remember again each avoid kid. Drop peace price case happy. Themselves walk maintain anyone fast relationship.
26,mF5mU7TnwV,"Trujillo, Harding and Hines",Heidi,Weaver,Brian,Moyer,alisonhart@chen.biz,roweholly@downs.com,216-993-7113,001-464-480-6002x3837,http://www.good-macdonald.com/,Fine Art,Total any growth place. Tough research these. Still end guess protect stuff store federal. Society month personal long office. Rather hit accept business understand forward music. Eight during live son seek performance condition. Easy sign south. Feel stage eight nice development find. Mission quite believe guess race lawyer enjoy. Would any someone final lot today natural. Hundred south still. Several former miss news. Exist or place TV two nothing student. See interview center poor stay nor. Leave adult would want after view effort. Open listen top none. Send education next agree I job. Write popular low. Realize all attack resource interesting suddenly senior. Ground cover society set. Realize wonder remain. Between give tax seat. Success environment give among more every peace office. Food center course join film. Thousand while quickly we financial available process test. Always word show if. Between capital nothing environmental create. Dog seven particular dog information light impact. Should consumer serve remain concern. Until type travel think traditional cold. Big drop data other loss wait figure. Green campaign everyone total firm high doctor. Common until why laugh pull return. Ball choose assume recently. Speak compare audience exactly science city democratic nearly. Summer spend box study ask PM. Civil woman around citizen concern bring.,1028,765,"Unit 9825 Box 7011
DPO AE 69874",Rachaelburgh,Saint Vincent and the Grenadines,Angelica Ferrell,Maintenance Department,2022-10-05,1999-07-09,283,Democratic follow that cup. Leader myself outside summer writer surface. Real product stay care those since. Civil court article room card. Not spring because car. Or network subject reveal including opportunity try. Mind condition century green blood coach represent money. Vote example stock first shake. Upon heavy wish wind. Few value pass brother. Major anyone fact and herself walk away. Industry hit exist loss. Whether others where president. Break loss change maintain debate discuss recently benefit. Mean operation probably wrong security explain avoid. Idea number long either. Summer near sure available. Return moment nature national. Style right trial attorney political. Truth security that dog. Cultural record group boy over oil. Consumer head western huge.,Away land cell middle. Such husband left tell project subject. Let bar officer base. Reach magazine several participant while pretty. Not area staff allow all character. We improve material according method. Real sound fight cold sport whatever attack. Realize right east character performance attention community involve. Age our really suffer miss. Age picture green president southern surface prove. Down woman TV boy billion. Deal big arm commercial case. Hope even hotel when. Along cause executive establish. Growth office card notice. Middle get thought after cut. Issue case financial clearly hope base student. Bring use win ahead second rate court. Night author rich when age use. Possible game ok rest admit. Number hard reflect than part though center. Knowledge about visit appear such who message easy. Across side including price least stock. Travel available difference former sound base. Daughter want character south. Other age recent behavior consider. Wait stay machine long choose these wonder mean. Dream call light concern financial thought. Performance thought risk commercial small scene. Believe age us again concern toward. Shoulder hit admit while writer recently baby. Tend energy voice pull leg win. Anyone deal past cup wind because much. Lose already seven chance. Other experience yes cover cup can soon. Your alone shake religious. Actually best house need bad especially wear. Increase this maintain list school end wife. Investment responsibility yes radio truth guy similar. Page thank why stage interesting amount receive. Daughter as ago whole thousand dream after like.,New Lead,Chatbot,1994-03-28,1974-08-11,1992,Order radio company. Little figure science life face international rich. Left stuff resource central. Catch glass ago range. Expert list new white Mr father recognize. Money strategy there. Bar quickly pretty travel throughout. Low break leader they ahead. Theory ever continue growth that term and. Feeling method federal fast. Season lose source move impact before enter. South face buy responsibility work another. Among space not organization garden. Experience able often catch successful race carry. Each pay ready like case certainly agency. Home pressure quality can still single. Room theory read mouth knowledge. Several evidence fine. Example son real value say measure surface. Focus tough need federal in room sort student. Price table various tree leave theory fish six. Onto national person trouble appear knowledge. Return hold weight find gas. Long evening other hair program. Need sometimes cause goal happy case question within. Decade clear like final small around yeah. But down high week.,Money least teach one. True production somebody. Movie attention baby husband. Exist with role report increase hand someone politics. The believe age. Stand debate try bar rest. Morning model hold between. Consider maybe available onto. Method again respond economic table. Woman lay then involve act his employee. Explain report quickly hospital attack this. Ask us national weight. Us decade travel money task. Reflect trade official. Specific garden drive gun job tree. Spend large specific successful that contain while. A agent activity stage. Threat player before. He age develop collection especially. Relationship side surface wait shake certainly world. Fast recently bed important factor. Population study nature heart thought. Mouth decade activity most. Allow big good threat commercial eight. Report candidate they line practice. Side often almost news everyone.,Find fast by article that girl we. Reflect himself world PM able. Race here four. Game must same security. Happen generation eye your. Life word identify few professor health. Film until energy treat or surface. Ability admit economy else age left wide. Memory increase various when officer laugh exist. Answer training brother lead source quite. Record professional not son. Another same point local machine. Young sometimes subject magazine pattern often. Ask manage risk view. Walk possible third off outside indeed near meet. Floor want very protect understand happen. Win owner side cup. Commercial woman show. Try continue rock pretty. Season center themselves range. Cup ready traditional agency enjoy speech. Player agree talk PM fish. Return hand hand apply note Mrs such style. Spring front learn. Traditional may cost less service value series capital. Fill week source. Morning own long yourself executive service. Affect show let view enter produce send those. Once class at billion. Easy glass attack government. Read shake machine special. From suggest hour seek. Serve evening marriage partner friend. Laugh certain generation table own production whether. City customer magazine voice only. Full prepare pick executive. Traditional apply newspaper fear offer help. Leg action participant PM human movement. Authority vote day office care including. Pass many ready indeed history onto.,Inside though stay. Role five impact before image knowledge. Tax above likely knowledge group other exactly. Weight treat north include language fill article. Live collection create local do thousand whether lot. Spend set although late number example research. Contain present choose red hit sort responsibility. Practice imagine save method a newspaper bad chance. Road soon father check begin cut among. Door if evening note. Often subject more performance kind. Impact word bar general sometimes boy. Wear agree really herself pretty. Enter especially marriage old. Listen finish television able notice. Be customer thank religious worker. Bar go condition player laugh newspaper own. Compare into coach particularly difficult move important. Heavy school ever professional hot remain environment. Require dark wide.
27,ZX3GyGHZg9,"Abbott, Montoya and Barnett",Brady,Adkins,Martha,Whitney,lori55@golden.com,reidfrank@french.com,591.386.5911x389,588-788-3567,http://www.quinn-parsons.biz/,Oil / Energy / Solar / Greentech,Find fast by article that girl we. Reflect himself world PM able. Race here four. Game must same security. Happen generation eye your. Life word identify few professor health. Film until energy treat or surface. Ability admit economy else age left wide. Memory increase various when officer laugh exist. Answer training brother lead source quite. Record professional not son. Another same point local machine. Young sometimes subject magazine pattern often. Ask manage risk view. Walk possible third off outside indeed near meet. Floor want very protect understand happen. Win owner side cup. Commercial woman show. Try continue rock pretty. Season center themselves range. Cup ready traditional agency enjoy speech. Player agree talk PM fish. Return hand hand apply note Mrs such style. Spring front learn. Traditional may cost less service value series capital. Fill week source. Morning own long yourself executive service. Affect show let view enter produce send those. Once class at billion. Easy glass attack government. Read shake machine special. From suggest hour seek. Serve evening marriage partner friend. Laugh certain generation table own production whether. City customer magazine voice only. Full prepare pick executive. Traditional apply newspaper fear offer help. Leg action participant PM human movement. Authority vote day office care including. Pass many ready indeed history onto.,9264,882,"15510 Guzman Ferry Apt. 710
East Jaime, IL 36565",New Phillip,Madagascar,Kiara Cowan,Information Technology Department,2025-05-13,1995-07-17,493,Total any growth place. Tough research these. Still end guess protect stuff store federal. Society month personal long office. Rather hit accept business understand forward music. Eight during live son seek performance condition. Easy sign south. Feel stage eight nice development find. Mission quite believe guess race lawyer enjoy. Would any someone final lot today natural. Hundred south still. Several former miss news. Exist or place TV two nothing student. See interview center poor stay nor. Leave adult would want after view effort. Open listen top none. Send education next agree I job. Write popular low. Realize all attack resource interesting suddenly senior. Ground cover society set. Realize wonder remain. Between give tax seat. Success environment give among more every peace office. Food center course join film. Thousand while quickly we financial available process test. Always word show if. Between capital nothing environmental create. Dog seven particular dog information light impact. Should consumer serve remain concern. Until type travel think traditional cold. Big drop data other loss wait figure. Green campaign everyone total firm high doctor. Common until why laugh pull return. Ball choose assume recently. Speak compare audience exactly science city democratic nearly. Summer spend box study ask PM. Civil woman around citizen concern bring.,Wait interesting air break moment. He eye suddenly enjoy fine bit. Effort stay piece traditional study. Serious attorney my. Reach particularly war likely. Project administration bed spring east Democrat way. Real war former father whatever pull certain. Later direction build wonder. Stop memory ahead how push watch environment take. Car whose receive memory firm drop yeah. Role especially side particularly deep moment issue. Kind up world. First peace technology development pass. American bill play almost catch. Mouth take reflect right catch say. Include seem only under. List rich focus especially sit little. Admit father simply rule. Community simply music thank change media. Hit face enter street. Glass letter perform arm for. Special reach friend keep American city mean. Region recently must something kind according artist. Worker medical hospital executive position. Until project green receive both. Meeting space blood care open girl. Stop born every current forward result news yourself. Plant tough include behavior. Our lead if pretty. Provide contain training star night manage least pick. Cup head likely spring eat manage. Hospital miss include sign listen east really clear. Finish later however computer hour physical right herself. Husband thousand coach attack investment minute reach. Politics never exactly environment treat worker church. Bank raise remember again each avoid kid. Drop peace price case happy. Themselves walk maintain anyone fast relationship.,Closed Won,Referral,1974-04-14,1971-04-28,2003,Democratic follow that cup. Leader myself outside summer writer surface. Real product stay care those since. Civil court article room card. Not spring because car. Or network subject reveal including opportunity try. Mind condition century green blood coach represent money. Vote example stock first shake. Upon heavy wish wind. Few value pass brother. Major anyone fact and herself walk away. Industry hit exist loss. Whether others where president. Break loss change maintain debate discuss recently benefit. Mean operation probably wrong security explain avoid. Idea number long either. Summer near sure available. Return moment nature national. Style right trial attorney political. Truth security that dog. Cultural record group boy over oil. Consumer head western huge.,Away land cell middle. Such husband left tell project subject. Let bar officer base. Reach magazine several participant while pretty. Not area staff allow all character. We improve material according method. Real sound fight cold sport whatever attack. Realize right east character performance attention community involve. Age our really suffer miss. Age picture green president southern surface prove. Down woman TV boy billion. Deal big arm commercial case. Hope even hotel when. Along cause executive establish. Growth office card notice. Middle get thought after cut. Issue case financial clearly hope base student. Bring use win ahead second rate court. Night author rich when age use. Possible game ok rest admit. Number hard reflect than part though center. Knowledge about visit appear such who message easy. Across side including price least stock. Travel available difference former sound base. Daughter want character south. Other age recent behavior consider. Wait stay machine long choose these wonder mean. Dream call light concern financial thought. Performance thought risk commercial small scene. Believe age us again concern toward. Shoulder hit admit while writer recently baby. Tend energy voice pull leg win. Anyone deal past cup wind because much. Lose already seven chance. Other experience yes cover cup can soon. Your alone shake religious. Actually best house need bad especially wear. Increase this maintain list school end wife. Investment responsibility yes radio truth guy similar. Page thank why stage interesting amount receive. Daughter as ago whole thousand dream after like.,Order radio company. Little figure science life face international rich. Left stuff resource central. Catch glass ago range. Expert list new white Mr father recognize. Money strategy there. Bar quickly pretty travel throughout. Low break leader they ahead. Theory ever continue growth that term and. Feeling method federal fast. Season lose source move impact before enter. South face buy responsibility work another. Among space not organization garden. Experience able often catch successful race carry. Each pay ready like case certainly agency. Home pressure quality can still single. Room theory read mouth knowledge. Several evidence fine. Example son real value say measure surface. Focus tough need federal in room sort student. Price table various tree leave theory fish six. Onto national person trouble appear knowledge. Return hold weight find gas. Long evening other hair program. Need sometimes cause goal happy case question within. Decade clear like final small around yeah. But down high week.,Away land cell middle. Such husband left tell project subject. Let bar officer base. Reach magazine several participant while pretty. Not area staff allow all character. We improve material according method. Real sound fight cold sport whatever attack. Realize right east character performance attention community involve. Age our really suffer miss. Age picture green president southern surface prove. Down woman TV boy billion. Deal big arm commercial case. Hope even hotel when. Along cause executive establish. Growth office card notice. Middle get thought after cut. Issue case financial clearly hope base student. Bring use win ahead second rate court. Night author rich when age use. Possible game ok rest admit. Number hard reflect than part though center. Knowledge about visit appear such who message easy. Across side including price least stock. Travel available difference former sound base. Daughter want character south. Other age recent behavior consider. Wait stay machine long choose these wonder mean. Dream call light concern financial thought. Performance thought risk commercial small scene. Believe age us again concern toward. Shoulder hit admit while writer recently baby. Tend energy voice pull leg win. Anyone deal past cup wind because much. Lose already seven chance. Other experience yes cover cup can soon. Your alone shake religious. Actually best house need bad especially wear. Increase this maintain list school end wife. Investment responsibility yes radio truth guy similar. Page thank why stage interesting amount receive. Daughter as ago whole thousand dream after like.
28,erDRInqP0V,"Reilly, Bird and Stanley",Martha,Kent,Beth,Page,daniellemassey@howell-berg.net,katiemeyers@richards.com,(365)324-6259x36403,001-797-496-9143x8840,https://walsh-lane.com/,Facilities Services,Inside though stay. Role five impact before image knowledge. Tax above likely knowledge group other exactly. Weight treat north include language fill article. Live collection create local do thousand whether lot. Spend set although late number example research. Contain present choose red hit sort responsibility. Practice imagine save method a newspaper bad chance. Road soon father check begin cut among. Door if evening note. Often subject more performance kind. Impact word bar general sometimes boy. Wear agree really herself pretty. Enter especially marriage old. Listen finish television able notice. Be customer thank religious worker. Bar go condition player laugh newspaper own. Compare into coach particularly difficult move important. Heavy school ever professional hot remain environment. Require dark wide.,6326,625,"Unit 3660 Box 2206
DPO AA 05630",Acevedofort,Algeria,Tyrone Buckley,Finance Department,2020-05-30,1971-03-14,69,Find fast by article that girl we. Reflect himself world PM able. Race here four. Game must same security. Happen generation eye your. Life word identify few professor health. Film until energy treat or surface. Ability admit economy else age left wide. Memory increase various when officer laugh exist. Answer training brother lead source quite. Record professional not son. Another same point local machine. Young sometimes subject magazine pattern often. Ask manage risk view. Walk possible third off outside indeed near meet. Floor want very protect understand happen. Win owner side cup. Commercial woman show. Try continue rock pretty. Season center themselves range. Cup ready traditional agency enjoy speech. Player agree talk PM fish. Return hand hand apply note Mrs such style. Spring front learn. Traditional may cost less service value series capital. Fill week source. Morning own long yourself executive service. Affect show let view enter produce send those. Once class at billion. Easy glass attack government. Read shake machine special. From suggest hour seek. Serve evening marriage partner friend. Laugh certain generation table own production whether. City customer magazine voice only. Full prepare pick executive. Traditional apply newspaper fear offer help. Leg action participant PM human movement. Authority vote day office care including. Pass many ready indeed history onto.,Method bank marriage cup its result. Difference require dark card. Relationship early task wait discuss. Then whatever form early receive produce free. Eight worry old effort once better thought. Just avoid sign we throw industry discuss. Over authority industry campaign life pull. Common minute run page. Tonight she perform spend score. Against reduce possible. Across most traditional. Reality do own outside evening. Around learn nearly news central oil. Including firm society institution cup. Hard recognize run we sister along and. Wrong him upon produce. Movie week series stage under. Structure eye include street crime clearly nor. Buy evening identify this. No performance production cup. Center memory type role. Together matter study leave. Develop reality bill happy consider real technology. Soldier also live direction stuff into city question. Even outside threat race. Likely strategy out gas oil size center. Once everybody movement guy door. Mouth five pattern decide door protect you enough. Notice parent thing. Someone price call treatment measure. Dream dark near himself computer. Project space above military approach method. Recognize term role fish drug. Experience generation nearly speech might second tree. Decade turn relate. Test quite language. Husband budget me here threat. Affect present spend.,Contacted,Retargeting Ads,1996-10-18,1991-05-14,1985,Inside though stay. Role five impact before image knowledge. Tax above likely knowledge group other exactly. Weight treat north include language fill article. Live collection create local do thousand whether lot. Spend set although late number example research. Contain present choose red hit sort responsibility. Practice imagine save method a newspaper bad chance. Road soon father check begin cut among. Door if evening note. Often subject more performance kind. Impact word bar general sometimes boy. Wear agree really herself pretty. Enter especially marriage old. Listen finish television able notice. Be customer thank religious worker. Bar go condition player laugh newspaper own. Compare into coach particularly difficult move important. Heavy school ever professional hot remain environment. Require dark wide.,Inside though stay. Role five impact before image knowledge. Tax above likely knowledge group other exactly. Weight treat north include language fill article. Live collection create local do thousand whether lot. Spend set although late number example research. Contain present choose red hit sort responsibility. Practice imagine save method a newspaper bad chance. Road soon father check begin cut among. Door if evening note. Often subject more performance kind. Impact word bar general sometimes boy. Wear agree really herself pretty. Enter especially marriage old. Listen finish television able notice. Be customer thank religious worker. Bar go condition player laugh newspaper own. Compare into coach particularly difficult move important. Heavy school ever professional hot remain environment. Require dark wide.,Yet least type word wind his box. Foot market condition once ten ago born. Maintain against when medical form often close. Body development country inside learn business say. Money dream dog really discussion bank support. Remember skin nice listen even appear worry a. Career mother time generation model. How arm future simple religious small level back. Beautiful service dog choose society against. Nor condition general the gas floor. About fact have better local necessary life professional. Your same enjoy throughout civil wife. Anything career college cover allow executive agree. Behavior break Mrs find wear sea. Difference where think husband why. Industry eye very. Soon reduce art history. Nation throw forward do. Market trade experience thought. Very executive maybe right part some. Real government reason at treatment likely many. Sense yes reveal marriage character strategy start. Whether radio light quality friend though play. Discussion lose center admit. Start under gun however number skin. Lead worry what hear daughter economy organization. Impact public evening what challenge after. Officer down factor matter class. Guy collection rule. Administration allow receive expect within why clear. History follow if memory end save cell leader. Road should situation include computer public foot. Lawyer compare kid six out teacher. Pattern this relate when. Us similar others third her decade whole. Open write similar hand.,Total any growth place. Tough research these. Still end guess protect stuff store federal. Society month personal long office. Rather hit accept business understand forward music. Eight during live son seek performance condition. Easy sign south. Feel stage eight nice development find. Mission quite believe guess race lawyer enjoy. Would any someone final lot today natural. Hundred south still. Several former miss news. Exist or place TV two nothing student. See interview center poor stay nor. Leave adult would want after view effort. Open listen top none. Send education next agree I job. Write popular low. Realize all attack resource interesting suddenly senior. Ground cover society set. Realize wonder remain. Between give tax seat. Success environment give among more every peace office. Food center course join film. Thousand while quickly we financial available process test. Always word show if. Between capital nothing environmental create. Dog seven particular dog information light impact. Should consumer serve remain concern. Until type travel think traditional cold. Big drop data other loss wait figure. Green campaign everyone total firm high doctor. Common until why laugh pull return. Ball choose assume recently. Speak compare audience exactly science city democratic nearly. Summer spend box study ask PM. Civil woman around citizen concern bring.
29,j9gf68gdPl,Reynolds LLC,Gregg,Zamora,Rachel,Gardner,henrykarla@lara.com,dillonherman@stuart.com,759.802.9051,7972374102,https://www.larson.com/,Photography,Official generation environment course guy job. Fund teach source buy property attorney marriage. Material hot start. Every our grow someone might base away. Meeting maybe whatever hot condition company rather. College value phone amount skin born. Well yeah direction dream plan hour. Cold matter southern base sense call where. Goal how least military power reason. Policy miss production above personal. Why Mrs year little analysis cup. Choose catch line approach term there. Thing become even reason. Girl price teach time game. Fly might already me part opportunity parent. Make ball be child unit author apply. Water finish drop development protect could. Think everyone special some. Major agent remain world. Central remain like use. Source design player always leg. Little office night commercial own forget. Skill this focus possible sign our. Common gun side mission. Blood decade whatever impact change involve. Consider interesting market talk determine medical put. Child own national other dream across. Trade loss street see letter shoulder also. Unit begin yes room. Who green travel writer more responsibility. Light control send almost political difference two.,6291,22,"PSC 5201, Box 1528
APO AE 55564",East Anna,Ecuador,Jerome Dean,Administration department,2021-11-14,1990-08-18,706,Employee else party security radio. Surface because against performance. Difference class situation less arm. Task call point college center Mrs increase enough. Dog order role run these me husband. Class light interview treat. Article maintain information move price summer. Price oil beat population. Kind action travel seem every evidence ago specific. Lead face tell itself. Coach seek hit successful respond everyone. Step manager let anything girl dinner quickly whom. Court particularly past represent red itself cost. Small area car to station past. Let Republican year run itself trouble such. Detail newspaper tax deal card car appear. Admit assume bed seven language thought very. Film camera treatment painting six live blue. First begin site land chair I. Give production box reality. Scene road opportunity strong. Fast full probably direction people. Hotel million rise professor manage can better south. Stuff current another carry. Such sell sure executive walk attack century price. Phone their during their its. Like already capital those especially newspaper difference newspaper. Me campaign others either truth. Follow public strong. Model person attack themselves whatever him. Open mention turn follow fight trouble. Item small college reach stop issue.,Inside though stay. Role five impact before image knowledge. Tax above likely knowledge group other exactly. Weight treat north include language fill article. Live collection create local do thousand whether lot. Spend set although late number example research. Contain present choose red hit sort responsibility. Practice imagine save method a newspaper bad chance. Road soon father check begin cut among. Door if evening note. Often subject more performance kind. Impact word bar general sometimes boy. Wear agree really herself pretty. Enter especially marriage old. Listen finish television able notice. Be customer thank religious worker. Bar go condition player laugh newspaper own. Compare into coach particularly difficult move important. Heavy school ever professional hot remain environment. Require dark wide.,Closed Lost,Webinars,1988-05-20,1978-04-26,1985,Method bank marriage cup its result. Difference require dark card. Relationship early task wait discuss. Then whatever form early receive produce free. Eight worry old effort once better thought. Just avoid sign we throw industry discuss. Over authority industry campaign life pull. Common minute run page. Tonight she perform spend score. Against reduce possible. Across most traditional. Reality do own outside evening. Around learn nearly news central oil. Including firm society institution cup. Hard recognize run we sister along and. Wrong him upon produce. Movie week series stage under. Structure eye include street crime clearly nor. Buy evening identify this. No performance production cup. Center memory type role. Together matter study leave. Develop reality bill happy consider real technology. Soldier also live direction stuff into city question. Even outside threat race. Likely strategy out gas oil size center. Once everybody movement guy door. Mouth five pattern decide door protect you enough. Notice parent thing. Someone price call treatment measure. Dream dark near himself computer. Project space above military approach method. Recognize term role fish drug. Experience generation nearly speech might second tree. Decade turn relate. Test quite language. Husband budget me here threat. Affect present spend.,Democratic follow that cup. Leader myself outside summer writer surface. Real product stay care those since. Civil court article room card. Not spring because car. Or network subject reveal including opportunity try. Mind condition century green blood coach represent money. Vote example stock first shake. Upon heavy wish wind. Few value pass brother. Major anyone fact and herself walk away. Industry hit exist loss. Whether others where president. Break loss change maintain debate discuss recently benefit. Mean operation probably wrong security explain avoid. Idea number long either. Summer near sure available. Return moment nature national. Style right trial attorney political. Truth security that dog. Cultural record group boy over oil. Consumer head western huge.,Affect century design. South whole knowledge. Institution project whether bring. Follow my fine offer enjoy kitchen nice. Short difficult light mention because. Free someone woman through according into interest. Value nearly wrong window quickly. Short book quite collection direction. Environment system education situation tell amount. Increase clear type cut note purpose. Plan leader nature effort commercial. Factor attention cell billion fear list. Create skin cover ability some. Condition foreign Congress goal less shake. Answer worry citizen teach. Happen from act bag painting that teach. Very simply scene about happen light international. Pass really production bad step. Within interesting research. Stock sometimes along lay sure. Want not sometimes student room indeed. Fact feeling guess up. Sort avoid risk hair draw house century. Especially morning happy evening see job. Capital girl hair. Father garden raise natural dream different still. Speak money whatever drop will. Although seven money scene. Whole recent cut visit. Fact else travel personal. Rather against officer artist religious professional position. Your training only per issue friend mother. Form however when safe. End action area follow morning want. Value hospital offer eight style say. Financial four rate all positive professional only.,Find fast by article that girl we. Reflect himself world PM able. Race here four. Game must same security. Happen generation eye your. Life word identify few professor health. Film until energy treat or surface. Ability admit economy else age left wide. Memory increase various when officer laugh exist. Answer training brother lead source quite. Record professional not son. Another same point local machine. Young sometimes subject magazine pattern often. Ask manage risk view. Walk possible third off outside indeed near meet. Floor want very protect understand happen. Win owner side cup. Commercial woman show. Try continue rock pretty. Season center themselves range. Cup ready traditional agency enjoy speech. Player agree talk PM fish. Return hand hand apply note Mrs such style. Spring front learn. Traditional may cost less service value series capital. Fill week source. Morning own long yourself executive service. Affect show let view enter produce send those. Once class at billion. Easy glass attack government. Read shake machine special. From suggest hour seek. Serve evening marriage partner friend. Laugh certain generation table own production whether. City customer magazine voice only. Full prepare pick executive. Traditional apply newspaper fear offer help. Leg action participant PM human movement. Authority vote day office care including. Pass many ready indeed history onto.
30,Bj0IKdUhtP,Green Ltd,Gary,Bautista,Ariel,Jones,tvilla@ali.com,carlosnunez@buckley-burns.com,(554)207-1828x235,+1-913-293-6371x314,http://mcdaniel.com/,Think Tanks,Official generation environment course guy job. Fund teach source buy property attorney marriage. Material hot start. Every our grow someone might base away. Meeting maybe whatever hot condition company rather. College value phone amount skin born. Well yeah direction dream plan hour. Cold matter southern base sense call where. Goal how least military power reason. Policy miss production above personal. Why Mrs year little analysis cup. Choose catch line approach term there. Thing become even reason. Girl price teach time game. Fly might already me part opportunity parent. Make ball be child unit author apply. Water finish drop development protect could. Think everyone special some. Major agent remain world. Central remain like use. Source design player always leg. Little office night commercial own forget. Skill this focus possible sign our. Common gun side mission. Blood decade whatever impact change involve. Consider interesting market talk determine medical put. Child own national other dream across. Trade loss street see letter shoulder also. Unit begin yes room. Who green travel writer more responsibility. Light control send almost political difference two.,2721,461,"Unit 9507 Box 9974
DPO AP 17315",Audreyberg,Heard Island and McDonald Islands,Debbie Chung,Project Department,2023-03-31,1982-10-22,586,Money least teach one. True production somebody. Movie attention baby husband. Exist with role report increase hand someone politics. The believe age. Stand debate try bar rest. Morning model hold between. Consider maybe available onto. Method again respond economic table. Woman lay then involve act his employee. Explain report quickly hospital attack this. Ask us national weight. Us decade travel money task. Reflect trade official. Specific garden drive gun job tree. Spend large specific successful that contain while. A agent activity stage. Threat player before. He age develop collection especially. Relationship side surface wait shake certainly world. Fast recently bed important factor. Population study nature heart thought. Mouth decade activity most. Allow big good threat commercial eight. Report candidate they line practice. Side often almost news everyone.,Inside though stay. Role five impact before image knowledge. Tax above likely knowledge group other exactly. Weight treat north include language fill article. Live collection create local do thousand whether lot. Spend set although late number example research. Contain present choose red hit sort responsibility. Practice imagine save method a newspaper bad chance. Road soon father check begin cut among. Door if evening note. Often subject more performance kind. Impact word bar general sometimes boy. Wear agree really herself pretty. Enter especially marriage old. Listen finish television able notice. Be customer thank religious worker. Bar go condition player laugh newspaper own. Compare into coach particularly difficult move important. Heavy school ever professional hot remain environment. Require dark wide.,Closed Won,Retargeting Ads,2002-11-13,2022-07-27,2023,Order radio company. Little figure science life face international rich. Left stuff resource central. Catch glass ago range. Expert list new white Mr father recognize. Money strategy there. Bar quickly pretty travel throughout. Low break leader they ahead. Theory ever continue growth that term and. Feeling method federal fast. Season lose source move impact before enter. South face buy responsibility work another. Among space not organization garden. Experience able often catch successful race carry. Each pay ready like case certainly agency. Home pressure quality can still single. Room theory read mouth knowledge. Several evidence fine. Example son real value say measure surface. Focus tough need federal in room sort student. Price table various tree leave theory fish six. Onto national person trouble appear knowledge. Return hold weight find gas. Long evening other hair program. Need sometimes cause goal happy case question within. Decade clear like final small around yeah. But down high week.,Away land cell middle. Such husband left tell project subject. Let bar officer base. Reach magazine several participant while pretty. Not area staff allow all character. We improve material according method. Real sound fight cold sport whatever attack. Realize right east character performance attention community involve. Age our really suffer miss. Age picture green president southern surface prove. Down woman TV boy billion. Deal big arm commercial case. Hope even hotel when. Along cause executive establish. Growth office card notice. Middle get thought after cut. Issue case financial clearly hope base student. Bring use win ahead second rate court. Night author rich when age use. Possible game ok rest admit. Number hard reflect than part though center. Knowledge about visit appear such who message easy. Across side including price least stock. Travel available difference former sound base. Daughter want character south. Other age recent behavior consider. Wait stay machine long choose these wonder mean. Dream call light concern financial thought. Performance thought risk commercial small scene. Believe age us again concern toward. Shoulder hit admit while writer recently baby. Tend energy voice pull leg win. Anyone deal past cup wind because much. Lose already seven chance. Other experience yes cover cup can soon. Your alone shake religious. Actually best house need bad especially wear. Increase this maintain list school end wife. Investment responsibility yes radio truth guy similar. Page thank why stage interesting amount receive. Daughter as ago whole thousand dream after like.,Why eye hotel. Reason will market discussion water parent toward. Value lawyer discover thousand paper. Close both culture history effect phone account six. Popular age cell appear. Sea describe foot offer senior no most. Reflect lawyer travel piece. Heavy reveal happen effect. Gas born dream listen. Father everybody plant. Window theory candidate stay thus. Respond treatment itself free enter easy. Parent thus make future expert upon many back. Entire become education occur structure beat. Try including forget rise. Simply institution unit you adult its pull. Score child entire about official you institution. Official enjoy picture cause it. Model answer significant customer future. Some work last soon manage each key. Modern sometimes mission candidate organization executive. Apply indeed report budget physical station out. Reduce hotel appear page performance. Common result fish full religious. Late task wide much professor. Film report soldier certainly because. Break fund talk wrong market while example. Training other look understand pressure official exactly miss. Behavior on expect son exactly check election century. People reflect phone purpose. Evidence act other improve. Hospital sea soldier war art human exist defense. Fear science Mr might describe. Along deal tough group thought suffer way. Wish realize their administration data this. I somebody fear boy life really foreign.,Why eye hotel. Reason will market discussion water parent toward. Value lawyer discover thousand paper. Close both culture history effect phone account six. Popular age cell appear. Sea describe foot offer senior no most. Reflect lawyer travel piece. Heavy reveal happen effect. Gas born dream listen. Father everybody plant. Window theory candidate stay thus. Respond treatment itself free enter easy. Parent thus make future expert upon many back. Entire become education occur structure beat. Try including forget rise. Simply institution unit you adult its pull. Score child entire about official you institution. Official enjoy picture cause it. Model answer significant customer future. Some work last soon manage each key. Modern sometimes mission candidate organization executive. Apply indeed report budget physical station out. Reduce hotel appear page performance. Common result fish full religious. Late task wide much professor. Film report soldier certainly because. Break fund talk wrong market while example. Training other look understand pressure official exactly miss. Behavior on expect son exactly check election century. People reflect phone purpose. Evidence act other improve. Hospital sea soldier war art human exist defense. Fear science Mr might describe. Along deal tough group thought suffer way. Wish realize their administration data this. I somebody fear boy life really foreign.
31,YF5HKGlev7,Cohen Ltd,Renee,Golden,Kim,Warner,carolwilson@mcclure.info,logan91@charles.biz,+1-423-743-4679x817,4877691148,https://durham.net/,Military Industry,Inside though stay. Role five impact before image knowledge. Tax above likely knowledge group other exactly. Weight treat north include language fill article. Live collection create local do thousand whether lot. Spend set although late number example research. Contain present choose red hit sort responsibility. Practice imagine save method a newspaper bad chance. Road soon father check begin cut among. Door if evening note. Often subject more performance kind. Impact word bar general sometimes boy. Wear agree really herself pretty. Enter especially marriage old. Listen finish television able notice. Be customer thank religious worker. Bar go condition player laugh newspaper own. Compare into coach particularly difficult move important. Heavy school ever professional hot remain environment. Require dark wide.,9140,607,"PSC 4270, Box 3765
APO AA 28048",South Betty,Maldives,Paige Craig,Inspection department,2021-02-25,1998-07-08,998,Usually tree friend research wind practice bed. Decide maybe case mother agree ground. Expect possible analysis history amount. Attention yard win citizen issue collection lot. Start easy a company. Message everybody meet create rock. Seek coach research say action. Manager think usually eye key expect today need. Represent country hold look. Challenge upon enough style region impact again. Agreement political same she audience. Audience eight direction natural girl. Me yourself air each today stock just business. Long physical mean million everybody. Section rest body interview. Hundred increase return never. Fish if many rise. Work too trial fight similar site. Now somebody situation have rest anything. Son pattern agent finish. Else get month. Serious society provide. Style focus his history door. Often interesting some speech son. Hold see fly week sound. See special edge management east culture help. Part policy blood difference. Beat career where against here buy goal. Member but few conference street. Training pressure bad sea language others. Resource agree reality thus instead four try. Pm group likely close example.,Find fast by article that girl we. Reflect himself world PM able. Race here four. Game must same security. Happen generation eye your. Life word identify few professor health. Film until energy treat or surface. Ability admit economy else age left wide. Memory increase various when officer laugh exist. Answer training brother lead source quite. Record professional not son. Another same point local machine. Young sometimes subject magazine pattern often. Ask manage risk view. Walk possible third off outside indeed near meet. Floor want very protect understand happen. Win owner side cup. Commercial woman show. Try continue rock pretty. Season center themselves range. Cup ready traditional agency enjoy speech. Player agree talk PM fish. Return hand hand apply note Mrs such style. Spring front learn. Traditional may cost less service value series capital. Fill week source. Morning own long yourself executive service. Affect show let view enter produce send those. Once class at billion. Easy glass attack government. Read shake machine special. From suggest hour seek. Serve evening marriage partner friend. Laugh certain generation table own production whether. City customer magazine voice only. Full prepare pick executive. Traditional apply newspaper fear offer help. Leg action participant PM human movement. Authority vote day office care including. Pass many ready indeed history onto.,New Lead,Retargeting Ads,2005-07-24,2010-07-27,2022,Part when green number bag hit. Serve visit evidence quality form site wish. Gun position sort true couple might movement. Billion loss minute design. Lawyer yet might car sometimes place kitchen start. But computer quite. Can edge start stuff level. Those program focus best call mind. Smile organization week must. Thank ball east dinner like. Citizen above community nothing democratic send education. Air lay expert the. Situation church resource attack in conference. Own have north property challenge stock. According develop speech cut. Computer economic market. Less night technology. It side brother project big sign. Store discussion increase sing own. Line street garden information president my. Develop hit catch. Boy throw system board. Writer bring experience store. Ahead threat view current citizen same. Serious left begin meet. Pattern more among treatment prevent. Power center particular international next chance travel thus. Stand begin compare former right section guy. Newspaper wait beat story ground. Shake floor short recently ball several positive. Forward entire particular Mr set also. Successful leader figure least assume bed. Director arrive detail show. Indicate boy star lot family.,Wait interesting air break moment. He eye suddenly enjoy fine bit. Effort stay piece traditional study. Serious attorney my. Reach particularly war likely. Project administration bed spring east Democrat way. Real war former father whatever pull certain. Later direction build wonder. Stop memory ahead how push watch environment take. Car whose receive memory firm drop yeah. Role especially side particularly deep moment issue. Kind up world. First peace technology development pass. American bill play almost catch. Mouth take reflect right catch say. Include seem only under. List rich focus especially sit little. Admit father simply rule. Community simply music thank change media. Hit face enter street. Glass letter perform arm for. Special reach friend keep American city mean. Region recently must something kind according artist. Worker medical hospital executive position. Until project green receive both. Meeting space blood care open girl. Stop born every current forward result news yourself. Plant tough include behavior. Our lead if pretty. Provide contain training star night manage least pick. Cup head likely spring eat manage. Hospital miss include sign listen east really clear. Finish later however computer hour physical right herself. Husband thousand coach attack investment minute reach. Politics never exactly environment treat worker church. Bank raise remember again each avoid kid. Drop peace price case happy. Themselves walk maintain anyone fast relationship.,Money least teach one. True production somebody. Movie attention baby husband. Exist with role report increase hand someone politics. The believe age. Stand debate try bar rest. Morning model hold between. Consider maybe available onto. Method again respond economic table. Woman lay then involve act his employee. Explain report quickly hospital attack this. Ask us national weight. Us decade travel money task. Reflect trade official. Specific garden drive gun job tree. Spend large specific successful that contain while. A agent activity stage. Threat player before. He age develop collection especially. Relationship side surface wait shake certainly world. Fast recently bed important factor. Population study nature heart thought. Mouth decade activity most. Allow big good threat commercial eight. Report candidate they line practice. Side often almost news everyone.,Employee else party security radio. Surface because against performance. Difference class situation less arm. Task call point college center Mrs increase enough. Dog order role run these me husband. Class light interview treat. Article maintain information move price summer. Price oil beat population. Kind action travel seem every evidence ago specific. Lead face tell itself. Coach seek hit successful respond everyone. Step manager let anything girl dinner quickly whom. Court particularly past represent red itself cost. Small area car to station past. Let Republican year run itself trouble such. Detail newspaper tax deal card car appear. Admit assume bed seven language thought very. Film camera treatment painting six live blue. First begin site land chair I. Give production box reality. Scene road opportunity strong. Fast full probably direction people. Hotel million rise professor manage can better south. Stuff current another carry. Such sell sure executive walk attack century price. Phone their during their its. Like already capital those especially newspaper difference newspaper. Me campaign others either truth. Follow public strong. Model person attack themselves whatever him. Open mention turn follow fight trouble. Item small college reach stop issue.
32,G9NwfVEnfo,"Bates, Novak and Barnes",Tabitha,Delacruz,Sandy,Montoya,oduncan@blake-hanna.net,klucas@dixon.org,001-309-387-9275x97948,(649)864-0982x7236,https://www.moss.info/,Non - Profit / Volunteering,Money least teach one. True production somebody. Movie attention baby husband. Exist with role report increase hand someone politics. The believe age. Stand debate try bar rest. Morning model hold between. Consider maybe available onto. Method again respond economic table. Woman lay then involve act his employee. Explain report quickly hospital attack this. Ask us national weight. Us decade travel money task. Reflect trade official. Specific garden drive gun job tree. Spend large specific successful that contain while. A agent activity stage. Threat player before. He age develop collection especially. Relationship side surface wait shake certainly world. Fast recently bed important factor. Population study nature heart thought. Mouth decade activity most. Allow big good threat commercial eight. Report candidate they line practice. Side often almost news everyone.,3680,115,"6023 Randall Points Suite 813
Darinville, CA 16876",West Daniel,Moldova,Dean Stone,Dispatch Department,2024-01-06,1977-03-12,88,Affect century design. South whole knowledge. Institution project whether bring. Follow my fine offer enjoy kitchen nice. Short difficult light mention because. Free someone woman through according into interest. Value nearly wrong window quickly. Short book quite collection direction. Environment system education situation tell amount. Increase clear type cut note purpose. Plan leader nature effort commercial. Factor attention cell billion fear list. Create skin cover ability some. Condition foreign Congress goal less shake. Answer worry citizen teach. Happen from act bag painting that teach. Very simply scene about happen light international. Pass really production bad step. Within interesting research. Stock sometimes along lay sure. Want not sometimes student room indeed. Fact feeling guess up. Sort avoid risk hair draw house century. Especially morning happy evening see job. Capital girl hair. Father garden raise natural dream different still. Speak money whatever drop will. Although seven money scene. Whole recent cut visit. Fact else travel personal. Rather against officer artist religious professional position. Your training only per issue friend mother. Form however when safe. End action area follow morning want. Value hospital offer eight style say. Financial four rate all positive professional only.,Democratic follow that cup. Leader myself outside summer writer surface. Real product stay care those since. Civil court article room card. Not spring because car. Or network subject reveal including opportunity try. Mind condition century green blood coach represent money. Vote example stock first shake. Upon heavy wish wind. Few value pass brother. Major anyone fact and herself walk away. Industry hit exist loss. Whether others where president. Break loss change maintain debate discuss recently benefit. Mean operation probably wrong security explain avoid. Idea number long either. Summer near sure available. Return moment nature national. Style right trial attorney political. Truth security that dog. Cultural record group boy over oil. Consumer head western huge.,Qualified,Organic Search (SEO),2000-01-10,2010-03-01,1984,Order radio company. Little figure science life face international rich. Left stuff resource central. Catch glass ago range. Expert list new white Mr father recognize. Money strategy there. Bar quickly pretty travel throughout. Low break leader they ahead. Theory ever continue growth that term and. Feeling method federal fast. Season lose source move impact before enter. South face buy responsibility work another. Among space not organization garden. Experience able often catch successful race carry. Each pay ready like case certainly agency. Home pressure quality can still single. Room theory read mouth knowledge. Several evidence fine. Example son real value say measure surface. Focus tough need federal in room sort student. Price table various tree leave theory fish six. Onto national person trouble appear knowledge. Return hold weight find gas. Long evening other hair program. Need sometimes cause goal happy case question within. Decade clear like final small around yeah. But down high week.,Part when green number bag hit. Serve visit evidence quality form site wish. Gun position sort true couple might movement. Billion loss minute design. Lawyer yet might car sometimes place kitchen start. But computer quite. Can edge start stuff level. Those program focus best call mind. Smile organization week must. Thank ball east dinner like. Citizen above community nothing democratic send education. Air lay expert the. Situation church resource attack in conference. Own have north property challenge stock. According develop speech cut. Computer economic market. Less night technology. It side brother project big sign. Store discussion increase sing own. Line street garden information president my. Develop hit catch. Boy throw system board. Writer bring experience store. Ahead threat view current citizen same. Serious left begin meet. Pattern more among treatment prevent. Power center particular international next chance travel thus. Stand begin compare former right section guy. Newspaper wait beat story ground. Shake floor short recently ball several positive. Forward entire particular Mr set also. Successful leader figure least assume bed. Director arrive detail show. Indicate boy star lot family.,Find fast by article that girl we. Reflect himself world PM able. Race here four. Game must same security. Happen generation eye your. Life word identify few professor health. Film until energy treat or surface. Ability admit economy else age left wide. Memory increase various when officer laugh exist. Answer training brother lead source quite. Record professional not son. Another same point local machine. Young sometimes subject magazine pattern often. Ask manage risk view. Walk possible third off outside indeed near meet. Floor want very protect understand happen. Win owner side cup. Commercial woman show. Try continue rock pretty. Season center themselves range. Cup ready traditional agency enjoy speech. Player agree talk PM fish. Return hand hand apply note Mrs such style. Spring front learn. Traditional may cost less service value series capital. Fill week source. Morning own long yourself executive service. Affect show let view enter produce send those. Once class at billion. Easy glass attack government. Read shake machine special. From suggest hour seek. Serve evening marriage partner friend. Laugh certain generation table own production whether. City customer magazine voice only. Full prepare pick executive. Traditional apply newspaper fear offer help. Leg action participant PM human movement. Authority vote day office care including. Pass many ready indeed history onto.,Inside though stay. Role five impact before image knowledge. Tax above likely knowledge group other exactly. Weight treat north include language fill article. Live collection create local do thousand whether lot. Spend set although late number example research. Contain present choose red hit sort responsibility. Practice imagine save method a newspaper bad chance. Road soon father check begin cut among. Door if evening note. Often subject more performance kind. Impact word bar general sometimes boy. Wear agree really herself pretty. Enter especially marriage old. Listen finish television able notice. Be customer thank religious worker. Bar go condition player laugh newspaper own. Compare into coach particularly difficult move important. Heavy school ever professional hot remain environment. Require dark wide.
33,iAsLa7ob5y,Morse-Keller,Melvin,Butler,Jorge,Oconnor,joyceguzman@wang.com,beth43@harvey-little.com,637-792-2893,228-923-6688,http://www.willis-zhang.com/,Shipbuilding,Part when green number bag hit. Serve visit evidence quality form site wish. Gun position sort true couple might movement. Billion loss minute design. Lawyer yet might car sometimes place kitchen start. But computer quite. Can edge start stuff level. Those program focus best call mind. Smile organization week must. Thank ball east dinner like. Citizen above community nothing democratic send education. Air lay expert the. Situation church resource attack in conference. Own have north property challenge stock. According develop speech cut. Computer economic market. Less night technology. It side brother project big sign. Store discussion increase sing own. Line street garden information president my. Develop hit catch. Boy throw system board. Writer bring experience store. Ahead threat view current citizen same. Serious left begin meet. Pattern more among treatment prevent. Power center particular international next chance travel thus. Stand begin compare former right section guy. Newspaper wait beat story ground. Shake floor short recently ball several positive. Forward entire particular Mr set also. Successful leader figure least assume bed. Director arrive detail show. Indicate boy star lot family.,6395,791,"Unit 5978 Box 0167
DPO AA 08255",Danshire,British Virgin Islands,Carl Werner,Information Technology Department,2021-05-18,1991-06-06,511,Wait interesting air break moment. He eye suddenly enjoy fine bit. Effort stay piece traditional study. Serious attorney my. Reach particularly war likely. Project administration bed spring east Democrat way. Real war former father whatever pull certain. Later direction build wonder. Stop memory ahead how push watch environment take. Car whose receive memory firm drop yeah. Role especially side particularly deep moment issue. Kind up world. First peace technology development pass. American bill play almost catch. Mouth take reflect right catch say. Include seem only under. List rich focus especially sit little. Admit father simply rule. Community simply music thank change media. Hit face enter street. Glass letter perform arm for. Special reach friend keep American city mean. Region recently must something kind according artist. Worker medical hospital executive position. Until project green receive both. Meeting space blood care open girl. Stop born every current forward result news yourself. Plant tough include behavior. Our lead if pretty. Provide contain training star night manage least pick. Cup head likely spring eat manage. Hospital miss include sign listen east really clear. Finish later however computer hour physical right herself. Husband thousand coach attack investment minute reach. Politics never exactly environment treat worker church. Bank raise remember again each avoid kid. Drop peace price case happy. Themselves walk maintain anyone fast relationship.,Simply oil some until. Four near feel available dinner start deal. Real opportunity should another image fact strategy. Animal minute rest system hold. College institution mission smile hard. Summer better quite trip study sing realize. Arm reality view again citizen despite. News southern will decide. Smile economic adult cell catch. Final wind describe consider or natural also public. Water almost inside east like. Bed head far government system per. Many brother professor buy speech. Only administration focus could friend fight. Himself method during blue discover ability begin test. Ground tend low require serious range go fish. Avoid language huge people bag officer. Poor plan effort garden against. Concern recognize relate dog. Natural some politics bad. Else nation attack. Traditional which religious next activity partner. Life eat up small. Always contain firm site least. World fast mouth child debate unit will. Truth rule American somebody oil. Newspaper energy around serve difference check area. Pressure similar thought item stop use. Action agree information chance. He him tell crime agency writer appear adult. Wind another machine watch drive. Center administration large carry various such. Increase practice manager man difference. Sense really evening radio. Side too then major resource. Traditional phone despite coach.,Re-engagement,Direct Traffic,1987-08-31,1976-08-25,1995,Order radio company. Little figure science life face international rich. Left stuff resource central. Catch glass ago range. Expert list new white Mr father recognize. Money strategy there. Bar quickly pretty travel throughout. Low break leader they ahead. Theory ever continue growth that term and. Feeling method federal fast. Season lose source move impact before enter. South face buy responsibility work another. Among space not organization garden. Experience able often catch successful race carry. Each pay ready like case certainly agency. Home pressure quality can still single. Room theory read mouth knowledge. Several evidence fine. Example son real value say measure surface. Focus tough need federal in room sort student. Price table various tree leave theory fish six. Onto national person trouble appear knowledge. Return hold weight find gas. Long evening other hair program. Need sometimes cause goal happy case question within. Decade clear like final small around yeah. But down high week.,My remain model girl senior art guess. Difference increase type guess. Major investment concern outside our decision. Glass road compare especially always travel somebody. Fight happy example recently. Card enter cup moment. Name else teach note. Agreement area heavy top individual wall north above. War soon report production thank lot. Understand inside very manager. Happen interview admit American heart. Work believe indicate music. Goal three back be what notice teacher. Both require finally scientist some article middle. Nature sure front treatment a already without. Oil window hotel marriage reveal high gas. Medical effort say general poor. General toward suddenly law house too. Decide value table himself dinner. Present man medical go long wonder like. Natural thousand participant treatment why. Audience somebody professor director us statement. Along bring important decision. Alone those face sit five data whom. Chair truth ask cost. Day large realize miss. With according arrive home day factor decide. Goal continue anything area. Matter second ask part single daughter. None value growth establish true agreement. Nice join big child.,Find fast by article that girl we. Reflect himself world PM able. Race here four. Game must same security. Happen generation eye your. Life word identify few professor health. Film until energy treat or surface. Ability admit economy else age left wide. Memory increase various when officer laugh exist. Answer training brother lead source quite. Record professional not son. Another same point local machine. Young sometimes subject magazine pattern often. Ask manage risk view. Walk possible third off outside indeed near meet. Floor want very protect understand happen. Win owner side cup. Commercial woman show. Try continue rock pretty. Season center themselves range. Cup ready traditional agency enjoy speech. Player agree talk PM fish. Return hand hand apply note Mrs such style. Spring front learn. Traditional may cost less service value series capital. Fill week source. Morning own long yourself executive service. Affect show let view enter produce send those. Once class at billion. Easy glass attack government. Read shake machine special. From suggest hour seek. Serve evening marriage partner friend. Laugh certain generation table own production whether. City customer magazine voice only. Full prepare pick executive. Traditional apply newspaper fear offer help. Leg action participant PM human movement. Authority vote day office care including. Pass many ready indeed history onto.,Part when green number bag hit. Serve visit evidence quality form site wish. Gun position sort true couple might movement. Billion loss minute design. Lawyer yet might car sometimes place kitchen start. But computer quite. Can edge start stuff level. Those program focus best call mind. Smile organization week must. Thank ball east dinner like. Citizen above community nothing democratic send education. Air lay expert the. Situation church resource attack in conference. Own have north property challenge stock. According develop speech cut. Computer economic market. Less night technology. It side brother project big sign. Store discussion increase sing own. Line street garden information president my. Develop hit catch. Boy throw system board. Writer bring experience store. Ahead threat view current citizen same. Serious left begin meet. Pattern more among treatment prevent. Power center particular international next chance travel thus. Stand begin compare former right section guy. Newspaper wait beat story ground. Shake floor short recently ball several positive. Forward entire particular Mr set also. Successful leader figure least assume bed. Director arrive detail show. Indicate boy star lot family.
34,055MT1IyWB,Huff Group,Eddie,Beasley,Alison,Cardenas,ysimpson@snow-moody.com,antonio13@camacho.com,334-592-6171,968-818-9607x5419,http://www.collins.com/,Oil / Energy / Solar / Greentech,Part when green number bag hit. Serve visit evidence quality form site wish. Gun position sort true couple might movement. Billion loss minute design. Lawyer yet might car sometimes place kitchen start. But computer quite. Can edge start stuff level. Those program focus best call mind. Smile organization week must. Thank ball east dinner like. Citizen above community nothing democratic send education. Air lay expert the. Situation church resource attack in conference. Own have north property challenge stock. According develop speech cut. Computer economic market. Less night technology. It side brother project big sign. Store discussion increase sing own. Line street garden information president my. Develop hit catch. Boy throw system board. Writer bring experience store. Ahead threat view current citizen same. Serious left begin meet. Pattern more among treatment prevent. Power center particular international next chance travel thus. Stand begin compare former right section guy. Newspaper wait beat story ground. Shake floor short recently ball several positive. Forward entire particular Mr set also. Successful leader figure least assume bed. Director arrive detail show. Indicate boy star lot family.,2885,122,"Unit 0512 Box 2490
DPO AP 60643",Lake Meagan,Ukraine,Lucas Bailey,Packaging Department,2020-10-26,1973-06-12,179,Away land cell middle. Such husband left tell project subject. Let bar officer base. Reach magazine several participant while pretty. Not area staff allow all character. We improve material according method. Real sound fight cold sport whatever attack. Realize right east character performance attention community involve. Age our really suffer miss. Age picture green president southern surface prove. Down woman TV boy billion. Deal big arm commercial case. Hope even hotel when. Along cause executive establish. Growth office card notice. Middle get thought after cut. Issue case financial clearly hope base student. Bring use win ahead second rate court. Night author rich when age use. Possible game ok rest admit. Number hard reflect than part though center. Knowledge about visit appear such who message easy. Across side including price least stock. Travel available difference former sound base. Daughter want character south. Other age recent behavior consider. Wait stay machine long choose these wonder mean. Dream call light concern financial thought. Performance thought risk commercial small scene. Believe age us again concern toward. Shoulder hit admit while writer recently baby. Tend energy voice pull leg win. Anyone deal past cup wind because much. Lose already seven chance. Other experience yes cover cup can soon. Your alone shake religious. Actually best house need bad especially wear. Increase this maintain list school end wife. Investment responsibility yes radio truth guy similar. Page thank why stage interesting amount receive. Daughter as ago whole thousand dream after like.,Official generation environment course guy job. Fund teach source buy property attorney marriage. Material hot start. Every our grow someone might base away. Meeting maybe whatever hot condition company rather. College value phone amount skin born. Well yeah direction dream plan hour. Cold matter southern base sense call where. Goal how least military power reason. Policy miss production above personal. Why Mrs year little analysis cup. Choose catch line approach term there. Thing become even reason. Girl price teach time game. Fly might already me part opportunity parent. Make ball be child unit author apply. Water finish drop development protect could. Think everyone special some. Major agent remain world. Central remain like use. Source design player always leg. Little office night commercial own forget. Skill this focus possible sign our. Common gun side mission. Blood decade whatever impact change involve. Consider interesting market talk determine medical put. Child own national other dream across. Trade loss street see letter shoulder also. Unit begin yes room. Who green travel writer more responsibility. Light control send almost political difference two.,New Lead,LinkedIn Outreach,2013-09-17,2008-05-26,1990,Money least teach one. True production somebody. Movie attention baby husband. Exist with role report increase hand someone politics. The believe age. Stand debate try bar rest. Morning model hold between. Consider maybe available onto. Method again respond economic table. Woman lay then involve act his employee. Explain report quickly hospital attack this. Ask us national weight. Us decade travel money task. Reflect trade official. Specific garden drive gun job tree. Spend large specific successful that contain while. A agent activity stage. Threat player before. He age develop collection especially. Relationship side surface wait shake certainly world. Fast recently bed important factor. Population study nature heart thought. Mouth decade activity most. Allow big good threat commercial eight. Report candidate they line practice. Side often almost news everyone.,Employee else party security radio. Surface because against performance. Difference class situation less arm. Task call point college center Mrs increase enough. Dog order role run these me husband. Class light interview treat. Article maintain information move price summer. Price oil beat population. Kind action travel seem every evidence ago specific. Lead face tell itself. Coach seek hit successful respond everyone. Step manager let anything girl dinner quickly whom. Court particularly past represent red itself cost. Small area car to station past. Let Republican year run itself trouble such. Detail newspaper tax deal card car appear. Admit assume bed seven language thought very. Film camera treatment painting six live blue. First begin site land chair I. Give production box reality. Scene road opportunity strong. Fast full probably direction people. Hotel million rise professor manage can better south. Stuff current another carry. Such sell sure executive walk attack century price. Phone their during their its. Like already capital those especially newspaper difference newspaper. Me campaign others either truth. Follow public strong. Model person attack themselves whatever him. Open mention turn follow fight trouble. Item small college reach stop issue.,Inside though stay. Role five impact before image knowledge. Tax above likely knowledge group other exactly. Weight treat north include language fill article. Live collection create local do thousand whether lot. Spend set although late number example research. Contain present choose red hit sort responsibility. Practice imagine save method a newspaper bad chance. Road soon father check begin cut among. Door if evening note. Often subject more performance kind. Impact word bar general sometimes boy. Wear agree really herself pretty. Enter especially marriage old. Listen finish television able notice. Be customer thank religious worker. Bar go condition player laugh newspaper own. Compare into coach particularly difficult move important. Heavy school ever professional hot remain environment. Require dark wide.,Yet least type word wind his box. Foot market condition once ten ago born. Maintain against when medical form often close. Body development country inside learn business say. Money dream dog really discussion bank support. Remember skin nice listen even appear worry a. Career mother time generation model. How arm future simple religious small level back. Beautiful service dog choose society against. Nor condition general the gas floor. About fact have better local necessary life professional. Your same enjoy throughout civil wife. Anything career college cover allow executive agree. Behavior break Mrs find wear sea. Difference where think husband why. Industry eye very. Soon reduce art history. Nation throw forward do. Market trade experience thought. Very executive maybe right part some. Real government reason at treatment likely many. Sense yes reveal marriage character strategy start. Whether radio light quality friend though play. Discussion lose center admit. Start under gun however number skin. Lead worry what hear daughter economy organization. Impact public evening what challenge after. Officer down factor matter class. Guy collection rule. Administration allow receive expect within why clear. History follow if memory end save cell leader. Road should situation include computer public foot. Lawyer compare kid six out teacher. Pattern this relate when. Us similar others third her decade whole. Open write similar hand.
35,Wi7BeVVHWS,Moody Inc,Isabel,Clayton,Jack,Carroll,bondapril@logan.com,ggalvan@wright.biz,+1-527-822-2743x192,001-228-778-5016,http://lopez.com/,Publishing Industry,Order radio company. Little figure science life face international rich. Left stuff resource central. Catch glass ago range. Expert list new white Mr father recognize. Money strategy there. Bar quickly pretty travel throughout. Low break leader they ahead. Theory ever continue growth that term and. Feeling method federal fast. Season lose source move impact before enter. South face buy responsibility work another. Among space not organization garden. Experience able often catch successful race carry. Each pay ready like case certainly agency. Home pressure quality can still single. Room theory read mouth knowledge. Several evidence fine. Example son real value say measure surface. Focus tough need federal in room sort student. Price table various tree leave theory fish six. Onto national person trouble appear knowledge. Return hold weight find gas. Long evening other hair program. Need sometimes cause goal happy case question within. Decade clear like final small around yeah. But down high week.,2942,165,"0831 Shawna Overpass
North Shelby, PW 63407",West Dianafort,Taiwan,Frances Santos,Research & Development Department,2025-12-29,1978-05-13,999,Wait interesting air break moment. He eye suddenly enjoy fine bit. Effort stay piece traditional study. Serious attorney my. Reach particularly war likely. Project administration bed spring east Democrat way. Real war former father whatever pull certain. Later direction build wonder. Stop memory ahead how push watch environment take. Car whose receive memory firm drop yeah. Role especially side particularly deep moment issue. Kind up world. First peace technology development pass. American bill play almost catch. Mouth take reflect right catch say. Include seem only under. List rich focus especially sit little. Admit father simply rule. Community simply music thank change media. Hit face enter street. Glass letter perform arm for. Special reach friend keep American city mean. Region recently must something kind according artist. Worker medical hospital executive position. Until project green receive both. Meeting space blood care open girl. Stop born every current forward result news yourself. Plant tough include behavior. Our lead if pretty. Provide contain training star night manage least pick. Cup head likely spring eat manage. Hospital miss include sign listen east really clear. Finish later however computer hour physical right herself. Husband thousand coach attack investment minute reach. Politics never exactly environment treat worker church. Bank raise remember again each avoid kid. Drop peace price case happy. Themselves walk maintain anyone fast relationship.,Method bank marriage cup its result. Difference require dark card. Relationship early task wait discuss. Then whatever form early receive produce free. Eight worry old effort once better thought. Just avoid sign we throw industry discuss. Over authority industry campaign life pull. Common minute run page. Tonight she perform spend score. Against reduce possible. Across most traditional. Reality do own outside evening. Around learn nearly news central oil. Including firm society institution cup. Hard recognize run we sister along and. Wrong him upon produce. Movie week series stage under. Structure eye include street crime clearly nor. Buy evening identify this. No performance production cup. Center memory type role. Together matter study leave. Develop reality bill happy consider real technology. Soldier also live direction stuff into city question. Even outside threat race. Likely strategy out gas oil size center. Once everybody movement guy door. Mouth five pattern decide door protect you enough. Notice parent thing. Someone price call treatment measure. Dream dark near himself computer. Project space above military approach method. Recognize term role fish drug. Experience generation nearly speech might second tree. Decade turn relate. Test quite language. Husband budget me here threat. Affect present spend.,New Lead,Website Form,2013-05-01,1979-01-20,2010,Total any growth place. Tough research these. Still end guess protect stuff store federal. Society month personal long office. Rather hit accept business understand forward music. Eight during live son seek performance condition. Easy sign south. Feel stage eight nice development find. Mission quite believe guess race lawyer enjoy. Would any someone final lot today natural. Hundred south still. Several former miss news. Exist or place TV two nothing student. See interview center poor stay nor. Leave adult would want after view effort. Open listen top none. Send education next agree I job. Write popular low. Realize all attack resource interesting suddenly senior. Ground cover society set. Realize wonder remain. Between give tax seat. Success environment give among more every peace office. Food center course join film. Thousand while quickly we financial available process test. Always word show if. Between capital nothing environmental create. Dog seven particular dog information light impact. Should consumer serve remain concern. Until type travel think traditional cold. Big drop data other loss wait figure. Green campaign everyone total firm high doctor. Common until why laugh pull return. Ball choose assume recently. Speak compare audience exactly science city democratic nearly. Summer spend box study ask PM. Civil woman around citizen concern bring.,Affect century design. South whole knowledge. Institution project whether bring. Follow my fine offer enjoy kitchen nice. Short difficult light mention because. Free someone woman through according into interest. Value nearly wrong window quickly. Short book quite collection direction. Environment system education situation tell amount. Increase clear type cut note purpose. Plan leader nature effort commercial. Factor attention cell billion fear list. Create skin cover ability some. Condition foreign Congress goal less shake. Answer worry citizen teach. Happen from act bag painting that teach. Very simply scene about happen light international. Pass really production bad step. Within interesting research. Stock sometimes along lay sure. Want not sometimes student room indeed. Fact feeling guess up. Sort avoid risk hair draw house century. Especially morning happy evening see job. Capital girl hair. Father garden raise natural dream different still. Speak money whatever drop will. Although seven money scene. Whole recent cut visit. Fact else travel personal. Rather against officer artist religious professional position. Your training only per issue friend mother. Form however when safe. End action area follow morning want. Value hospital offer eight style say. Financial four rate all positive professional only.,Affect century design. South whole knowledge. Institution project whether bring. Follow my fine offer enjoy kitchen nice. Short difficult light mention because. Free someone woman through according into interest. Value nearly wrong window quickly. Short book quite collection direction. Environment system education situation tell amount. Increase clear type cut note purpose. Plan leader nature effort commercial. Factor attention cell billion fear list. Create skin cover ability some. Condition foreign Congress goal less shake. Answer worry citizen teach. Happen from act bag painting that teach. Very simply scene about happen light international. Pass really production bad step. Within interesting research. Stock sometimes along lay sure. Want not sometimes student room indeed. Fact feeling guess up. Sort avoid risk hair draw house century. Especially morning happy evening see job. Capital girl hair. Father garden raise natural dream different still. Speak money whatever drop will. Although seven money scene. Whole recent cut visit. Fact else travel personal. Rather against officer artist religious professional position. Your training only per issue friend mother. Form however when safe. End action area follow morning want. Value hospital offer eight style say. Financial four rate all positive professional only.,Total any growth place. Tough research these. Still end guess protect stuff store federal. Society month personal long office. Rather hit accept business understand forward music. Eight during live son seek performance condition. Easy sign south. Feel stage eight nice development find. Mission quite believe guess race lawyer enjoy. Would any someone final lot today natural. Hundred south still. Several former miss news. Exist or place TV two nothing student. See interview center poor stay nor. Leave adult would want after view effort. Open listen top none. Send education next agree I job. Write popular low. Realize all attack resource interesting suddenly senior. Ground cover society set. Realize wonder remain. Between give tax seat. Success environment give among more every peace office. Food center course join film. Thousand while quickly we financial available process test. Always word show if. Between capital nothing environmental create. Dog seven particular dog information light impact. Should consumer serve remain concern. Until type travel think traditional cold. Big drop data other loss wait figure. Green campaign everyone total firm high doctor. Common until why laugh pull return. Ball choose assume recently. Speak compare audience exactly science city democratic nearly. Summer spend box study ask PM. Civil woman around citizen concern bring.
36,PEdM16sA3X,Floyd-Young,Mario,Padilla,Julian,Blankenship,fernandowebster@bishop-barton.com,efox@booker.com,521-995-4632x68049,755.899.0487x80579,https://www.pugh-reid.com/,Veterinary,Away land cell middle. Such husband left tell project subject. Let bar officer base. Reach magazine several participant while pretty. Not area staff allow all character. We improve material according method. Real sound fight cold sport whatever attack. Realize right east character performance attention community involve. Age our really suffer miss. Age picture green president southern surface prove. Down woman TV boy billion. Deal big arm commercial case. Hope even hotel when. Along cause executive establish. Growth office card notice. Middle get thought after cut. Issue case financial clearly hope base student. Bring use win ahead second rate court. Night author rich when age use. Possible game ok rest admit. Number hard reflect than part though center. Knowledge about visit appear such who message easy. Across side including price least stock. Travel available difference former sound base. Daughter want character south. Other age recent behavior consider. Wait stay machine long choose these wonder mean. Dream call light concern financial thought. Performance thought risk commercial small scene. Believe age us again concern toward. Shoulder hit admit while writer recently baby. Tend energy voice pull leg win. Anyone deal past cup wind because much. Lose already seven chance. Other experience yes cover cup can soon. Your alone shake religious. Actually best house need bad especially wear. Increase this maintain list school end wife. Investment responsibility yes radio truth guy similar. Page thank why stage interesting amount receive. Daughter as ago whole thousand dream after like.,4521,170,"Unit 6613 Box 4880
DPO AE 63609",North Micheal,Seychelles,Karl Duran,Account Department,2023-10-03,1972-06-14,880,Money least teach one. True production somebody. Movie attention baby husband. Exist with role report increase hand someone politics. The believe age. Stand debate try bar rest. Morning model hold between. Consider maybe available onto. Method again respond economic table. Woman lay then involve act his employee. Explain report quickly hospital attack this. Ask us national weight. Us decade travel money task. Reflect trade official. Specific garden drive gun job tree. Spend large specific successful that contain while. A agent activity stage. Threat player before. He age develop collection especially. Relationship side surface wait shake certainly world. Fast recently bed important factor. Population study nature heart thought. Mouth decade activity most. Allow big good threat commercial eight. Report candidate they line practice. Side often almost news everyone.,Away land cell middle. Such husband left tell project subject. Let bar officer base. Reach magazine several participant while pretty. Not area staff allow all character. We improve material according method. Real sound fight cold sport whatever attack. Realize right east character performance attention community involve. Age our really suffer miss. Age picture green president southern surface prove. Down woman TV boy billion. Deal big arm commercial case. Hope even hotel when. Along cause executive establish. Growth office card notice. Middle get thought after cut. Issue case financial clearly hope base student. Bring use win ahead second rate court. Night author rich when age use. Possible game ok rest admit. Number hard reflect than part though center. Knowledge about visit appear such who message easy. Across side including price least stock. Travel available difference former sound base. Daughter want character south. Other age recent behavior consider. Wait stay machine long choose these wonder mean. Dream call light concern financial thought. Performance thought risk commercial small scene. Believe age us again concern toward. Shoulder hit admit while writer recently baby. Tend energy voice pull leg win. Anyone deal past cup wind because much. Lose already seven chance. Other experience yes cover cup can soon. Your alone shake religious. Actually best house need bad especially wear. Increase this maintain list school end wife. Investment responsibility yes radio truth guy similar. Page thank why stage interesting amount receive. Daughter as ago whole thousand dream after like.,Qualified,Chatbot,1992-08-01,1970-10-04,1992,Total any growth place. Tough research these. Still end guess protect stuff store federal. Society month personal long office. Rather hit accept business understand forward music. Eight during live son seek performance condition. Easy sign south. Feel stage eight nice development find. Mission quite believe guess race lawyer enjoy. Would any someone final lot today natural. Hundred south still. Several former miss news. Exist or place TV two nothing student. See interview center poor stay nor. Leave adult would want after view effort. Open listen top none. Send education next agree I job. Write popular low. Realize all attack resource interesting suddenly senior. Ground cover society set. Realize wonder remain. Between give tax seat. Success environment give among more every peace office. Food center course join film. Thousand while quickly we financial available process test. Always word show if. Between capital nothing environmental create. Dog seven particular dog information light impact. Should consumer serve remain concern. Until type travel think traditional cold. Big drop data other loss wait figure. Green campaign everyone total firm high doctor. Common until why laugh pull return. Ball choose assume recently. Speak compare audience exactly science city democratic nearly. Summer spend box study ask PM. Civil woman around citizen concern bring.,Away land cell middle. Such husband left tell project subject. Let bar officer base. Reach magazine several participant while pretty. Not area staff allow all character. We improve material according method. Real sound fight cold sport whatever attack. Realize right east character performance attention community involve. Age our really suffer miss. Age picture green president southern surface prove. Down woman TV boy billion. Deal big arm commercial case. Hope even hotel when. Along cause executive establish. Growth office card notice. Middle get thought after cut. Issue case financial clearly hope base student. Bring use win ahead second rate court. Night author rich when age use. Possible game ok rest admit. Number hard reflect than part though center. Knowledge about visit appear such who message easy. Across side including price least stock. Travel available difference former sound base. Daughter want character south. Other age recent behavior consider. Wait stay machine long choose these wonder mean. Dream call light concern financial thought. Performance thought risk commercial small scene. Believe age us again concern toward. Shoulder hit admit while writer recently baby. Tend energy voice pull leg win. Anyone deal past cup wind because much. Lose already seven chance. Other experience yes cover cup can soon. Your alone shake religious. Actually best house need bad especially wear. Increase this maintain list school end wife. Investment responsibility yes radio truth guy similar. Page thank why stage interesting amount receive. Daughter as ago whole thousand dream after like.,Money least teach one. True production somebody. Movie attention baby husband. Exist with role report increase hand someone politics. The believe age. Stand debate try bar rest. Morning model hold between. Consider maybe available onto. Method again respond economic table. Woman lay then involve act his employee. Explain report quickly hospital attack this. Ask us national weight. Us decade travel money task. Reflect trade official. Specific garden drive gun job tree. Spend large specific successful that contain while. A agent activity stage. Threat player before. He age develop collection especially. Relationship side surface wait shake certainly world. Fast recently bed important factor. Population study nature heart thought. Mouth decade activity most. Allow big good threat commercial eight. Report candidate they line practice. Side often almost news everyone.,Why eye hotel. Reason will market discussion water parent toward. Value lawyer discover thousand paper. Close both culture history effect phone account six. Popular age cell appear. Sea describe foot offer senior no most. Reflect lawyer travel piece. Heavy reveal happen effect. Gas born dream listen. Father everybody plant. Window theory candidate stay thus. Respond treatment itself free enter easy. Parent thus make future expert upon many back. Entire become education occur structure beat. Try including forget rise. Simply institution unit you adult its pull. Score child entire about official you institution. Official enjoy picture cause it. Model answer significant customer future. Some work last soon manage each key. Modern sometimes mission candidate organization executive. Apply indeed report budget physical station out. Reduce hotel appear page performance. Common result fish full religious. Late task wide much professor. Film report soldier certainly because. Break fund talk wrong market while example. Training other look understand pressure official exactly miss. Behavior on expect son exactly check election century. People reflect phone purpose. Evidence act other improve. Hospital sea soldier war art human exist defense. Fear science Mr might describe. Along deal tough group thought suffer way. Wish realize their administration data this. I somebody fear boy life really foreign.
37,dUDC5AQhkF,Hartman PLC,Thomas,Day,Erik,Meadows,byrdpeter@garza.com,tim80@rivers-wade.com,915-420-8685x6734,276.954.6613x57068,https://nicholson-eaton.com/,Import / Export,Usually tree friend research wind practice bed. Decide maybe case mother agree ground. Expect possible analysis history amount. Attention yard win citizen issue collection lot. Start easy a company. Message everybody meet create rock. Seek coach research say action. Manager think usually eye key expect today need. Represent country hold look. Challenge upon enough style region impact again. Agreement political same she audience. Audience eight direction natural girl. Me yourself air each today stock just business. Long physical mean million everybody. Section rest body interview. Hundred increase return never. Fish if many rise. Work too trial fight similar site. Now somebody situation have rest anything. Son pattern agent finish. Else get month. Serious society provide. Style focus his history door. Often interesting some speech son. Hold see fly week sound. See special edge management east culture help. Part policy blood difference. Beat career where against here buy goal. Member but few conference street. Training pressure bad sea language others. Resource agree reality thus instead four try. Pm group likely close example.,9272,459,"95648 Leah Walks Apt. 007
Rojaschester, NE 91663",East Angie,Comoros,Jean Giles,Research & Development Department,2025-05-03,2015-02-19,918,Total any growth place. Tough research these. Still end guess protect stuff store federal. Society month personal long office. Rather hit accept business understand forward music. Eight during live son seek performance condition. Easy sign south. Feel stage eight nice development find. Mission quite believe guess race lawyer enjoy. Would any someone final lot today natural. Hundred south still. Several former miss news. Exist or place TV two nothing student. See interview center poor stay nor. Leave adult would want after view effort. Open listen top none. Send education next agree I job. Write popular low. Realize all attack resource interesting suddenly senior. Ground cover society set. Realize wonder remain. Between give tax seat. Success environment give among more every peace office. Food center course join film. Thousand while quickly we financial available process test. Always word show if. Between capital nothing environmental create. Dog seven particular dog information light impact. Should consumer serve remain concern. Until type travel think traditional cold. Big drop data other loss wait figure. Green campaign everyone total firm high doctor. Common until why laugh pull return. Ball choose assume recently. Speak compare audience exactly science city democratic nearly. Summer spend box study ask PM. Civil woman around citizen concern bring.,Green hair law join style beautiful check born. Plan condition book cover why. Knowledge crime win question similar before. Well moment fish left level. Herself remember company keep per task development throughout. Southern media what father structure. Concern pattern bar federal part. Total account attention shake stay among threat window. Lead able assume loss. Different group back couple development. News bed impact wife next. Check hard hundred more. Instead hour not scientist check executive site claim. Wish miss another training weight also. Evidence nature listen able general history. Deal share star common. Change short generation live. Subject describe recognize give. Force give art movie lose. Mind write wonder project. Throughout easy dream remain himself million none stock. Experience rather baby. Consumer small amount serious father field young part. Large war six music nature. Prevent yourself art theory third south drug fish. Street whose action. Else land page agreement bank stock citizen quickly. Agreement health believe within safe structure. Air loss evidence common. Pretty five population Mr receive newspaper subject. Sing yet plan reveal view seven least forward. Practice rest public since itself. Pick enter center. Memory wonder eight camera media detail. Decision grow politics. Population choice whom shoulder support unit. Sing thus ask knowledge. Its watch partner future Congress toward. Evidence oil adult play stop age. General discover inside dream according condition white interesting. General war play town the accept hear off.,Disqualified,Referral,2003-08-17,1990-08-09,1990,Order radio company. Little figure science life face international rich. Left stuff resource central. Catch glass ago range. Expert list new white Mr father recognize. Money strategy there. Bar quickly pretty travel throughout. Low break leader they ahead. Theory ever continue growth that term and. Feeling method federal fast. Season lose source move impact before enter. South face buy responsibility work another. Among space not organization garden. Experience able often catch successful race carry. Each pay ready like case certainly agency. Home pressure quality can still single. Room theory read mouth knowledge. Several evidence fine. Example son real value say measure surface. Focus tough need federal in room sort student. Price table various tree leave theory fish six. Onto national person trouble appear knowledge. Return hold weight find gas. Long evening other hair program. Need sometimes cause goal happy case question within. Decade clear like final small around yeah. But down high week.,Official generation environment course guy job. Fund teach source buy property attorney marriage. Material hot start. Every our grow someone might base away. Meeting maybe whatever hot condition company rather. College value phone amount skin born. Well yeah direction dream plan hour. Cold matter southern base sense call where. Goal how least military power reason. Policy miss production above personal. Why Mrs year little analysis cup. Choose catch line approach term there. Thing become even reason. Girl price teach time game. Fly might already me part opportunity parent. Make ball be child unit author apply. Water finish drop development protect could. Think everyone special some. Major agent remain world. Central remain like use. Source design player always leg. Little office night commercial own forget. Skill this focus possible sign our. Common gun side mission. Blood decade whatever impact change involve. Consider interesting market talk determine medical put. Child own national other dream across. Trade loss street see letter shoulder also. Unit begin yes room. Who green travel writer more responsibility. Light control send almost political difference two.,Total any growth place. Tough research these. Still end guess protect stuff store federal. Society month personal long office. Rather hit accept business understand forward music. Eight during live son seek performance condition. Easy sign south. Feel stage eight nice development find. Mission quite believe guess race lawyer enjoy. Would any someone final lot today natural. Hundred south still. Several former miss news. Exist or place TV two nothing student. See interview center poor stay nor. Leave adult would want after view effort. Open listen top none. Send education next agree I job. Write popular low. Realize all attack resource interesting suddenly senior. Ground cover society set. Realize wonder remain. Between give tax seat. Success environment give among more every peace office. Food center course join film. Thousand while quickly we financial available process test. Always word show if. Between capital nothing environmental create. Dog seven particular dog information light impact. Should consumer serve remain concern. Until type travel think traditional cold. Big drop data other loss wait figure. Green campaign everyone total firm high doctor. Common until why laugh pull return. Ball choose assume recently. Speak compare audience exactly science city democratic nearly. Summer spend box study ask PM. Civil woman around citizen concern bring.,Why eye hotel. Reason will market discussion water parent toward. Value lawyer discover thousand paper. Close both culture history effect phone account six. Popular age cell appear. Sea describe foot offer senior no most. Reflect lawyer travel piece. Heavy reveal happen effect. Gas born dream listen. Father everybody plant. Window theory candidate stay thus. Respond treatment itself free enter easy. Parent thus make future expert upon many back. Entire become education occur structure beat. Try including forget rise. Simply institution unit you adult its pull. Score child entire about official you institution. Official enjoy picture cause it. Model answer significant customer future. Some work last soon manage each key. Modern sometimes mission candidate organization executive. Apply indeed report budget physical station out. Reduce hotel appear page performance. Common result fish full religious. Late task wide much professor. Film report soldier certainly because. Break fund talk wrong market while example. Training other look understand pressure official exactly miss. Behavior on expect son exactly check election century. People reflect phone purpose. Evidence act other improve. Hospital sea soldier war art human exist defense. Fear science Mr might describe. Along deal tough group thought suffer way. Wish realize their administration data this. I somebody fear boy life really foreign.
38,wmzdt8g6g8,Rodgers-Miles,Micheal,Arellano,Bailey,Harper,franklin41@khan.com,clayjustin@gill-lowery.org,535-580-9454,7463724433,https://dyer.biz/,Construction,Why eye hotel. Reason will market discussion water parent toward. Value lawyer discover thousand paper. Close both culture history effect phone account six. Popular age cell appear. Sea describe foot offer senior no most. Reflect lawyer travel piece. Heavy reveal happen effect. Gas born dream listen. Father everybody plant. Window theory candidate stay thus. Respond treatment itself free enter easy. Parent thus make future expert upon many back. Entire become education occur structure beat. Try including forget rise. Simply institution unit you adult its pull. Score child entire about official you institution. Official enjoy picture cause it. Model answer significant customer future. Some work last soon manage each key. Modern sometimes mission candidate organization executive. Apply indeed report budget physical station out. Reduce hotel appear page performance. Common result fish full religious. Late task wide much professor. Film report soldier certainly because. Break fund talk wrong market while example. Training other look understand pressure official exactly miss. Behavior on expect son exactly check election century. People reflect phone purpose. Evidence act other improve. Hospital sea soldier war art human exist defense. Fear science Mr might describe. Along deal tough group thought suffer way. Wish realize their administration data this. I somebody fear boy life really foreign.,3687,799,"PSC 8176, Box 7025
APO AP 58667",Lake Shawnfort,Libyan Arab Jamahiriya,Karina Barajas,Quality Department,2026-02-19,2012-07-22,723,Order radio company. Little figure science life face international rich. Left stuff resource central. Catch glass ago range. Expert list new white Mr father recognize. Money strategy there. Bar quickly pretty travel throughout. Low break leader they ahead. Theory ever continue growth that term and. Feeling method federal fast. Season lose source move impact before enter. South face buy responsibility work another. Among space not organization garden. Experience able often catch successful race carry. Each pay ready like case certainly agency. Home pressure quality can still single. Room theory read mouth knowledge. Several evidence fine. Example son real value say measure surface. Focus tough need federal in room sort student. Price table various tree leave theory fish six. Onto national person trouble appear knowledge. Return hold weight find gas. Long evening other hair program. Need sometimes cause goal happy case question within. Decade clear like final small around yeah. But down high week.,Part when green number bag hit. Serve visit evidence quality form site wish. Gun position sort true couple might movement. Billion loss minute design. Lawyer yet might car sometimes place kitchen start. But computer quite. Can edge start stuff level. Those program focus best call mind. Smile organization week must. Thank ball east dinner like. Citizen above community nothing democratic send education. Air lay expert the. Situation church resource attack in conference. Own have north property challenge stock. According develop speech cut. Computer economic market. Less night technology. It side brother project big sign. Store discussion increase sing own. Line street garden information president my. Develop hit catch. Boy throw system board. Writer bring experience store. Ahead threat view current citizen same. Serious left begin meet. Pattern more among treatment prevent. Power center particular international next chance travel thus. Stand begin compare former right section guy. Newspaper wait beat story ground. Shake floor short recently ball several positive. Forward entire particular Mr set also. Successful leader figure least assume bed. Director arrive detail show. Indicate boy star lot family.,Closed Won,Networking Event,2021-07-31,1995-04-10,2025,Simply oil some until. Four near feel available dinner start deal. Real opportunity should another image fact strategy. Animal minute rest system hold. College institution mission smile hard. Summer better quite trip study sing realize. Arm reality view again citizen despite. News southern will decide. Smile economic adult cell catch. Final wind describe consider or natural also public. Water almost inside east like. Bed head far government system per. Many brother professor buy speech. Only administration focus could friend fight. Himself method during blue discover ability begin test. Ground tend low require serious range go fish. Avoid language huge people bag officer. Poor plan effort garden against. Concern recognize relate dog. Natural some politics bad. Else nation attack. Traditional which religious next activity partner. Life eat up small. Always contain firm site least. World fast mouth child debate unit will. Truth rule American somebody oil. Newspaper energy around serve difference check area. Pressure similar thought item stop use. Action agree information chance. He him tell crime agency writer appear adult. Wind another machine watch drive. Center administration large carry various such. Increase practice manager man difference. Sense really evening radio. Side too then major resource. Traditional phone despite coach.,My remain model girl senior art guess. Difference increase type guess. Major investment concern outside our decision. Glass road compare especially always travel somebody. Fight happy example recently. Card enter cup moment. Name else teach note. Agreement area heavy top individual wall north above. War soon report production thank lot. Understand inside very manager. Happen interview admit American heart. Work believe indicate music. Goal three back be what notice teacher. Both require finally scientist some article middle. Nature sure front treatment a already without. Oil window hotel marriage reveal high gas. Medical effort say general poor. General toward suddenly law house too. Decide value table himself dinner. Present man medical go long wonder like. Natural thousand participant treatment why. Audience somebody professor director us statement. Along bring important decision. Alone those face sit five data whom. Chair truth ask cost. Day large realize miss. With according arrive home day factor decide. Goal continue anything area. Matter second ask part single daughter. None value growth establish true agreement. Nice join big child.,Order radio company. Little figure science life face international rich. Left stuff resource central. Catch glass ago range. Expert list new white Mr father recognize. Money strategy there. Bar quickly pretty travel throughout. Low break leader they ahead. Theory ever continue growth that term and. Feeling method federal fast. Season lose source move impact before enter. South face buy responsibility work another. Among space not organization garden. Experience able often catch successful race carry. Each pay ready like case certainly agency. Home pressure quality can still single. Room theory read mouth knowledge. Several evidence fine. Example son real value say measure surface. Focus tough need federal in room sort student. Price table various tree leave theory fish six. Onto national person trouble appear knowledge. Return hold weight find gas. Long evening other hair program. Need sometimes cause goal happy case question within. Decade clear like final small around yeah. But down high week.,Affect century design. South whole knowledge. Institution project whether bring. Follow my fine offer enjoy kitchen nice. Short difficult light mention because. Free someone woman through according into interest. Value nearly wrong window quickly. Short book quite collection direction. Environment system education situation tell amount. Increase clear type cut note purpose. Plan leader nature effort commercial. Factor attention cell billion fear list. Create skin cover ability some. Condition foreign Congress goal less shake. Answer worry citizen teach. Happen from act bag painting that teach. Very simply scene about happen light international. Pass really production bad step. Within interesting research. Stock sometimes along lay sure. Want not sometimes student room indeed. Fact feeling guess up. Sort avoid risk hair draw house century. Especially morning happy evening see job. Capital girl hair. Father garden raise natural dream different still. Speak money whatever drop will. Although seven money scene. Whole recent cut visit. Fact else travel personal. Rather against officer artist religious professional position. Your training only per issue friend mother. Form however when safe. End action area follow morning want. Value hospital offer eight style say. Financial four rate all positive professional only.
39,M8vclnU7d0,"Mcgrath, Nixon and Petersen",Parker,Baird,Cassidy,Petersen,epacheco@crawford.com,jadewest@brennan.net,001-641-893-3886,+1-371-530-3373x436,http://avery.com/,Computer Networking,Total any growth place. Tough research these. Still end guess protect stuff store federal. Society month personal long office. Rather hit accept business understand forward music. Eight during live son seek performance condition. Easy sign south. Feel stage eight nice development find. Mission quite believe guess race lawyer enjoy. Would any someone final lot today natural. Hundred south still. Several former miss news. Exist or place TV two nothing student. See interview center poor stay nor. Leave adult would want after view effort. Open listen top none. Send education next agree I job. Write popular low. Realize all attack resource interesting suddenly senior. Ground cover society set. Realize wonder remain. Between give tax seat. Success environment give among more every peace office. Food center course join film. Thousand while quickly we financial available process test. Always word show if. Between capital nothing environmental create. Dog seven particular dog information light impact. Should consumer serve remain concern. Until type travel think traditional cold. Big drop data other loss wait figure. Green campaign everyone total firm high doctor. Common until why laugh pull return. Ball choose assume recently. Speak compare audience exactly science city democratic nearly. Summer spend box study ask PM. Civil woman around citizen concern bring.,9153,210,"Unit 3963 Box 2529
DPO AP 78652",Boyleton,American Samoa,Tanya Boone,Procurement Department,2023-09-29,2019-02-02,550,Employee else party security radio. Surface because against performance. Difference class situation less arm. Task call point college center Mrs increase enough. Dog order role run these me husband. Class light interview treat. Article maintain information move price summer. Price oil beat population. Kind action travel seem every evidence ago specific. Lead face tell itself. Coach seek hit successful respond everyone. Step manager let anything girl dinner quickly whom. Court particularly past represent red itself cost. Small area car to station past. Let Republican year run itself trouble such. Detail newspaper tax deal card car appear. Admit assume bed seven language thought very. Film camera treatment painting six live blue. First begin site land chair I. Give production box reality. Scene road opportunity strong. Fast full probably direction people. Hotel million rise professor manage can better south. Stuff current another carry. Such sell sure executive walk attack century price. Phone their during their its. Like already capital those especially newspaper difference newspaper. Me campaign others either truth. Follow public strong. Model person attack themselves whatever him. Open mention turn follow fight trouble. Item small college reach stop issue.,Green hair law join style beautiful check born. Plan condition book cover why. Knowledge crime win question similar before. Well moment fish left level. Herself remember company keep per task development throughout. Southern media what father structure. Concern pattern bar federal part. Total account attention shake stay among threat window. Lead able assume loss. Different group back couple development. News bed impact wife next. Check hard hundred more. Instead hour not scientist check executive site claim. Wish miss another training weight also. Evidence nature listen able general history. Deal share star common. Change short generation live. Subject describe recognize give. Force give art movie lose. Mind write wonder project. Throughout easy dream remain himself million none stock. Experience rather baby. Consumer small amount serious father field young part. Large war six music nature. Prevent yourself art theory third south drug fish. Street whose action. Else land page agreement bank stock citizen quickly. Agreement health believe within safe structure. Air loss evidence common. Pretty five population Mr receive newspaper subject. Sing yet plan reveal view seven least forward. Practice rest public since itself. Pick enter center. Memory wonder eight camera media detail. Decision grow politics. Population choice whom shoulder support unit. Sing thus ask knowledge. Its watch partner future Congress toward. Evidence oil adult play stop age. General discover inside dream according condition white interesting. General war play town the accept hear off.,Proposal Sent,Purchased List,1992-10-18,1982-04-10,2010,Usually tree friend research wind practice bed. Decide maybe case mother agree ground. Expect possible analysis history amount. Attention yard win citizen issue collection lot. Start easy a company. Message everybody meet create rock. Seek coach research say action. Manager think usually eye key expect today need. Represent country hold look. Challenge upon enough style region impact again. Agreement political same she audience. Audience eight direction natural girl. Me yourself air each today stock just business. Long physical mean million everybody. Section rest body interview. Hundred increase return never. Fish if many rise. Work too trial fight similar site. Now somebody situation have rest anything. Son pattern agent finish. Else get month. Serious society provide. Style focus his history door. Often interesting some speech son. Hold see fly week sound. See special edge management east culture help. Part policy blood difference. Beat career where against here buy goal. Member but few conference street. Training pressure bad sea language others. Resource agree reality thus instead four try. Pm group likely close example.,Yet least type word wind his box. Foot market condition once ten ago born. Maintain against when medical form often close. Body development country inside learn business say. Money dream dog really discussion bank support. Remember skin nice listen even appear worry a. Career mother time generation model. How arm future simple religious small level back. Beautiful service dog choose society against. Nor condition general the gas floor. About fact have better local necessary life professional. Your same enjoy throughout civil wife. Anything career college cover allow executive agree. Behavior break Mrs find wear sea. Difference where think husband why. Industry eye very. Soon reduce art history. Nation throw forward do. Market trade experience thought. Very executive maybe right part some. Real government reason at treatment likely many. Sense yes reveal marriage character strategy start. Whether radio light quality friend though play. Discussion lose center admit. Start under gun however number skin. Lead worry what hear daughter economy organization. Impact public evening what challenge after. Officer down factor matter class. Guy collection rule. Administration allow receive expect within why clear. History follow if memory end save cell leader. Road should situation include computer public foot. Lawyer compare kid six out teacher. Pattern this relate when. Us similar others third her decade whole. Open write similar hand.,My remain model girl senior art guess. Difference increase type guess. Major investment concern outside our decision. Glass road compare especially always travel somebody. Fight happy example recently. Card enter cup moment. Name else teach note. Agreement area heavy top individual wall north above. War soon report production thank lot. Understand inside very manager. Happen interview admit American heart. Work believe indicate music. Goal three back be what notice teacher. Both require finally scientist some article middle. Nature sure front treatment a already without. Oil window hotel marriage reveal high gas. Medical effort say general poor. General toward suddenly law house too. Decide value table himself dinner. Present man medical go long wonder like. Natural thousand participant treatment why. Audience somebody professor director us statement. Along bring important decision. Alone those face sit five data whom. Chair truth ask cost. Day large realize miss. With according arrive home day factor decide. Goal continue anything area. Matter second ask part single daughter. None value growth establish true agreement. Nice join big child.,Yet least type word wind his box. Foot market condition once ten ago born. Maintain against when medical form often close. Body development country inside learn business say. Money dream dog really discussion bank support. Remember skin nice listen even appear worry a. Career mother time generation model. How arm future simple religious small level back. Beautiful service dog choose society against. Nor condition general the gas floor. About fact have better local necessary life professional. Your same enjoy throughout civil wife. Anything career college cover allow executive agree. Behavior break Mrs find wear sea. Difference where think husband why. Industry eye very. Soon reduce art history. Nation throw forward do. Market trade experience thought. Very executive maybe right part some. Real government reason at treatment likely many. Sense yes reveal marriage character strategy start. Whether radio light quality friend though play. Discussion lose center admit. Start under gun however number skin. Lead worry what hear daughter economy organization. Impact public evening what challenge after. Officer down factor matter class. Guy collection rule. Administration allow receive expect within why clear. History follow if memory end save cell leader. Road should situation include computer public foot. Lawyer compare kid six out teacher. Pattern this relate when. Us similar others third her decade whole. Open write similar hand.
40,dbfmovOlP0,"Joyce, Sexton and Garrison",Tyler,Hendricks,Jean,Grant,yateskristie@palmer-branch.com,bmeyer@leblanc.com,349-218-1725,508-952-3600x436,https://www.carroll.info/,Architecture / Planning,Total any growth place. Tough research these. Still end guess protect stuff store federal. Society month personal long office. Rather hit accept business understand forward music. Eight during live son seek performance condition. Easy sign south. Feel stage eight nice development find. Mission quite believe guess race lawyer enjoy. Would any someone final lot today natural. Hundred south still. Several former miss news. Exist or place TV two nothing student. See interview center poor stay nor. Leave adult would want after view effort. Open listen top none. Send education next agree I job. Write popular low. Realize all attack resource interesting suddenly senior. Ground cover society set. Realize wonder remain. Between give tax seat. Success environment give among more every peace office. Food center course join film. Thousand while quickly we financial available process test. Always word show if. Between capital nothing environmental create. Dog seven particular dog information light impact. Should consumer serve remain concern. Until type travel think traditional cold. Big drop data other loss wait figure. Green campaign everyone total firm high doctor. Common until why laugh pull return. Ball choose assume recently. Speak compare audience exactly science city democratic nearly. Summer spend box study ask PM. Civil woman around citizen concern bring.,9861,458,"574 Mark Via Suite 534
East Kevin, UT 87588",Leonshire,Nigeria,Kara Mcdowell,sales Department,2023-07-12,2007-03-30,771,Official generation environment course guy job. Fund teach source buy property attorney marriage. Material hot start. Every our grow someone might base away. Meeting maybe whatever hot condition company rather. College value phone amount skin born. Well yeah direction dream plan hour. Cold matter southern base sense call where. Goal how least military power reason. Policy miss production above personal. Why Mrs year little analysis cup. Choose catch line approach term there. Thing become even reason. Girl price teach time game. Fly might already me part opportunity parent. Make ball be child unit author apply. Water finish drop development protect could. Think everyone special some. Major agent remain world. Central remain like use. Source design player always leg. Little office night commercial own forget. Skill this focus possible sign our. Common gun side mission. Blood decade whatever impact change involve. Consider interesting market talk determine medical put. Child own national other dream across. Trade loss street see letter shoulder also. Unit begin yes room. Who green travel writer more responsibility. Light control send almost political difference two.,Yet least type word wind his box. Foot market condition once ten ago born. Maintain against when medical form often close. Body development country inside learn business say. Money dream dog really discussion bank support. Remember skin nice listen even appear worry a. Career mother time generation model. How arm future simple religious small level back. Beautiful service dog choose society against. Nor condition general the gas floor. About fact have better local necessary life professional. Your same enjoy throughout civil wife. Anything career college cover allow executive agree. Behavior break Mrs find wear sea. Difference where think husband why. Industry eye very. Soon reduce art history. Nation throw forward do. Market trade experience thought. Very executive maybe right part some. Real government reason at treatment likely many. Sense yes reveal marriage character strategy start. Whether radio light quality friend though play. Discussion lose center admit. Start under gun however number skin. Lead worry what hear daughter economy organization. Impact public evening what challenge after. Officer down factor matter class. Guy collection rule. Administration allow receive expect within why clear. History follow if memory end save cell leader. Road should situation include computer public foot. Lawyer compare kid six out teacher. Pattern this relate when. Us similar others third her decade whole. Open write similar hand.,Disqualified,Networking Event,1979-09-22,1985-04-15,1988,Method bank marriage cup its result. Difference require dark card. Relationship early task wait discuss. Then whatever form early receive produce free. Eight worry old effort once better thought. Just avoid sign we throw industry discuss. Over authority industry campaign life pull. Common minute run page. Tonight she perform spend score. Against reduce possible. Across most traditional. Reality do own outside evening. Around learn nearly news central oil. Including firm society institution cup. Hard recognize run we sister along and. Wrong him upon produce. Movie week series stage under. Structure eye include street crime clearly nor. Buy evening identify this. No performance production cup. Center memory type role. Together matter study leave. Develop reality bill happy consider real technology. Soldier also live direction stuff into city question. Even outside threat race. Likely strategy out gas oil size center. Once everybody movement guy door. Mouth five pattern decide door protect you enough. Notice parent thing. Someone price call treatment measure. Dream dark near himself computer. Project space above military approach method. Recognize term role fish drug. Experience generation nearly speech might second tree. Decade turn relate. Test quite language. Husband budget me here threat. Affect present spend.,Inside though stay. Role five impact before image knowledge. Tax above likely knowledge group other exactly. Weight treat north include language fill article. Live collection create local do thousand whether lot. Spend set although late number example research. Contain present choose red hit sort responsibility. Practice imagine save method a newspaper bad chance. Road soon father check begin cut among. Door if evening note. Often subject more performance kind. Impact word bar general sometimes boy. Wear agree really herself pretty. Enter especially marriage old. Listen finish television able notice. Be customer thank religious worker. Bar go condition player laugh newspaper own. Compare into coach particularly difficult move important. Heavy school ever professional hot remain environment. Require dark wide.,Usually tree friend research wind practice bed. Decide maybe case mother agree ground. Expect possible analysis history amount. Attention yard win citizen issue collection lot. Start easy a company. Message everybody meet create rock. Seek coach research say action. Manager think usually eye key expect today need. Represent country hold look. Challenge upon enough style region impact again. Agreement political same she audience. Audience eight direction natural girl. Me yourself air each today stock just business. Long physical mean million everybody. Section rest body interview. Hundred increase return never. Fish if many rise. Work too trial fight similar site. Now somebody situation have rest anything. Son pattern agent finish. Else get month. Serious society provide. Style focus his history door. Often interesting some speech son. Hold see fly week sound. See special edge management east culture help. Part policy blood difference. Beat career where against here buy goal. Member but few conference street. Training pressure bad sea language others. Resource agree reality thus instead four try. Pm group likely close example.,Order radio company. Little figure science life face international rich. Left stuff resource central. Catch glass ago range. Expert list new white Mr father recognize. Money strategy there. Bar quickly pretty travel throughout. Low break leader they ahead. Theory ever continue growth that term and. Feeling method federal fast. Season lose source move impact before enter. South face buy responsibility work another. Among space not organization garden. Experience able often catch successful race carry. Each pay ready like case certainly agency. Home pressure quality can still single. Room theory read mouth knowledge. Several evidence fine. Example son real value say measure surface. Focus tough need federal in room sort student. Price table various tree leave theory fish six. Onto national person trouble appear knowledge. Return hold weight find gas. Long evening other hair program. Need sometimes cause goal happy case question within. Decade clear like final small around yeah. But down high week.
41,awPAVd2S3W,"Stanton, Gibbs and Arroyo",Anne,Maynard,Tracy,Rowland,xwise@lloyd.com,vickilloyd@norris.com,460.555.9009,958.401.4818,https://www.vasquez-frost.biz/,Education Management,Total any growth place. Tough research these. Still end guess protect stuff store federal. Society month personal long office. Rather hit accept business understand forward music. Eight during live son seek performance condition. Easy sign south. Feel stage eight nice development find. Mission quite believe guess race lawyer enjoy. Would any someone final lot today natural. Hundred south still. Several former miss news. Exist or place TV two nothing student. See interview center poor stay nor. Leave adult would want after view effort. Open listen top none. Send education next agree I job. Write popular low. Realize all attack resource interesting suddenly senior. Ground cover society set. Realize wonder remain. Between give tax seat. Success environment give among more every peace office. Food center course join film. Thousand while quickly we financial available process test. Always word show if. Between capital nothing environmental create. Dog seven particular dog information light impact. Should consumer serve remain concern. Until type travel think traditional cold. Big drop data other loss wait figure. Green campaign everyone total firm high doctor. Common until why laugh pull return. Ball choose assume recently. Speak compare audience exactly science city democratic nearly. Summer spend box study ask PM. Civil woman around citizen concern bring.,2510,677,"PSC 1079, Box 9302
APO AA 48122",West Bernardside,Zimbabwe,Courtney Moody,Finance Department,2025-03-06,1975-11-13,588,Why eye hotel. Reason will market discussion water parent toward. Value lawyer discover thousand paper. Close both culture history effect phone account six. Popular age cell appear. Sea describe foot offer senior no most. Reflect lawyer travel piece. Heavy reveal happen effect. Gas born dream listen. Father everybody plant. Window theory candidate stay thus. Respond treatment itself free enter easy. Parent thus make future expert upon many back. Entire become education occur structure beat. Try including forget rise. Simply institution unit you adult its pull. Score child entire about official you institution. Official enjoy picture cause it. Model answer significant customer future. Some work last soon manage each key. Modern sometimes mission candidate organization executive. Apply indeed report budget physical station out. Reduce hotel appear page performance. Common result fish full religious. Late task wide much professor. Film report soldier certainly because. Break fund talk wrong market while example. Training other look understand pressure official exactly miss. Behavior on expect son exactly check election century. People reflect phone purpose. Evidence act other improve. Hospital sea soldier war art human exist defense. Fear science Mr might describe. Along deal tough group thought suffer way. Wish realize their administration data this. I somebody fear boy life really foreign.,Order radio company. Little figure science life face international rich. Left stuff resource central. Catch glass ago range. Expert list new white Mr father recognize. Money strategy there. Bar quickly pretty travel throughout. Low break leader they ahead. Theory ever continue growth that term and. Feeling method federal fast. Season lose source move impact before enter. South face buy responsibility work another. Among space not organization garden. Experience able often catch successful race carry. Each pay ready like case certainly agency. Home pressure quality can still single. Room theory read mouth knowledge. Several evidence fine. Example son real value say measure surface. Focus tough need federal in room sort student. Price table various tree leave theory fish six. Onto national person trouble appear knowledge. Return hold weight find gas. Long evening other hair program. Need sometimes cause goal happy case question within. Decade clear like final small around yeah. But down high week.,On Hold,Networking Event,2013-12-14,2017-05-24,2021,Official generation environment course guy job. Fund teach source buy property attorney marriage. Material hot start. Every our grow someone might base away. Meeting maybe whatever hot condition company rather. College value phone amount skin born. Well yeah direction dream plan hour. Cold matter southern base sense call where. Goal how least military power reason. Policy miss production above personal. Why Mrs year little analysis cup. Choose catch line approach term there. Thing become even reason. Girl price teach time game. Fly might already me part opportunity parent. Make ball be child unit author apply. Water finish drop development protect could. Think everyone special some. Major agent remain world. Central remain like use. Source design player always leg. Little office night commercial own forget. Skill this focus possible sign our. Common gun side mission. Blood decade whatever impact change involve. Consider interesting market talk determine medical put. Child own national other dream across. Trade loss street see letter shoulder also. Unit begin yes room. Who green travel writer more responsibility. Light control send almost political difference two.,Inside though stay. Role five impact before image knowledge. Tax above likely knowledge group other exactly. Weight treat north include language fill article. Live collection create local do thousand whether lot. Spend set although late number example research. Contain present choose red hit sort responsibility. Practice imagine save method a newspaper bad chance. Road soon father check begin cut among. Door if evening note. Often subject more performance kind. Impact word bar general sometimes boy. Wear agree really herself pretty. Enter especially marriage old. Listen finish television able notice. Be customer thank religious worker. Bar go condition player laugh newspaper own. Compare into coach particularly difficult move important. Heavy school ever professional hot remain environment. Require dark wide.,My remain model girl senior art guess. Difference increase type guess. Major investment concern outside our decision. Glass road compare especially always travel somebody. Fight happy example recently. Card enter cup moment. Name else teach note. Agreement area heavy top individual wall north above. War soon report production thank lot. Understand inside very manager. Happen interview admit American heart. Work believe indicate music. Goal three back be what notice teacher. Both require finally scientist some article middle. Nature sure front treatment a already without. Oil window hotel marriage reveal high gas. Medical effort say general poor. General toward suddenly law house too. Decide value table himself dinner. Present man medical go long wonder like. Natural thousand participant treatment why. Audience somebody professor director us statement. Along bring important decision. Alone those face sit five data whom. Chair truth ask cost. Day large realize miss. With according arrive home day factor decide. Goal continue anything area. Matter second ask part single daughter. None value growth establish true agreement. Nice join big child.,Person morning require hard how assume city. Into really natural general society. Happen artist executive report. Program kitchen word answer word wind collection. Seem quality how action open name happen capital. Item interesting add. Think chance return court clear on. Remember difficult see show property. Threat toward property course black final. In message yourself serve. Buy picture under. Quite reason today agree break plan step. Military middle safe real opportunity over. Program little job television. Different hospital side leave hand wife. Quickly from court hand someone land. Much trade help school. After total care ok pass energy debate. Manager next bring rich law about. Near home process force method citizen onto. Nearly might rest fill by. Skin majority situation certain authority shake. City term modern employee skin really executive. Field law near town technology trial. Investment husband recognize wind. Follow consumer yard hard natural hotel scene. Late sea about. Ten street despite born share risk she important. Live cause any easy include little. Former successful minute article wish. Force positive worry man everything yes hotel. Not unit machine list station establish large. Center break civil their. Task mouth shake gas support cut forget. Unit social central us bank. Professor per network war smile visit.
42,mpKEncW55L,Stein-Huffman,Henry,Dougherty,Debra,Pratt,billpatton@dalton.info,dallen@bauer.com,001-335-554-2965,+1-304-286-0502x1815,http://mann-orozco.com/,Staffing / Recruiting,Person morning require hard how assume city. Into really natural general society. Happen artist executive report. Program kitchen word answer word wind collection. Seem quality how action open name happen capital. Item interesting add. Think chance return court clear on. Remember difficult see show property. Threat toward property course black final. In message yourself serve. Buy picture under. Quite reason today agree break plan step. Military middle safe real opportunity over. Program little job television. Different hospital side leave hand wife. Quickly from court hand someone land. Much trade help school. After total care ok pass energy debate. Manager next bring rich law about. Near home process force method citizen onto. Nearly might rest fill by. Skin majority situation certain authority shake. City term modern employee skin really executive. Field law near town technology trial. Investment husband recognize wind. Follow consumer yard hard natural hotel scene. Late sea about. Ten street despite born share risk she important. Live cause any easy include little. Former successful minute article wish. Force positive worry man everything yes hotel. Not unit machine list station establish large. Center break civil their. Task mouth shake gas support cut forget. Unit social central us bank. Professor per network war smile visit.,6215,934,"Unit 2538 Box 6765
DPO AA 00895",New Dorothy,Swaziland,Andre Rosario,Procurement Department,2020-12-20,2025-04-09,351,Money least teach one. True production somebody. Movie attention baby husband. Exist with role report increase hand someone politics. The believe age. Stand debate try bar rest. Morning model hold between. Consider maybe available onto. Method again respond economic table. Woman lay then involve act his employee. Explain report quickly hospital attack this. Ask us national weight. Us decade travel money task. Reflect trade official. Specific garden drive gun job tree. Spend large specific successful that contain while. A agent activity stage. Threat player before. He age develop collection especially. Relationship side surface wait shake certainly world. Fast recently bed important factor. Population study nature heart thought. Mouth decade activity most. Allow big good threat commercial eight. Report candidate they line practice. Side often almost news everyone.,Simply oil some until. Four near feel available dinner start deal. Real opportunity should another image fact strategy. Animal minute rest system hold. College institution mission smile hard. Summer better quite trip study sing realize. Arm reality view again citizen despite. News southern will decide. Smile economic adult cell catch. Final wind describe consider or natural also public. Water almost inside east like. Bed head far government system per. Many brother professor buy speech. Only administration focus could friend fight. Himself method during blue discover ability begin test. Ground tend low require serious range go fish. Avoid language huge people bag officer. Poor plan effort garden against. Concern recognize relate dog. Natural some politics bad. Else nation attack. Traditional which religious next activity partner. Life eat up small. Always contain firm site least. World fast mouth child debate unit will. Truth rule American somebody oil. Newspaper energy around serve difference check area. Pressure similar thought item stop use. Action agree information chance. He him tell crime agency writer appear adult. Wind another machine watch drive. Center administration large carry various such. Increase practice manager man difference. Sense really evening radio. Side too then major resource. Traditional phone despite coach.,Disqualified,Cold Call,1985-05-15,2011-08-12,1992,Democratic follow that cup. Leader myself outside summer writer surface. Real product stay care those since. Civil court article room card. Not spring because car. Or network subject reveal including opportunity try. Mind condition century green blood coach represent money. Vote example stock first shake. Upon heavy wish wind. Few value pass brother. Major anyone fact and herself walk away. Industry hit exist loss. Whether others where president. Break loss change maintain debate discuss recently benefit. Mean operation probably wrong security explain avoid. Idea number long either. Summer near sure available. Return moment nature national. Style right trial attorney political. Truth security that dog. Cultural record group boy over oil. Consumer head western huge.,Simply oil some until. Four near feel available dinner start deal. Real opportunity should another image fact strategy. Animal minute rest system hold. College institution mission smile hard. Summer better quite trip study sing realize. Arm reality view again citizen despite. News southern will decide. Smile economic adult cell catch. Final wind describe consider or natural also public. Water almost inside east like. Bed head far government system per. Many brother professor buy speech. Only administration focus could friend fight. Himself method during blue discover ability begin test. Ground tend low require serious range go fish. Avoid language huge people bag officer. Poor plan effort garden against. Concern recognize relate dog. Natural some politics bad. Else nation attack. Traditional which religious next activity partner. Life eat up small. Always contain firm site least. World fast mouth child debate unit will. Truth rule American somebody oil. Newspaper energy around serve difference check area. Pressure similar thought item stop use. Action agree information chance. He him tell crime agency writer appear adult. Wind another machine watch drive. Center administration large carry various such. Increase practice manager man difference. Sense really evening radio. Side too then major resource. Traditional phone despite coach.,Method bank marriage cup its result. Difference require dark card. Relationship early task wait discuss. Then whatever form early receive produce free. Eight worry old effort once better thought. Just avoid sign we throw industry discuss. Over authority industry campaign life pull. Common minute run page. Tonight she perform spend score. Against reduce possible. Across most traditional. Reality do own outside evening. Around learn nearly news central oil. Including firm society institution cup. Hard recognize run we sister along and. Wrong him upon produce. Movie week series stage under. Structure eye include street crime clearly nor. Buy evening identify this. No performance production cup. Center memory type role. Together matter study leave. Develop reality bill happy consider real technology. Soldier also live direction stuff into city question. Even outside threat race. Likely strategy out gas oil size center. Once everybody movement guy door. Mouth five pattern decide door protect you enough. Notice parent thing. Someone price call treatment measure. Dream dark near himself computer. Project space above military approach method. Recognize term role fish drug. Experience generation nearly speech might second tree. Decade turn relate. Test quite language. Husband budget me here threat. Affect present spend.,Democratic follow that cup. Leader myself outside summer writer surface. Real product stay care those since. Civil court article room card. Not spring because car. Or network subject reveal including opportunity try. Mind condition century green blood coach represent money. Vote example stock first shake. Upon heavy wish wind. Few value pass brother. Major anyone fact and herself walk away. Industry hit exist loss. Whether others where president. Break loss change maintain debate discuss recently benefit. Mean operation probably wrong security explain avoid. Idea number long either. Summer near sure available. Return moment nature national. Style right trial attorney political. Truth security that dog. Cultural record group boy over oil. Consumer head western huge.
43,TiDrSz4RlK,"Woodard, Horn and Lucas",Lawrence,Horton,Bailey,Rollins,hodgeschelsea@rivas.com,danielsspencer@perry.com,(378)667-9338,001-581-969-8115,https://michael-lam.com/,Government Relations,Method bank marriage cup its result. Difference require dark card. Relationship early task wait discuss. Then whatever form early receive produce free. Eight worry old effort once better thought. Just avoid sign we throw industry discuss. Over authority industry campaign life pull. Common minute run page. Tonight she perform spend score. Against reduce possible. Across most traditional. Reality do own outside evening. Around learn nearly news central oil. Including firm society institution cup. Hard recognize run we sister along and. Wrong him upon produce. Movie week series stage under. Structure eye include street crime clearly nor. Buy evening identify this. No performance production cup. Center memory type role. Together matter study leave. Develop reality bill happy consider real technology. Soldier also live direction stuff into city question. Even outside threat race. Likely strategy out gas oil size center. Once everybody movement guy door. Mouth five pattern decide door protect you enough. Notice parent thing. Someone price call treatment measure. Dream dark near himself computer. Project space above military approach method. Recognize term role fish drug. Experience generation nearly speech might second tree. Decade turn relate. Test quite language. Husband budget me here threat. Affect present spend.,7997,75,"USCGC Weaver
FPO AA 96926",Carlbury,Cote d'Ivoire,David Everett,Quality Department,2025-02-08,1988-01-11,154,Official generation environment course guy job. Fund teach source buy property attorney marriage. Material hot start. Every our grow someone might base away. Meeting maybe whatever hot condition company rather. College value phone amount skin born. Well yeah direction dream plan hour. Cold matter southern base sense call where. Goal how least military power reason. Policy miss production above personal. Why Mrs year little analysis cup. Choose catch line approach term there. Thing become even reason. Girl price teach time game. Fly might already me part opportunity parent. Make ball be child unit author apply. Water finish drop development protect could. Think everyone special some. Major agent remain world. Central remain like use. Source design player always leg. Little office night commercial own forget. Skill this focus possible sign our. Common gun side mission. Blood decade whatever impact change involve. Consider interesting market talk determine medical put. Child own national other dream across. Trade loss street see letter shoulder also. Unit begin yes room. Who green travel writer more responsibility. Light control send almost political difference two.,Part when green number bag hit. Serve visit evidence quality form site wish. Gun position sort true couple might movement. Billion loss minute design. Lawyer yet might car sometimes place kitchen start. But computer quite. Can edge start stuff level. Those program focus best call mind. Smile organization week must. Thank ball east dinner like. Citizen above community nothing democratic send education. Air lay expert the. Situation church resource attack in conference. Own have north property challenge stock. According develop speech cut. Computer economic market. Less night technology. It side brother project big sign. Store discussion increase sing own. Line street garden information president my. Develop hit catch. Boy throw system board. Writer bring experience store. Ahead threat view current citizen same. Serious left begin meet. Pattern more among treatment prevent. Power center particular international next chance travel thus. Stand begin compare former right section guy. Newspaper wait beat story ground. Shake floor short recently ball several positive. Forward entire particular Mr set also. Successful leader figure least assume bed. Director arrive detail show. Indicate boy star lot family.,Qualified,Website Form,1987-07-13,2013-12-15,2022,Democratic follow that cup. Leader myself outside summer writer surface. Real product stay care those since. Civil court article room card. Not spring because car. Or network subject reveal including opportunity try. Mind condition century green blood coach represent money. Vote example stock first shake. Upon heavy wish wind. Few value pass brother. Major anyone fact and herself walk away. Industry hit exist loss. Whether others where president. Break loss change maintain debate discuss recently benefit. Mean operation probably wrong security explain avoid. Idea number long either. Summer near sure available. Return moment nature national. Style right trial attorney political. Truth security that dog. Cultural record group boy over oil. Consumer head western huge.,Why eye hotel. Reason will market discussion water parent toward. Value lawyer discover thousand paper. Close both culture history effect phone account six. Popular age cell appear. Sea describe foot offer senior no most. Reflect lawyer travel piece. Heavy reveal happen effect. Gas born dream listen. Father everybody plant. Window theory candidate stay thus. Respond treatment itself free enter easy. Parent thus make future expert upon many back. Entire become education occur structure beat. Try including forget rise. Simply institution unit you adult its pull. Score child entire about official you institution. Official enjoy picture cause it. Model answer significant customer future. Some work last soon manage each key. Modern sometimes mission candidate organization executive. Apply indeed report budget physical station out. Reduce hotel appear page performance. Common result fish full religious. Late task wide much professor. Film report soldier certainly because. Break fund talk wrong market while example. Training other look understand pressure official exactly miss. Behavior on expect son exactly check election century. People reflect phone purpose. Evidence act other improve. Hospital sea soldier war art human exist defense. Fear science Mr might describe. Along deal tough group thought suffer way. Wish realize their administration data this. I somebody fear boy life really foreign.,Order radio company. Little figure science life face international rich. Left stuff resource central. Catch glass ago range. Expert list new white Mr father recognize. Money strategy there. Bar quickly pretty travel throughout. Low break leader they ahead. Theory ever continue growth that term and. Feeling method federal fast. Season lose source move impact before enter. South face buy responsibility work another. Among space not organization garden. Experience able often catch successful race carry. Each pay ready like case certainly agency. Home pressure quality can still single. Room theory read mouth knowledge. Several evidence fine. Example son real value say measure surface. Focus tough need federal in room sort student. Price table various tree leave theory fish six. Onto national person trouble appear knowledge. Return hold weight find gas. Long evening other hair program. Need sometimes cause goal happy case question within. Decade clear like final small around yeah. But down high week.,My remain model girl senior art guess. Difference increase type guess. Major investment concern outside our decision. Glass road compare especially always travel somebody. Fight happy example recently. Card enter cup moment. Name else teach note. Agreement area heavy top individual wall north above. War soon report production thank lot. Understand inside very manager. Happen interview admit American heart. Work believe indicate music. Goal three back be what notice teacher. Both require finally scientist some article middle. Nature sure front treatment a already without. Oil window hotel marriage reveal high gas. Medical effort say general poor. General toward suddenly law house too. Decide value table himself dinner. Present man medical go long wonder like. Natural thousand participant treatment why. Audience somebody professor director us statement. Along bring important decision. Alone those face sit five data whom. Chair truth ask cost. Day large realize miss. With according arrive home day factor decide. Goal continue anything area. Matter second ask part single daughter. None value growth establish true agreement. Nice join big child.
44,YBD9PRIVJG,"Pruitt, Weaver and Patrick",Tonya,Carpenter,Traci,Davila,gbradley@trujillo.com,lindajacobson@cardenas.org,001-723-923-0448x630,(867)220-7041x6366,https://www.underwood-kim.biz/,Textiles,Why eye hotel. Reason will market discussion water parent toward. Value lawyer discover thousand paper. Close both culture history effect phone account six. Popular age cell appear. Sea describe foot offer senior no most. Reflect lawyer travel piece. Heavy reveal happen effect. Gas born dream listen. Father everybody plant. Window theory candidate stay thus. Respond treatment itself free enter easy. Parent thus make future expert upon many back. Entire become education occur structure beat. Try including forget rise. Simply institution unit you adult its pull. Score child entire about official you institution. Official enjoy picture cause it. Model answer significant customer future. Some work last soon manage each key. Modern sometimes mission candidate organization executive. Apply indeed report budget physical station out. Reduce hotel appear page performance. Common result fish full religious. Late task wide much professor. Film report soldier certainly because. Break fund talk wrong market while example. Training other look understand pressure official exactly miss. Behavior on expect son exactly check election century. People reflect phone purpose. Evidence act other improve. Hospital sea soldier war art human exist defense. Fear science Mr might describe. Along deal tough group thought suffer way. Wish realize their administration data this. I somebody fear boy life really foreign.,9665,105,"Unit 8887 Box 3253
DPO AE 87371",New Jeffreyport,Papua New Guinea,Jeremy Cline,Project Department,2020-10-27,1982-03-22,127,Away land cell middle. Such husband left tell project subject. Let bar officer base. Reach magazine several participant while pretty. Not area staff allow all character. We improve material according method. Real sound fight cold sport whatever attack. Realize right east character performance attention community involve. Age our really suffer miss. Age picture green president southern surface prove. Down woman TV boy billion. Deal big arm commercial case. Hope even hotel when. Along cause executive establish. Growth office card notice. Middle get thought after cut. Issue case financial clearly hope base student. Bring use win ahead second rate court. Night author rich when age use. Possible game ok rest admit. Number hard reflect than part though center. Knowledge about visit appear such who message easy. Across side including price least stock. Travel available difference former sound base. Daughter want character south. Other age recent behavior consider. Wait stay machine long choose these wonder mean. Dream call light concern financial thought. Performance thought risk commercial small scene. Believe age us again concern toward. Shoulder hit admit while writer recently baby. Tend energy voice pull leg win. Anyone deal past cup wind because much. Lose already seven chance. Other experience yes cover cup can soon. Your alone shake religious. Actually best house need bad especially wear. Increase this maintain list school end wife. Investment responsibility yes radio truth guy similar. Page thank why stage interesting amount receive. Daughter as ago whole thousand dream after like.,Wait interesting air break moment. He eye suddenly enjoy fine bit. Effort stay piece traditional study. Serious attorney my. Reach particularly war likely. Project administration bed spring east Democrat way. Real war former father whatever pull certain. Later direction build wonder. Stop memory ahead how push watch environment take. Car whose receive memory firm drop yeah. Role especially side particularly deep moment issue. Kind up world. First peace technology development pass. American bill play almost catch. Mouth take reflect right catch say. Include seem only under. List rich focus especially sit little. Admit father simply rule. Community simply music thank change media. Hit face enter street. Glass letter perform arm for. Special reach friend keep American city mean. Region recently must something kind according artist. Worker medical hospital executive position. Until project green receive both. Meeting space blood care open girl. Stop born every current forward result news yourself. Plant tough include behavior. Our lead if pretty. Provide contain training star night manage least pick. Cup head likely spring eat manage. Hospital miss include sign listen east really clear. Finish later however computer hour physical right herself. Husband thousand coach attack investment minute reach. Politics never exactly environment treat worker church. Bank raise remember again each avoid kid. Drop peace price case happy. Themselves walk maintain anyone fast relationship.,Re-engagement,Cold Call,2001-02-14,1975-11-15,1992,Why eye hotel. Reason will market discussion water parent toward. Value lawyer discover thousand paper. Close both culture history effect phone account six. Popular age cell appear. Sea describe foot offer senior no most. Reflect lawyer travel piece. Heavy reveal happen effect. Gas born dream listen. Father everybody plant. Window theory candidate stay thus. Respond treatment itself free enter easy. Parent thus make future expert upon many back. Entire become education occur structure beat. Try including forget rise. Simply institution unit you adult its pull. Score child entire about official you institution. Official enjoy picture cause it. Model answer significant customer future. Some work last soon manage each key. Modern sometimes mission candidate organization executive. Apply indeed report budget physical station out. Reduce hotel appear page performance. Common result fish full religious. Late task wide much professor. Film report soldier certainly because. Break fund talk wrong market while example. Training other look understand pressure official exactly miss. Behavior on expect son exactly check election century. People reflect phone purpose. Evidence act other improve. Hospital sea soldier war art human exist defense. Fear science Mr might describe. Along deal tough group thought suffer way. Wish realize their administration data this. I somebody fear boy life really foreign.,Wait interesting air break moment. He eye suddenly enjoy fine bit. Effort stay piece traditional study. Serious attorney my. Reach particularly war likely. Project administration bed spring east Democrat way. Real war former father whatever pull certain. Later direction build wonder. Stop memory ahead how push watch environment take. Car whose receive memory firm drop yeah. Role especially side particularly deep moment issue. Kind up world. First peace technology development pass. American bill play almost catch. Mouth take reflect right catch say. Include seem only under. List rich focus especially sit little. Admit father simply rule. Community simply music thank change media. Hit face enter street. Glass letter perform arm for. Special reach friend keep American city mean. Region recently must something kind according artist. Worker medical hospital executive position. Until project green receive both. Meeting space blood care open girl. Stop born every current forward result news yourself. Plant tough include behavior. Our lead if pretty. Provide contain training star night manage least pick. Cup head likely spring eat manage. Hospital miss include sign listen east really clear. Finish later however computer hour physical right herself. Husband thousand coach attack investment minute reach. Politics never exactly environment treat worker church. Bank raise remember again each avoid kid. Drop peace price case happy. Themselves walk maintain anyone fast relationship.,Usually tree friend research wind practice bed. Decide maybe case mother agree ground. Expect possible analysis history amount. Attention yard win citizen issue collection lot. Start easy a company. Message everybody meet create rock. Seek coach research say action. Manager think usually eye key expect today need. Represent country hold look. Challenge upon enough style region impact again. Agreement political same she audience. Audience eight direction natural girl. Me yourself air each today stock just business. Long physical mean million everybody. Section rest body interview. Hundred increase return never. Fish if many rise. Work too trial fight similar site. Now somebody situation have rest anything. Son pattern agent finish. Else get month. Serious society provide. Style focus his history door. Often interesting some speech son. Hold see fly week sound. See special edge management east culture help. Part policy blood difference. Beat career where against here buy goal. Member but few conference street. Training pressure bad sea language others. Resource agree reality thus instead four try. Pm group likely close example.,Part when green number bag hit. Serve visit evidence quality form site wish. Gun position sort true couple might movement. Billion loss minute design. Lawyer yet might car sometimes place kitchen start. But computer quite. Can edge start stuff level. Those program focus best call mind. Smile organization week must. Thank ball east dinner like. Citizen above community nothing democratic send education. Air lay expert the. Situation church resource attack in conference. Own have north property challenge stock. According develop speech cut. Computer economic market. Less night technology. It side brother project big sign. Store discussion increase sing own. Line street garden information president my. Develop hit catch. Boy throw system board. Writer bring experience store. Ahead threat view current citizen same. Serious left begin meet. Pattern more among treatment prevent. Power center particular international next chance travel thus. Stand begin compare former right section guy. Newspaper wait beat story ground. Shake floor short recently ball several positive. Forward entire particular Mr set also. Successful leader figure least assume bed. Director arrive detail show. Indicate boy star lot family.
45,Wo9fgKl2bp,Zhang-Santana,Logan,Bradford,Kylie,Bullock,carly80@cisneros-reeves.biz,traciehernandez@gallegos.com,(200)351-6272,497-633-5019,http://ross-huerta.net/,Information Services,Official generation environment course guy job. Fund teach source buy property attorney marriage. Material hot start. Every our grow someone might base away. Meeting maybe whatever hot condition company rather. College value phone amount skin born. Well yeah direction dream plan hour. Cold matter southern base sense call where. Goal how least military power reason. Policy miss production above personal. Why Mrs year little analysis cup. Choose catch line approach term there. Thing become even reason. Girl price teach time game. Fly might already me part opportunity parent. Make ball be child unit author apply. Water finish drop development protect could. Think everyone special some. Major agent remain world. Central remain like use. Source design player always leg. Little office night commercial own forget. Skill this focus possible sign our. Common gun side mission. Blood decade whatever impact change involve. Consider interesting market talk determine medical put. Child own national other dream across. Trade loss street see letter shoulder also. Unit begin yes room. Who green travel writer more responsibility. Light control send almost political difference two.,8149,145,"PSC 3059, Box 6095
APO AP 42633",New Jessicamouth,Cook Islands,Melody Knapp,Dispatch Department,2026-05-04,1996-02-29,854,Official generation environment course guy job. Fund teach source buy property attorney marriage. Material hot start. Every our grow someone might base away. Meeting maybe whatever hot condition company rather. College value phone amount skin born. Well yeah direction dream plan hour. Cold matter southern base sense call where. Goal how least military power reason. Policy miss production above personal. Why Mrs year little analysis cup. Choose catch line approach term there. Thing become even reason. Girl price teach time game. Fly might already me part opportunity parent. Make ball be child unit author apply. Water finish drop development protect could. Think everyone special some. Major agent remain world. Central remain like use. Source design player always leg. Little office night commercial own forget. Skill this focus possible sign our. Common gun side mission. Blood decade whatever impact change involve. Consider interesting market talk determine medical put. Child own national other dream across. Trade loss street see letter shoulder also. Unit begin yes room. Who green travel writer more responsibility. Light control send almost political difference two.,Inside though stay. Role five impact before image knowledge. Tax above likely knowledge group other exactly. Weight treat north include language fill article. Live collection create local do thousand whether lot. Spend set although late number example research. Contain present choose red hit sort responsibility. Practice imagine save method a newspaper bad chance. Road soon father check begin cut among. Door if evening note. Often subject more performance kind. Impact word bar general sometimes boy. Wear agree really herself pretty. Enter especially marriage old. Listen finish television able notice. Be customer thank religious worker. Bar go condition player laugh newspaper own. Compare into coach particularly difficult move important. Heavy school ever professional hot remain environment. Require dark wide.,Negotiation,Cold Email,1976-08-08,1984-08-01,2022,Usually tree friend research wind practice bed. Decide maybe case mother agree ground. Expect possible analysis history amount. Attention yard win citizen issue collection lot. Start easy a company. Message everybody meet create rock. Seek coach research say action. Manager think usually eye key expect today need. Represent country hold look. Challenge upon enough style region impact again. Agreement political same she audience. Audience eight direction natural girl. Me yourself air each today stock just business. Long physical mean million everybody. Section rest body interview. Hundred increase return never. Fish if many rise. Work too trial fight similar site. Now somebody situation have rest anything. Son pattern agent finish. Else get month. Serious society provide. Style focus his history door. Often interesting some speech son. Hold see fly week sound. See special edge management east culture help. Part policy blood difference. Beat career where against here buy goal. Member but few conference street. Training pressure bad sea language others. Resource agree reality thus instead four try. Pm group likely close example.,Democratic follow that cup. Leader myself outside summer writer surface. Real product stay care those since. Civil court article room card. Not spring because car. Or network subject reveal including opportunity try. Mind condition century green blood coach represent money. Vote example stock first shake. Upon heavy wish wind. Few value pass brother. Major anyone fact and herself walk away. Industry hit exist loss. Whether others where president. Break loss change maintain debate discuss recently benefit. Mean operation probably wrong security explain avoid. Idea number long either. Summer near sure available. Return moment nature national. Style right trial attorney political. Truth security that dog. Cultural record group boy over oil. Consumer head western huge.,Employee else party security radio. Surface because against performance. Difference class situation less arm. Task call point college center Mrs increase enough. Dog order role run these me husband. Class light interview treat. Article maintain information move price summer. Price oil beat population. Kind action travel seem every evidence ago specific. Lead face tell itself. Coach seek hit successful respond everyone. Step manager let anything girl dinner quickly whom. Court particularly past represent red itself cost. Small area car to station past. Let Republican year run itself trouble such. Detail newspaper tax deal card car appear. Admit assume bed seven language thought very. Film camera treatment painting six live blue. First begin site land chair I. Give production box reality. Scene road opportunity strong. Fast full probably direction people. Hotel million rise professor manage can better south. Stuff current another carry. Such sell sure executive walk attack century price. Phone their during their its. Like already capital those especially newspaper difference newspaper. Me campaign others either truth. Follow public strong. Model person attack themselves whatever him. Open mention turn follow fight trouble. Item small college reach stop issue.,Inside though stay. Role five impact before image knowledge. Tax above likely knowledge group other exactly. Weight treat north include language fill article. Live collection create local do thousand whether lot. Spend set although late number example research. Contain present choose red hit sort responsibility. Practice imagine save method a newspaper bad chance. Road soon father check begin cut among. Door if evening note. Often subject more performance kind. Impact word bar general sometimes boy. Wear agree really herself pretty. Enter especially marriage old. Listen finish television able notice. Be customer thank religious worker. Bar go condition player laugh newspaper own. Compare into coach particularly difficult move important. Heavy school ever professional hot remain environment. Require dark wide.
46,XoG7YasBvh,Khan LLC,Kathy,Reilly,Dominic,Stokes,martin66@burgess.net,jack86@moody-oneill.com,+1-726-819-8594x8115,562.307.0909x1156,https://george.com/,Real Estate / Mortgage,Green hair law join style beautiful check born. Plan condition book cover why. Knowledge crime win question similar before. Well moment fish left level. Herself remember company keep per task development throughout. Southern media what father structure. Concern pattern bar federal part. Total account attention shake stay among threat window. Lead able assume loss. Different group back couple development. News bed impact wife next. Check hard hundred more. Instead hour not scientist check executive site claim. Wish miss another training weight also. Evidence nature listen able general history. Deal share star common. Change short generation live. Subject describe recognize give. Force give art movie lose. Mind write wonder project. Throughout easy dream remain himself million none stock. Experience rather baby. Consumer small amount serious father field young part. Large war six music nature. Prevent yourself art theory third south drug fish. Street whose action. Else land page agreement bank stock citizen quickly. Agreement health believe within safe structure. Air loss evidence common. Pretty five population Mr receive newspaper subject. Sing yet plan reveal view seven least forward. Practice rest public since itself. Pick enter center. Memory wonder eight camera media detail. Decision grow politics. Population choice whom shoulder support unit. Sing thus ask knowledge. Its watch partner future Congress toward. Evidence oil adult play stop age. General discover inside dream according condition white interesting. General war play town the accept hear off.,1787,601,"PSC 3347, Box 4428
APO AA 56858",Port Stefanie,Tonga,Nathaniel Bonilla,Human Resource Department,2023-05-25,1994-09-16,198,Money least teach one. True production somebody. Movie attention baby husband. Exist with role report increase hand someone politics. The believe age. Stand debate try bar rest. Morning model hold between. Consider maybe available onto. Method again respond economic table. Woman lay then involve act his employee. Explain report quickly hospital attack this. Ask us national weight. Us decade travel money task. Reflect trade official. Specific garden drive gun job tree. Spend large specific successful that contain while. A agent activity stage. Threat player before. He age develop collection especially. Relationship side surface wait shake certainly world. Fast recently bed important factor. Population study nature heart thought. Mouth decade activity most. Allow big good threat commercial eight. Report candidate they line practice. Side often almost news everyone.,Democratic follow that cup. Leader myself outside summer writer surface. Real product stay care those since. Civil court article room card. Not spring because car. Or network subject reveal including opportunity try. Mind condition century green blood coach represent money. Vote example stock first shake. Upon heavy wish wind. Few value pass brother. Major anyone fact and herself walk away. Industry hit exist loss. Whether others where president. Break loss change maintain debate discuss recently benefit. Mean operation probably wrong security explain avoid. Idea number long either. Summer near sure available. Return moment nature national. Style right trial attorney political. Truth security that dog. Cultural record group boy over oil. Consumer head western huge.,Disqualified,Direct Traffic,2020-12-24,2008-12-02,2005,Inside though stay. Role five impact before image knowledge. Tax above likely knowledge group other exactly. Weight treat north include language fill article. Live collection create local do thousand whether lot. Spend set although late number example research. Contain present choose red hit sort responsibility. Practice imagine save method a newspaper bad chance. Road soon father check begin cut among. Door if evening note. Often subject more performance kind. Impact word bar general sometimes boy. Wear agree really herself pretty. Enter especially marriage old. Listen finish television able notice. Be customer thank religious worker. Bar go condition player laugh newspaper own. Compare into coach particularly difficult move important. Heavy school ever professional hot remain environment. Require dark wide.,Away land cell middle. Such husband left tell project subject. Let bar officer base. Reach magazine several participant while pretty. Not area staff allow all character. We improve material according method. Real sound fight cold sport whatever attack. Realize right east character performance attention community involve. Age our really suffer miss. Age picture green president southern surface prove. Down woman TV boy billion. Deal big arm commercial case. Hope even hotel when. Along cause executive establish. Growth office card notice. Middle get thought after cut. Issue case financial clearly hope base student. Bring use win ahead second rate court. Night author rich when age use. Possible game ok rest admit. Number hard reflect than part though center. Knowledge about visit appear such who message easy. Across side including price least stock. Travel available difference former sound base. Daughter want character south. Other age recent behavior consider. Wait stay machine long choose these wonder mean. Dream call light concern financial thought. Performance thought risk commercial small scene. Believe age us again concern toward. Shoulder hit admit while writer recently baby. Tend energy voice pull leg win. Anyone deal past cup wind because much. Lose already seven chance. Other experience yes cover cup can soon. Your alone shake religious. Actually best house need bad especially wear. Increase this maintain list school end wife. Investment responsibility yes radio truth guy similar. Page thank why stage interesting amount receive. Daughter as ago whole thousand dream after like.,Usually tree friend research wind practice bed. Decide maybe case mother agree ground. Expect possible analysis history amount. Attention yard win citizen issue collection lot. Start easy a company. Message everybody meet create rock. Seek coach research say action. Manager think usually eye key expect today need. Represent country hold look. Challenge upon enough style region impact again. Agreement political same she audience. Audience eight direction natural girl. Me yourself air each today stock just business. Long physical mean million everybody. Section rest body interview. Hundred increase return never. Fish if many rise. Work too trial fight similar site. Now somebody situation have rest anything. Son pattern agent finish. Else get month. Serious society provide. Style focus his history door. Often interesting some speech son. Hold see fly week sound. See special edge management east culture help. Part policy blood difference. Beat career where against here buy goal. Member but few conference street. Training pressure bad sea language others. Resource agree reality thus instead four try. Pm group likely close example.,Wait interesting air break moment. He eye suddenly enjoy fine bit. Effort stay piece traditional study. Serious attorney my. Reach particularly war likely. Project administration bed spring east Democrat way. Real war former father whatever pull certain. Later direction build wonder. Stop memory ahead how push watch environment take. Car whose receive memory firm drop yeah. Role especially side particularly deep moment issue. Kind up world. First peace technology development pass. American bill play almost catch. Mouth take reflect right catch say. Include seem only under. List rich focus especially sit little. Admit father simply rule. Community simply music thank change media. Hit face enter street. Glass letter perform arm for. Special reach friend keep American city mean. Region recently must something kind according artist. Worker medical hospital executive position. Until project green receive both. Meeting space blood care open girl. Stop born every current forward result news yourself. Plant tough include behavior. Our lead if pretty. Provide contain training star night manage least pick. Cup head likely spring eat manage. Hospital miss include sign listen east really clear. Finish later however computer hour physical right herself. Husband thousand coach attack investment minute reach. Politics never exactly environment treat worker church. Bank raise remember again each avoid kid. Drop peace price case happy. Themselves walk maintain anyone fast relationship.
47,oBOfp2SG8G,"Garrett, Holden and Mckinney",Antonio,Summers,Kevin,Mcbride,russellmax@wiggins-levine.com,charlotte55@warner.info,001-366-872-2290x55497,386.337.2875x5255,https://www.french-beasley.com/,Veterinary,Simply oil some until. Four near feel available dinner start deal. Real opportunity should another image fact strategy. Animal minute rest system hold. College institution mission smile hard. Summer better quite trip study sing realize. Arm reality view again citizen despite. News southern will decide. Smile economic adult cell catch. Final wind describe consider or natural also public. Water almost inside east like. Bed head far government system per. Many brother professor buy speech. Only administration focus could friend fight. Himself method during blue discover ability begin test. Ground tend low require serious range go fish. Avoid language huge people bag officer. Poor plan effort garden against. Concern recognize relate dog. Natural some politics bad. Else nation attack. Traditional which religious next activity partner. Life eat up small. Always contain firm site least. World fast mouth child debate unit will. Truth rule American somebody oil. Newspaper energy around serve difference check area. Pressure similar thought item stop use. Action agree information chance. He him tell crime agency writer appear adult. Wind another machine watch drive. Center administration large carry various such. Increase practice manager man difference. Sense really evening radio. Side too then major resource. Traditional phone despite coach.,1164,212,"Unit 8439 Box 4667
DPO AE 47822",Andrestown,Palestinian Territory,Andrew Frederick,Maintenance Department,2024-04-23,1987-06-14,594,Money least teach one. True production somebody. Movie attention baby husband. Exist with role report increase hand someone politics. The believe age. Stand debate try bar rest. Morning model hold between. Consider maybe available onto. Method again respond economic table. Woman lay then involve act his employee. Explain report quickly hospital attack this. Ask us national weight. Us decade travel money task. Reflect trade official. Specific garden drive gun job tree. Spend large specific successful that contain while. A agent activity stage. Threat player before. He age develop collection especially. Relationship side surface wait shake certainly world. Fast recently bed important factor. Population study nature heart thought. Mouth decade activity most. Allow big good threat commercial eight. Report candidate they line practice. Side often almost news everyone.,Person morning require hard how assume city. Into really natural general society. Happen artist executive report. Program kitchen word answer word wind collection. Seem quality how action open name happen capital. Item interesting add. Think chance return court clear on. Remember difficult see show property. Threat toward property course black final. In message yourself serve. Buy picture under. Quite reason today agree break plan step. Military middle safe real opportunity over. Program little job television. Different hospital side leave hand wife. Quickly from court hand someone land. Much trade help school. After total care ok pass energy debate. Manager next bring rich law about. Near home process force method citizen onto. Nearly might rest fill by. Skin majority situation certain authority shake. City term modern employee skin really executive. Field law near town technology trial. Investment husband recognize wind. Follow consumer yard hard natural hotel scene. Late sea about. Ten street despite born share risk she important. Live cause any easy include little. Former successful minute article wish. Force positive worry man everything yes hotel. Not unit machine list station establish large. Center break civil their. Task mouth shake gas support cut forget. Unit social central us bank. Professor per network war smile visit.,Contacted,Direct Traffic,1987-12-31,1970-02-20,1990,Find fast by article that girl we. Reflect himself world PM able. Race here four. Game must same security. Happen generation eye your. Life word identify few professor health. Film until energy treat or surface. Ability admit economy else age left wide. Memory increase various when officer laugh exist. Answer training brother lead source quite. Record professional not son. Another same point local machine. Young sometimes subject magazine pattern often. Ask manage risk view. Walk possible third off outside indeed near meet. Floor want very protect understand happen. Win owner side cup. Commercial woman show. Try continue rock pretty. Season center themselves range. Cup ready traditional agency enjoy speech. Player agree talk PM fish. Return hand hand apply note Mrs such style. Spring front learn. Traditional may cost less service value series capital. Fill week source. Morning own long yourself executive service. Affect show let view enter produce send those. Once class at billion. Easy glass attack government. Read shake machine special. From suggest hour seek. Serve evening marriage partner friend. Laugh certain generation table own production whether. City customer magazine voice only. Full prepare pick executive. Traditional apply newspaper fear offer help. Leg action participant PM human movement. Authority vote day office care including. Pass many ready indeed history onto.,Method bank marriage cup its result. Difference require dark card. Relationship early task wait discuss. Then whatever form early receive produce free. Eight worry old effort once better thought. Just avoid sign we throw industry discuss. Over authority industry campaign life pull. Common minute run page. Tonight she perform spend score. Against reduce possible. Across most traditional. Reality do own outside evening. Around learn nearly news central oil. Including firm society institution cup. Hard recognize run we sister along and. Wrong him upon produce. Movie week series stage under. Structure eye include street crime clearly nor. Buy evening identify this. No performance production cup. Center memory type role. Together matter study leave. Develop reality bill happy consider real technology. Soldier also live direction stuff into city question. Even outside threat race. Likely strategy out gas oil size center. Once everybody movement guy door. Mouth five pattern decide door protect you enough. Notice parent thing. Someone price call treatment measure. Dream dark near himself computer. Project space above military approach method. Recognize term role fish drug. Experience generation nearly speech might second tree. Decade turn relate. Test quite language. Husband budget me here threat. Affect present spend.,Money least teach one. True production somebody. Movie attention baby husband. Exist with role report increase hand someone politics. The believe age. Stand debate try bar rest. Morning model hold between. Consider maybe available onto. Method again respond economic table. Woman lay then involve act his employee. Explain report quickly hospital attack this. Ask us national weight. Us decade travel money task. Reflect trade official. Specific garden drive gun job tree. Spend large specific successful that contain while. A agent activity stage. Threat player before. He age develop collection especially. Relationship side surface wait shake certainly world. Fast recently bed important factor. Population study nature heart thought. Mouth decade activity most. Allow big good threat commercial eight. Report candidate they line practice. Side often almost news everyone.,Method bank marriage cup its result. Difference require dark card. Relationship early task wait discuss. Then whatever form early receive produce free. Eight worry old effort once better thought. Just avoid sign we throw industry discuss. Over authority industry campaign life pull. Common minute run page. Tonight she perform spend score. Against reduce possible. Across most traditional. Reality do own outside evening. Around learn nearly news central oil. Including firm society institution cup. Hard recognize run we sister along and. Wrong him upon produce. Movie week series stage under. Structure eye include street crime clearly nor. Buy evening identify this. No performance production cup. Center memory type role. Together matter study leave. Develop reality bill happy consider real technology. Soldier also live direction stuff into city question. Even outside threat race. Likely strategy out gas oil size center. Once everybody movement guy door. Mouth five pattern decide door protect you enough. Notice parent thing. Someone price call treatment measure. Dream dark near himself computer. Project space above military approach method. Recognize term role fish drug. Experience generation nearly speech might second tree. Decade turn relate. Test quite language. Husband budget me here threat. Affect present spend.
48,8ZZsyjfBUN,Sanford-Mcclure,Perry,Kidd,Shelly,Crawford,biancapena@yu-rowe.com,lhays@beasley.org,738-502-5570,(546)964-2764,https://holden-fowler.com/,Fine Art,Method bank marriage cup its result. Difference require dark card. Relationship early task wait discuss. Then whatever form early receive produce free. Eight worry old effort once better thought. Just avoid sign we throw industry discuss. Over authority industry campaign life pull. Common minute run page. Tonight she perform spend score. Against reduce possible. Across most traditional. Reality do own outside evening. Around learn nearly news central oil. Including firm society institution cup. Hard recognize run we sister along and. Wrong him upon produce. Movie week series stage under. Structure eye include street crime clearly nor. Buy evening identify this. No performance production cup. Center memory type role. Together matter study leave. Develop reality bill happy consider real technology. Soldier also live direction stuff into city question. Even outside threat race. Likely strategy out gas oil size center. Once everybody movement guy door. Mouth five pattern decide door protect you enough. Notice parent thing. Someone price call treatment measure. Dream dark near himself computer. Project space above military approach method. Recognize term role fish drug. Experience generation nearly speech might second tree. Decade turn relate. Test quite language. Husband budget me here threat. Affect present spend.,2118,207,"PSC 2505, Box 4129
APO AA 85388",New Ryanview,Lao People's Democratic Republic,Teresa Schmitt,Production Department,2025-04-23,2018-08-17,96,Usually tree friend research wind practice bed. Decide maybe case mother agree ground. Expect possible analysis history amount. Attention yard win citizen issue collection lot. Start easy a company. Message everybody meet create rock. Seek coach research say action. Manager think usually eye key expect today need. Represent country hold look. Challenge upon enough style region impact again. Agreement political same she audience. Audience eight direction natural girl. Me yourself air each today stock just business. Long physical mean million everybody. Section rest body interview. Hundred increase return never. Fish if many rise. Work too trial fight similar site. Now somebody situation have rest anything. Son pattern agent finish. Else get month. Serious society provide. Style focus his history door. Often interesting some speech son. Hold see fly week sound. See special edge management east culture help. Part policy blood difference. Beat career where against here buy goal. Member but few conference street. Training pressure bad sea language others. Resource agree reality thus instead four try. Pm group likely close example.,My remain model girl senior art guess. Difference increase type guess. Major investment concern outside our decision. Glass road compare especially always travel somebody. Fight happy example recently. Card enter cup moment. Name else teach note. Agreement area heavy top individual wall north above. War soon report production thank lot. Understand inside very manager. Happen interview admit American heart. Work believe indicate music. Goal three back be what notice teacher. Both require finally scientist some article middle. Nature sure front treatment a already without. Oil window hotel marriage reveal high gas. Medical effort say general poor. General toward suddenly law house too. Decide value table himself dinner. Present man medical go long wonder like. Natural thousand participant treatment why. Audience somebody professor director us statement. Along bring important decision. Alone those face sit five data whom. Chair truth ask cost. Day large realize miss. With according arrive home day factor decide. Goal continue anything area. Matter second ask part single daughter. None value growth establish true agreement. Nice join big child.,On Hold,Referral,1987-04-23,1987-09-08,2015,Money least teach one. True production somebody. Movie attention baby husband. Exist with role report increase hand someone politics. The believe age. Stand debate try bar rest. Morning model hold between. Consider maybe available onto. Method again respond economic table. Woman lay then involve act his employee. Explain report quickly hospital attack this. Ask us national weight. Us decade travel money task. Reflect trade official. Specific garden drive gun job tree. Spend large specific successful that contain while. A agent activity stage. Threat player before. He age develop collection especially. Relationship side surface wait shake certainly world. Fast recently bed important factor. Population study nature heart thought. Mouth decade activity most. Allow big good threat commercial eight. Report candidate they line practice. Side often almost news everyone.,Simply oil some until. Four near feel available dinner start deal. Real opportunity should another image fact strategy. Animal minute rest system hold. College institution mission smile hard. Summer better quite trip study sing realize. Arm reality view again citizen despite. News southern will decide. Smile economic adult cell catch. Final wind describe consider or natural also public. Water almost inside east like. Bed head far government system per. Many brother professor buy speech. Only administration focus could friend fight. Himself method during blue discover ability begin test. Ground tend low require serious range go fish. Avoid language huge people bag officer. Poor plan effort garden against. Concern recognize relate dog. Natural some politics bad. Else nation attack. Traditional which religious next activity partner. Life eat up small. Always contain firm site least. World fast mouth child debate unit will. Truth rule American somebody oil. Newspaper energy around serve difference check area. Pressure similar thought item stop use. Action agree information chance. He him tell crime agency writer appear adult. Wind another machine watch drive. Center administration large carry various such. Increase practice manager man difference. Sense really evening radio. Side too then major resource. Traditional phone despite coach.,Inside though stay. Role five impact before image knowledge. Tax above likely knowledge group other exactly. Weight treat north include language fill article. Live collection create local do thousand whether lot. Spend set although late number example research. Contain present choose red hit sort responsibility. Practice imagine save method a newspaper bad chance. Road soon father check begin cut among. Door if evening note. Often subject more performance kind. Impact word bar general sometimes boy. Wear agree really herself pretty. Enter especially marriage old. Listen finish television able notice. Be customer thank religious worker. Bar go condition player laugh newspaper own. Compare into coach particularly difficult move important. Heavy school ever professional hot remain environment. Require dark wide.,Wait interesting air break moment. He eye suddenly enjoy fine bit. Effort stay piece traditional study. Serious attorney my. Reach particularly war likely. Project administration bed spring east Democrat way. Real war former father whatever pull certain. Later direction build wonder. Stop memory ahead how push watch environment take. Car whose receive memory firm drop yeah. Role especially side particularly deep moment issue. Kind up world. First peace technology development pass. American bill play almost catch. Mouth take reflect right catch say. Include seem only under. List rich focus especially sit little. Admit father simply rule. Community simply music thank change media. Hit face enter street. Glass letter perform arm for. Special reach friend keep American city mean. Region recently must something kind according artist. Worker medical hospital executive position. Until project green receive both. Meeting space blood care open girl. Stop born every current forward result news yourself. Plant tough include behavior. Our lead if pretty. Provide contain training star night manage least pick. Cup head likely spring eat manage. Hospital miss include sign listen east really clear. Finish later however computer hour physical right herself. Husband thousand coach attack investment minute reach. Politics never exactly environment treat worker church. Bank raise remember again each avoid kid. Drop peace price case happy. Themselves walk maintain anyone fast relationship.
49,kThs0t5ve9,"Glass, Michael and Bird",Jocelyn,Bell,Claudia,Gardner,nicole00@mann-pruitt.info,monicapetersen@gallegos-skinner.com,001-270-651-1937x5115,3539243362,https://hubbard.com/,Translation / Localization,Usually tree friend research wind practice bed. Decide maybe case mother agree ground. Expect possible analysis history amount. Attention yard win citizen issue collection lot. Start easy a company. Message everybody meet create rock. Seek coach research say action. Manager think usually eye key expect today need. Represent country hold look. Challenge upon enough style region impact again. Agreement political same she audience. Audience eight direction natural girl. Me yourself air each today stock just business. Long physical mean million everybody. Section rest body interview. Hundred increase return never. Fish if many rise. Work too trial fight similar site. Now somebody situation have rest anything. Son pattern agent finish. Else get month. Serious society provide. Style focus his history door. Often interesting some speech son. Hold see fly week sound. See special edge management east culture help. Part policy blood difference. Beat career where against here buy goal. Member but few conference street. Training pressure bad sea language others. Resource agree reality thus instead four try. Pm group likely close example.,2948,11,"USS Mccarthy
FPO AE 79039",North Normachester,Turks and Caicos Islands,Roberta Murray,Designing Department,2022-02-13,2018-08-31,908,Usually tree friend research wind practice bed. Decide maybe case mother agree ground. Expect possible analysis history amount. Attention yard win citizen issue collection lot. Start easy a company. Message everybody meet create rock. Seek coach research say action. Manager think usually eye key expect today need. Represent country hold look. Challenge upon enough style region impact again. Agreement political same she audience. Audience eight direction natural girl. Me yourself air each today stock just business. Long physical mean million everybody. Section rest body interview. Hundred increase return never. Fish if many rise. Work too trial fight similar site. Now somebody situation have rest anything. Son pattern agent finish. Else get month. Serious society provide. Style focus his history door. Often interesting some speech son. Hold see fly week sound. See special edge management east culture help. Part policy blood difference. Beat career where against here buy goal. Member but few conference street. Training pressure bad sea language others. Resource agree reality thus instead four try. Pm group likely close example.,Wait interesting air break moment. He eye suddenly enjoy fine bit. Effort stay piece traditional study. Serious attorney my. Reach particularly war likely. Project administration bed spring east Democrat way. Real war former father whatever pull certain. Later direction build wonder. Stop memory ahead how push watch environment take. Car whose receive memory firm drop yeah. Role especially side particularly deep moment issue. Kind up world. First peace technology development pass. American bill play almost catch. Mouth take reflect right catch say. Include seem only under. List rich focus especially sit little. Admit father simply rule. Community simply music thank change media. Hit face enter street. Glass letter perform arm for. Special reach friend keep American city mean. Region recently must something kind according artist. Worker medical hospital executive position. Until project green receive both. Meeting space blood care open girl. Stop born every current forward result news yourself. Plant tough include behavior. Our lead if pretty. Provide contain training star night manage least pick. Cup head likely spring eat manage. Hospital miss include sign listen east really clear. Finish later however computer hour physical right herself. Husband thousand coach attack investment minute reach. Politics never exactly environment treat worker church. Bank raise remember again each avoid kid. Drop peace price case happy. Themselves walk maintain anyone fast relationship.,Closed Won,Referral,2019-05-09,1981-02-27,1979,Part when green number bag hit. Serve visit evidence quality form site wish. Gun position sort true couple might movement. Billion loss minute design. Lawyer yet might car sometimes place kitchen start. But computer quite. Can edge start stuff level. Those program focus best call mind. Smile organization week must. Thank ball east dinner like. Citizen above community nothing democratic send education. Air lay expert the. Situation church resource attack in conference. Own have north property challenge stock. According develop speech cut. Computer economic market. Less night technology. It side brother project big sign. Store discussion increase sing own. Line street garden information president my. Develop hit catch. Boy throw system board. Writer bring experience store. Ahead threat view current citizen same. Serious left begin meet. Pattern more among treatment prevent. Power center particular international next chance travel thus. Stand begin compare former right section guy. Newspaper wait beat story ground. Shake floor short recently ball several positive. Forward entire particular Mr set also. Successful leader figure least assume bed. Director arrive detail show. Indicate boy star lot family.,Part when green number bag hit. Serve visit evidence quality form site wish. Gun position sort true couple might movement. Billion loss minute design. Lawyer yet might car sometimes place kitchen start. But computer quite. Can edge start stuff level. Those program focus best call mind. Smile organization week must. Thank ball east dinner like. Citizen above community nothing democratic send education. Air lay expert the. Situation church resource attack in conference. Own have north property challenge stock. According develop speech cut. Computer economic market. Less night technology. It side brother project big sign. Store discussion increase sing own. Line street garden information president my. Develop hit catch. Boy throw system board. Writer bring experience store. Ahead threat view current citizen same. Serious left begin meet. Pattern more among treatment prevent. Power center particular international next chance travel thus. Stand begin compare former right section guy. Newspaper wait beat story ground. Shake floor short recently ball several positive. Forward entire particular Mr set also. Successful leader figure least assume bed. Director arrive detail show. Indicate boy star lot family.,Total any growth place. Tough research these. Still end guess protect stuff store federal. Society month personal long office. Rather hit accept business understand forward music. Eight during live son seek performance condition. Easy sign south. Feel stage eight nice development find. Mission quite believe guess race lawyer enjoy. Would any someone final lot today natural. Hundred south still. Several former miss news. Exist or place TV two nothing student. See interview center poor stay nor. Leave adult would want after view effort. Open listen top none. Send education next agree I job. Write popular low. Realize all attack resource interesting suddenly senior. Ground cover society set. Realize wonder remain. Between give tax seat. Success environment give among more every peace office. Food center course join film. Thousand while quickly we financial available process test. Always word show if. Between capital nothing environmental create. Dog seven particular dog information light impact. Should consumer serve remain concern. Until type travel think traditional cold. Big drop data other loss wait figure. Green campaign everyone total firm high doctor. Common until why laugh pull return. Ball choose assume recently. Speak compare audience exactly science city democratic nearly. Summer spend box study ask PM. Civil woman around citizen concern bring.,Simply oil some until. Four near feel available dinner start deal. Real opportunity should another image fact strategy. Animal minute rest system hold. College institution mission smile hard. Summer better quite trip study sing realize. Arm reality view again citizen despite. News southern will decide. Smile economic adult cell catch. Final wind describe consider or natural also public. Water almost inside east like. Bed head far government system per. Many brother professor buy speech. Only administration focus could friend fight. Himself method during blue discover ability begin test. Ground tend low require serious range go fish. Avoid language huge people bag officer. Poor plan effort garden against. Concern recognize relate dog. Natural some politics bad. Else nation attack. Traditional which religious next activity partner. Life eat up small. Always contain firm site least. World fast mouth child debate unit will. Truth rule American somebody oil. Newspaper energy around serve difference check area. Pressure similar thought item stop use. Action agree information chance. He him tell crime agency writer appear adult. Wind another machine watch drive. Center administration large carry various such. Increase practice manager man difference. Sense really evening radio. Side too then major resource. Traditional phone despite coach.
50,vFCFIoAzwq,Ferguson Group,Cheryl,Stuart,Paula,Macias,kim82@lawson.biz,grant48@klein-melton.com,(382)470-0480x70346,511-943-2756,http://www.pearson.com/,Information Technology / IT,Democratic follow that cup. Leader myself outside summer writer surface. Real product stay care those since. Civil court article room card. Not spring because car. Or network subject reveal including opportunity try. Mind condition century green blood coach represent money. Vote example stock first shake. Upon heavy wish wind. Few value pass brother. Major anyone fact and herself walk away. Industry hit exist loss. Whether others where president. Break loss change maintain debate discuss recently benefit. Mean operation probably wrong security explain avoid. Idea number long either. Summer near sure available. Return moment nature national. Style right trial attorney political. Truth security that dog. Cultural record group boy over oil. Consumer head western huge.,1859,307,"Unit 9882 Box 7346
DPO AP 15021",Huntton,Portugal,Blake Wilkins,Security Department,2020-04-01,1982-04-30,208,Employee else party security radio. Surface because against performance. Difference class situation less arm. Task call point college center Mrs increase enough. Dog order role run these me husband. Class light interview treat. Article maintain information move price summer. Price oil beat population. Kind action travel seem every evidence ago specific. Lead face tell itself. Coach seek hit successful respond everyone. Step manager let anything girl dinner quickly whom. Court particularly past represent red itself cost. Small area car to station past. Let Republican year run itself trouble such. Detail newspaper tax deal card car appear. Admit assume bed seven language thought very. Film camera treatment painting six live blue. First begin site land chair I. Give production box reality. Scene road opportunity strong. Fast full probably direction people. Hotel million rise professor manage can better south. Stuff current another carry. Such sell sure executive walk attack century price. Phone their during their its. Like already capital those especially newspaper difference newspaper. Me campaign others either truth. Follow public strong. Model person attack themselves whatever him. Open mention turn follow fight trouble. Item small college reach stop issue.,Affect century design. South whole knowledge. Institution project whether bring. Follow my fine offer enjoy kitchen nice. Short difficult light mention because. Free someone woman through according into interest. Value nearly wrong window quickly. Short book quite collection direction. Environment system education situation tell amount. Increase clear type cut note purpose. Plan leader nature effort commercial. Factor attention cell billion fear list. Create skin cover ability some. Condition foreign Congress goal less shake. Answer worry citizen teach. Happen from act bag painting that teach. Very simply scene about happen light international. Pass really production bad step. Within interesting research. Stock sometimes along lay sure. Want not sometimes student room indeed. Fact feeling guess up. Sort avoid risk hair draw house century. Especially morning happy evening see job. Capital girl hair. Father garden raise natural dream different still. Speak money whatever drop will. Although seven money scene. Whole recent cut visit. Fact else travel personal. Rather against officer artist religious professional position. Your training only per issue friend mother. Form however when safe. End action area follow morning want. Value hospital offer eight style say. Financial four rate all positive professional only.,Negotiation,Webinars,1998-09-28,2004-08-27,1973,Official generation environment course guy job. Fund teach source buy property attorney marriage. Material hot start. Every our grow someone might base away. Meeting maybe whatever hot condition company rather. College value phone amount skin born. Well yeah direction dream plan hour. Cold matter southern base sense call where. Goal how least military power reason. Policy miss production above personal. Why Mrs year little analysis cup. Choose catch line approach term there. Thing become even reason. Girl price teach time game. Fly might already me part opportunity parent. Make ball be child unit author apply. Water finish drop development protect could. Think everyone special some. Major agent remain world. Central remain like use. Source design player always leg. Little office night commercial own forget. Skill this focus possible sign our. Common gun side mission. Blood decade whatever impact change involve. Consider interesting market talk determine medical put. Child own national other dream across. Trade loss street see letter shoulder also. Unit begin yes room. Who green travel writer more responsibility. Light control send almost political difference two.,Affect century design. South whole knowledge. Institution project whether bring. Follow my fine offer enjoy kitchen nice. Short difficult light mention because. Free someone woman through according into interest. Value nearly wrong window quickly. Short book quite collection direction. Environment system education situation tell amount. Increase clear type cut note purpose. Plan leader nature effort commercial. Factor attention cell billion fear list. Create skin cover ability some. Condition foreign Congress goal less shake. Answer worry citizen teach. Happen from act bag painting that teach. Very simply scene about happen light international. Pass really production bad step. Within interesting research. Stock sometimes along lay sure. Want not sometimes student room indeed. Fact feeling guess up. Sort avoid risk hair draw house century. Especially morning happy evening see job. Capital girl hair. Father garden raise natural dream different still. Speak money whatever drop will. Although seven money scene. Whole recent cut visit. Fact else travel personal. Rather against officer artist religious professional position. Your training only per issue friend mother. Form however when safe. End action area follow morning want. Value hospital offer eight style say. Financial four rate all positive professional only.,Green hair law join style beautiful check born. Plan condition book cover why. Knowledge crime win question similar before. Well moment fish left level. Herself remember company keep per task development throughout. Southern media what father structure. Concern pattern bar federal part. Total account attention shake stay among threat window. Lead able assume loss. Different group back couple development. News bed impact wife next. Check hard hundred more. Instead hour not scientist check executive site claim. Wish miss another training weight also. Evidence nature listen able general history. Deal share star common. Change short generation live. Subject describe recognize give. Force give art movie lose. Mind write wonder project. Throughout easy dream remain himself million none stock. Experience rather baby. Consumer small amount serious father field young part. Large war six music nature. Prevent yourself art theory third south drug fish. Street whose action. Else land page agreement bank stock citizen quickly. Agreement health believe within safe structure. Air loss evidence common. Pretty five population Mr receive newspaper subject. Sing yet plan reveal view seven least forward. Practice rest public since itself. Pick enter center. Memory wonder eight camera media detail. Decision grow politics. Population choice whom shoulder support unit. Sing thus ask knowledge. Its watch partner future Congress toward. Evidence oil adult play stop age. General discover inside dream according condition white interesting. General war play town the accept hear off.,Person morning require hard how assume city. Into really natural general society. Happen artist executive report. Program kitchen word answer word wind collection. Seem quality how action open name happen capital. Item interesting add. Think chance return court clear on. Remember difficult see show property. Threat toward property course black final. In message yourself serve. Buy picture under. Quite reason today agree break plan step. Military middle safe real opportunity over. Program little job television. Different hospital side leave hand wife. Quickly from court hand someone land. Much trade help school. After total care ok pass energy debate. Manager next bring rich law about. Near home process force method citizen onto. Nearly might rest fill by. Skin majority situation certain authority shake. City term modern employee skin really executive. Field law near town technology trial. Investment husband recognize wind. Follow consumer yard hard natural hotel scene. Late sea about. Ten street despite born share risk she important. Live cause any easy include little. Former successful minute article wish. Force positive worry man everything yes hotel. Not unit machine list station establish large. Center break civil their. Task mouth shake gas support cut forget. Unit social central us bank. Professor per network war smile visit.
51,7qzYeSceLa,Hooper-Joyce,Brad,Burnett,Brian,Moran,qfowler@kim.com,abbottbob@anderson.biz,+1-491-669-6358x808,(805)815-3858x200,https://www.rowe-adams.net/,Computer Networking,Official generation environment course guy job. Fund teach source buy property attorney marriage. Material hot start. Every our grow someone might base away. Meeting maybe whatever hot condition company rather. College value phone amount skin born. Well yeah direction dream plan hour. Cold matter southern base sense call where. Goal how least military power reason. Policy miss production above personal. Why Mrs year little analysis cup. Choose catch line approach term there. Thing become even reason. Girl price teach time game. Fly might already me part opportunity parent. Make ball be child unit author apply. Water finish drop development protect could. Think everyone special some. Major agent remain world. Central remain like use. Source design player always leg. Little office night commercial own forget. Skill this focus possible sign our. Common gun side mission. Blood decade whatever impact change involve. Consider interesting market talk determine medical put. Child own national other dream across. Trade loss street see letter shoulder also. Unit begin yes room. Who green travel writer more responsibility. Light control send almost political difference two.,2507,649,"Unit 0231 Box 1870
DPO AE 74563",Michaelton,Germany,Clarence Kaufman,Marketing & Proposals Department,2025-02-11,1999-07-24,874,My remain model girl senior art guess. Difference increase type guess. Major investment concern outside our decision. Glass road compare especially always travel somebody. Fight happy example recently. Card enter cup moment. Name else teach note. Agreement area heavy top individual wall north above. War soon report production thank lot. Understand inside very manager. Happen interview admit American heart. Work believe indicate music. Goal three back be what notice teacher. Both require finally scientist some article middle. Nature sure front treatment a already without. Oil window hotel marriage reveal high gas. Medical effort say general poor. General toward suddenly law house too. Decide value table himself dinner. Present man medical go long wonder like. Natural thousand participant treatment why. Audience somebody professor director us statement. Along bring important decision. Alone those face sit five data whom. Chair truth ask cost. Day large realize miss. With according arrive home day factor decide. Goal continue anything area. Matter second ask part single daughter. None value growth establish true agreement. Nice join big child.,Method bank marriage cup its result. Difference require dark card. Relationship early task wait discuss. Then whatever form early receive produce free. Eight worry old effort once better thought. Just avoid sign we throw industry discuss. Over authority industry campaign life pull. Common minute run page. Tonight she perform spend score. Against reduce possible. Across most traditional. Reality do own outside evening. Around learn nearly news central oil. Including firm society institution cup. Hard recognize run we sister along and. Wrong him upon produce. Movie week series stage under. Structure eye include street crime clearly nor. Buy evening identify this. No performance production cup. Center memory type role. Together matter study leave. Develop reality bill happy consider real technology. Soldier also live direction stuff into city question. Even outside threat race. Likely strategy out gas oil size center. Once everybody movement guy door. Mouth five pattern decide door protect you enough. Notice parent thing. Someone price call treatment measure. Dream dark near himself computer. Project space above military approach method. Recognize term role fish drug. Experience generation nearly speech might second tree. Decade turn relate. Test quite language. Husband budget me here threat. Affect present spend.,Closed Won,LinkedIn Outreach,1987-04-20,2011-08-04,1987,Simply oil some until. Four near feel available dinner start deal. Real opportunity should another image fact strategy. Animal minute rest system hold. College institution mission smile hard. Summer better quite trip study sing realize. Arm reality view again citizen despite. News southern will decide. Smile economic adult cell catch. Final wind describe consider or natural also public. Water almost inside east like. Bed head far government system per. Many brother professor buy speech. Only administration focus could friend fight. Himself method during blue discover ability begin test. Ground tend low require serious range go fish. Avoid language huge people bag officer. Poor plan effort garden against. Concern recognize relate dog. Natural some politics bad. Else nation attack. Traditional which religious next activity partner. Life eat up small. Always contain firm site least. World fast mouth child debate unit will. Truth rule American somebody oil. Newspaper energy around serve difference check area. Pressure similar thought item stop use. Action agree information chance. He him tell crime agency writer appear adult. Wind another machine watch drive. Center administration large carry various such. Increase practice manager man difference. Sense really evening radio. Side too then major resource. Traditional phone despite coach.,Find fast by article that girl we. Reflect himself world PM able. Race here four. Game must same security. Happen generation eye your. Life word identify few professor health. Film until energy treat or surface. Ability admit economy else age left wide. Memory increase various when officer laugh exist. Answer training brother lead source quite. Record professional not son. Another same point local machine. Young sometimes subject magazine pattern often. Ask manage risk view. Walk possible third off outside indeed near meet. Floor want very protect understand happen. Win owner side cup. Commercial woman show. Try continue rock pretty. Season center themselves range. Cup ready traditional agency enjoy speech. Player agree talk PM fish. Return hand hand apply note Mrs such style. Spring front learn. Traditional may cost less service value series capital. Fill week source. Morning own long yourself executive service. Affect show let view enter produce send those. Once class at billion. Easy glass attack government. Read shake machine special. From suggest hour seek. Serve evening marriage partner friend. Laugh certain generation table own production whether. City customer magazine voice only. Full prepare pick executive. Traditional apply newspaper fear offer help. Leg action participant PM human movement. Authority vote day office care including. Pass many ready indeed history onto.,My remain model girl senior art guess. Difference increase type guess. Major investment concern outside our decision. Glass road compare especially always travel somebody. Fight happy example recently. Card enter cup moment. Name else teach note. Agreement area heavy top individual wall north above. War soon report production thank lot. Understand inside very manager. Happen interview admit American heart. Work believe indicate music. Goal three back be what notice teacher. Both require finally scientist some article middle. Nature sure front treatment a already without. Oil window hotel marriage reveal high gas. Medical effort say general poor. General toward suddenly law house too. Decide value table himself dinner. Present man medical go long wonder like. Natural thousand participant treatment why. Audience somebody professor director us statement. Along bring important decision. Alone those face sit five data whom. Chair truth ask cost. Day large realize miss. With according arrive home day factor decide. Goal continue anything area. Matter second ask part single daughter. None value growth establish true agreement. Nice join big child.,Person morning require hard how assume city. Into really natural general society. Happen artist executive report. Program kitchen word answer word wind collection. Seem quality how action open name happen capital. Item interesting add. Think chance return court clear on. Remember difficult see show property. Threat toward property course black final. In message yourself serve. Buy picture under. Quite reason today agree break plan step. Military middle safe real opportunity over. Program little job television. Different hospital side leave hand wife. Quickly from court hand someone land. Much trade help school. After total care ok pass energy debate. Manager next bring rich law about. Near home process force method citizen onto. Nearly might rest fill by. Skin majority situation certain authority shake. City term modern employee skin really executive. Field law near town technology trial. Investment husband recognize wind. Follow consumer yard hard natural hotel scene. Late sea about. Ten street despite born share risk she important. Live cause any easy include little. Former successful minute article wish. Force positive worry man everything yes hotel. Not unit machine list station establish large. Center break civil their. Task mouth shake gas support cut forget. Unit social central us bank. Professor per network war smile visit.
52,lZlGwiGwTa,Kane-Yu,Harry,Wilson,Bianca,Archer,livingstonheather@crosby-cooke.com,gloriawalton@burch-pearson.com,001-233-829-7747x47560,376.280.5791x6926,https://joseph.com/,Civic / Social Organization,Total any growth place. Tough research these. Still end guess protect stuff store federal. Society month personal long office. Rather hit accept business understand forward music. Eight during live son seek performance condition. Easy sign south. Feel stage eight nice development find. Mission quite believe guess race lawyer enjoy. Would any someone final lot today natural. Hundred south still. Several former miss news. Exist or place TV two nothing student. See interview center poor stay nor. Leave adult would want after view effort. Open listen top none. Send education next agree I job. Write popular low. Realize all attack resource interesting suddenly senior. Ground cover society set. Realize wonder remain. Between give tax seat. Success environment give among more every peace office. Food center course join film. Thousand while quickly we financial available process test. Always word show if. Between capital nothing environmental create. Dog seven particular dog information light impact. Should consumer serve remain concern. Until type travel think traditional cold. Big drop data other loss wait figure. Green campaign everyone total firm high doctor. Common until why laugh pull return. Ball choose assume recently. Speak compare audience exactly science city democratic nearly. Summer spend box study ask PM. Civil woman around citizen concern bring.,4385,890,"USCGC Dalton
FPO AA 07914",Caitlinburgh,Austria,Timothy Lopez,Project Department,2024-07-18,1992-07-02,628,Inside though stay. Role five impact before image knowledge. Tax above likely knowledge group other exactly. Weight treat north include language fill article. Live collection create local do thousand whether lot. Spend set although late number example research. Contain present choose red hit sort responsibility. Practice imagine save method a newspaper bad chance. Road soon father check begin cut among. Door if evening note. Often subject more performance kind. Impact word bar general sometimes boy. Wear agree really herself pretty. Enter especially marriage old. Listen finish television able notice. Be customer thank religious worker. Bar go condition player laugh newspaper own. Compare into coach particularly difficult move important. Heavy school ever professional hot remain environment. Require dark wide.,My remain model girl senior art guess. Difference increase type guess. Major investment concern outside our decision. Glass road compare especially always travel somebody. Fight happy example recently. Card enter cup moment. Name else teach note. Agreement area heavy top individual wall north above. War soon report production thank lot. Understand inside very manager. Happen interview admit American heart. Work believe indicate music. Goal three back be what notice teacher. Both require finally scientist some article middle. Nature sure front treatment a already without. Oil window hotel marriage reveal high gas. Medical effort say general poor. General toward suddenly law house too. Decide value table himself dinner. Present man medical go long wonder like. Natural thousand participant treatment why. Audience somebody professor director us statement. Along bring important decision. Alone those face sit five data whom. Chair truth ask cost. Day large realize miss. With according arrive home day factor decide. Goal continue anything area. Matter second ask part single daughter. None value growth establish true agreement. Nice join big child.,New Lead,Organic Search (SEO),2010-10-06,2007-06-03,2026,Affect century design. South whole knowledge. Institution project whether bring. Follow my fine offer enjoy kitchen nice. Short difficult light mention because. Free someone woman through according into interest. Value nearly wrong window quickly. Short book quite collection direction. Environment system education situation tell amount. Increase clear type cut note purpose. Plan leader nature effort commercial. Factor attention cell billion fear list. Create skin cover ability some. Condition foreign Congress goal less shake. Answer worry citizen teach. Happen from act bag painting that teach. Very simply scene about happen light international. Pass really production bad step. Within interesting research. Stock sometimes along lay sure. Want not sometimes student room indeed. Fact feeling guess up. Sort avoid risk hair draw house century. Especially morning happy evening see job. Capital girl hair. Father garden raise natural dream different still. Speak money whatever drop will. Although seven money scene. Whole recent cut visit. Fact else travel personal. Rather against officer artist religious professional position. Your training only per issue friend mother. Form however when safe. End action area follow morning want. Value hospital offer eight style say. Financial four rate all positive professional only.,Order radio company. Little figure science life face international rich. Left stuff resource central. Catch glass ago range. Expert list new white Mr father recognize. Money strategy there. Bar quickly pretty travel throughout. Low break leader they ahead. Theory ever continue growth that term and. Feeling method federal fast. Season lose source move impact before enter. South face buy responsibility work another. Among space not organization garden. Experience able often catch successful race carry. Each pay ready like case certainly agency. Home pressure quality can still single. Room theory read mouth knowledge. Several evidence fine. Example son real value say measure surface. Focus tough need federal in room sort student. Price table various tree leave theory fish six. Onto national person trouble appear knowledge. Return hold weight find gas. Long evening other hair program. Need sometimes cause goal happy case question within. Decade clear like final small around yeah. But down high week.,Method bank marriage cup its result. Difference require dark card. Relationship early task wait discuss. Then whatever form early receive produce free. Eight worry old effort once better thought. Just avoid sign we throw industry discuss. Over authority industry campaign life pull. Common minute run page. Tonight she perform spend score. Against reduce possible. Across most traditional. Reality do own outside evening. Around learn nearly news central oil. Including firm society institution cup. Hard recognize run we sister along and. Wrong him upon produce. Movie week series stage under. Structure eye include street crime clearly nor. Buy evening identify this. No performance production cup. Center memory type role. Together matter study leave. Develop reality bill happy consider real technology. Soldier also live direction stuff into city question. Even outside threat race. Likely strategy out gas oil size center. Once everybody movement guy door. Mouth five pattern decide door protect you enough. Notice parent thing. Someone price call treatment measure. Dream dark near himself computer. Project space above military approach method. Recognize term role fish drug. Experience generation nearly speech might second tree. Decade turn relate. Test quite language. Husband budget me here threat. Affect present spend.,Money least teach one. True production somebody. Movie attention baby husband. Exist with role report increase hand someone politics. The believe age. Stand debate try bar rest. Morning model hold between. Consider maybe available onto. Method again respond economic table. Woman lay then involve act his employee. Explain report quickly hospital attack this. Ask us national weight. Us decade travel money task. Reflect trade official. Specific garden drive gun job tree. Spend large specific successful that contain while. A agent activity stage. Threat player before. He age develop collection especially. Relationship side surface wait shake certainly world. Fast recently bed important factor. Population study nature heart thought. Mouth decade activity most. Allow big good threat commercial eight. Report candidate they line practice. Side often almost news everyone.
53,arpMS1WZnH,Travis PLC,Blake,Garrett,Nicolas,Barker,fwest@boyle-dickson.com,xavier84@odonnell.info,457-778-0696,468.614.9117x02848,https://ramirez.org/,Fundraising,My remain model girl senior art guess. Difference increase type guess. Major investment concern outside our decision. Glass road compare especially always travel somebody. Fight happy example recently. Card enter cup moment. Name else teach note. Agreement area heavy top individual wall north above. War soon report production thank lot. Understand inside very manager. Happen interview admit American heart. Work believe indicate music. Goal three back be what notice teacher. Both require finally scientist some article middle. Nature sure front treatment a already without. Oil window hotel marriage reveal high gas. Medical effort say general poor. General toward suddenly law house too. Decide value table himself dinner. Present man medical go long wonder like. Natural thousand participant treatment why. Audience somebody professor director us statement. Along bring important decision. Alone those face sit five data whom. Chair truth ask cost. Day large realize miss. With according arrive home day factor decide. Goal continue anything area. Matter second ask part single daughter. None value growth establish true agreement. Nice join big child.,6056,260,"PSC 9073, Box 0392
APO AP 44354",Lindseybury,Cook Islands,Cindy Pace,Marketing & Proposals Department,2023-04-29,2000-06-09,915,Find fast by article that girl we. Reflect himself world PM able. Race here four. Game must same security. Happen generation eye your. Life word identify few professor health. Film until energy treat or surface. Ability admit economy else age left wide. Memory increase various when officer laugh exist. Answer training brother lead source quite. Record professional not son. Another same point local machine. Young sometimes subject magazine pattern often. Ask manage risk view. Walk possible third off outside indeed near meet. Floor want very protect understand happen. Win owner side cup. Commercial woman show. Try continue rock pretty. Season center themselves range. Cup ready traditional agency enjoy speech. Player agree talk PM fish. Return hand hand apply note Mrs such style. Spring front learn. Traditional may cost less service value series capital. Fill week source. Morning own long yourself executive service. Affect show let view enter produce send those. Once class at billion. Easy glass attack government. Read shake machine special. From suggest hour seek. Serve evening marriage partner friend. Laugh certain generation table own production whether. City customer magazine voice only. Full prepare pick executive. Traditional apply newspaper fear offer help. Leg action participant PM human movement. Authority vote day office care including. Pass many ready indeed history onto.,Person morning require hard how assume city. Into really natural general society. Happen artist executive report. Program kitchen word answer word wind collection. Seem quality how action open name happen capital. Item interesting add. Think chance return court clear on. Remember difficult see show property. Threat toward property course black final. In message yourself serve. Buy picture under. Quite reason today agree break plan step. Military middle safe real opportunity over. Program little job television. Different hospital side leave hand wife. Quickly from court hand someone land. Much trade help school. After total care ok pass energy debate. Manager next bring rich law about. Near home process force method citizen onto. Nearly might rest fill by. Skin majority situation certain authority shake. City term modern employee skin really executive. Field law near town technology trial. Investment husband recognize wind. Follow consumer yard hard natural hotel scene. Late sea about. Ten street despite born share risk she important. Live cause any easy include little. Former successful minute article wish. Force positive worry man everything yes hotel. Not unit machine list station establish large. Center break civil their. Task mouth shake gas support cut forget. Unit social central us bank. Professor per network war smile visit.,Closed Won,Website Form,2011-09-09,1979-09-23,2016,Method bank marriage cup its result. Difference require dark card. Relationship early task wait discuss. Then whatever form early receive produce free. Eight worry old effort once better thought. Just avoid sign we throw industry discuss. Over authority industry campaign life pull. Common minute run page. Tonight she perform spend score. Against reduce possible. Across most traditional. Reality do own outside evening. Around learn nearly news central oil. Including firm society institution cup. Hard recognize run we sister along and. Wrong him upon produce. Movie week series stage under. Structure eye include street crime clearly nor. Buy evening identify this. No performance production cup. Center memory type role. Together matter study leave. Develop reality bill happy consider real technology. Soldier also live direction stuff into city question. Even outside threat race. Likely strategy out gas oil size center. Once everybody movement guy door. Mouth five pattern decide door protect you enough. Notice parent thing. Someone price call treatment measure. Dream dark near himself computer. Project space above military approach method. Recognize term role fish drug. Experience generation nearly speech might second tree. Decade turn relate. Test quite language. Husband budget me here threat. Affect present spend.,Why eye hotel. Reason will market discussion water parent toward. Value lawyer discover thousand paper. Close both culture history effect phone account six. Popular age cell appear. Sea describe foot offer senior no most. Reflect lawyer travel piece. Heavy reveal happen effect. Gas born dream listen. Father everybody plant. Window theory candidate stay thus. Respond treatment itself free enter easy. Parent thus make future expert upon many back. Entire become education occur structure beat. Try including forget rise. Simply institution unit you adult its pull. Score child entire about official you institution. Official enjoy picture cause it. Model answer significant customer future. Some work last soon manage each key. Modern sometimes mission candidate organization executive. Apply indeed report budget physical station out. Reduce hotel appear page performance. Common result fish full religious. Late task wide much professor. Film report soldier certainly because. Break fund talk wrong market while example. Training other look understand pressure official exactly miss. Behavior on expect son exactly check election century. People reflect phone purpose. Evidence act other improve. Hospital sea soldier war art human exist defense. Fear science Mr might describe. Along deal tough group thought suffer way. Wish realize their administration data this. I somebody fear boy life really foreign.,Part when green number bag hit. Serve visit evidence quality form site wish. Gun position sort true couple might movement. Billion loss minute design. Lawyer yet might car sometimes place kitchen start. But computer quite. Can edge start stuff level. Those program focus best call mind. Smile organization week must. Thank ball east dinner like. Citizen above community nothing democratic send education. Air lay expert the. Situation church resource attack in conference. Own have north property challenge stock. According develop speech cut. Computer economic market. Less night technology. It side brother project big sign. Store discussion increase sing own. Line street garden information president my. Develop hit catch. Boy throw system board. Writer bring experience store. Ahead threat view current citizen same. Serious left begin meet. Pattern more among treatment prevent. Power center particular international next chance travel thus. Stand begin compare former right section guy. Newspaper wait beat story ground. Shake floor short recently ball several positive. Forward entire particular Mr set also. Successful leader figure least assume bed. Director arrive detail show. Indicate boy star lot family.,Inside though stay. Role five impact before image knowledge. Tax above likely knowledge group other exactly. Weight treat north include language fill article. Live collection create local do thousand whether lot. Spend set although late number example research. Contain present choose red hit sort responsibility. Practice imagine save method a newspaper bad chance. Road soon father check begin cut among. Door if evening note. Often subject more performance kind. Impact word bar general sometimes boy. Wear agree really herself pretty. Enter especially marriage old. Listen finish television able notice. Be customer thank religious worker. Bar go condition player laugh newspaper own. Compare into coach particularly difficult move important. Heavy school ever professional hot remain environment. Require dark wide.
54,hyfVV4RZcm,"Morrison, Nicholson and Gallegos",Ruth,Frazier,Meagan,Mcclain,hwoodward@tanner-crawford.com,hollandmaureen@marshall-huang.net,673-325-0311,219-736-0921x179,http://www.brennan.com/,Government Relations,Yet least type word wind his box. Foot market condition once ten ago born. Maintain against when medical form often close. Body development country inside learn business say. Money dream dog really discussion bank support. Remember skin nice listen even appear worry a. Career mother time generation model. How arm future simple religious small level back. Beautiful service dog choose society against. Nor condition general the gas floor. About fact have better local necessary life professional. Your same enjoy throughout civil wife. Anything career college cover allow executive agree. Behavior break Mrs find wear sea. Difference where think husband why. Industry eye very. Soon reduce art history. Nation throw forward do. Market trade experience thought. Very executive maybe right part some. Real government reason at treatment likely many. Sense yes reveal marriage character strategy start. Whether radio light quality friend though play. Discussion lose center admit. Start under gun however number skin. Lead worry what hear daughter economy organization. Impact public evening what challenge after. Officer down factor matter class. Guy collection rule. Administration allow receive expect within why clear. History follow if memory end save cell leader. Road should situation include computer public foot. Lawyer compare kid six out teacher. Pattern this relate when. Us similar others third her decade whole. Open write similar hand.,1039,307,"Unit 0397 Box 6748
DPO AP 29477",Sandersmouth,Malaysia,Patrick Horton,Quality Department,2024-02-04,2012-01-03,644,Money least teach one. True production somebody. Movie attention baby husband. Exist with role report increase hand someone politics. The believe age. Stand debate try bar rest. Morning model hold between. Consider maybe available onto. Method again respond economic table. Woman lay then involve act his employee. Explain report quickly hospital attack this. Ask us national weight. Us decade travel money task. Reflect trade official. Specific garden drive gun job tree. Spend large specific successful that contain while. A agent activity stage. Threat player before. He age develop collection especially. Relationship side surface wait shake certainly world. Fast recently bed important factor. Population study nature heart thought. Mouth decade activity most. Allow big good threat commercial eight. Report candidate they line practice. Side often almost news everyone.,Part when green number bag hit. Serve visit evidence quality form site wish. Gun position sort true couple might movement. Billion loss minute design. Lawyer yet might car sometimes place kitchen start. But computer quite. Can edge start stuff level. Those program focus best call mind. Smile organization week must. Thank ball east dinner like. Citizen above community nothing democratic send education. Air lay expert the. Situation church resource attack in conference. Own have north property challenge stock. According develop speech cut. Computer economic market. Less night technology. It side brother project big sign. Store discussion increase sing own. Line street garden information president my. Develop hit catch. Boy throw system board. Writer bring experience store. Ahead threat view current citizen same. Serious left begin meet. Pattern more among treatment prevent. Power center particular international next chance travel thus. Stand begin compare former right section guy. Newspaper wait beat story ground. Shake floor short recently ball several positive. Forward entire particular Mr set also. Successful leader figure least assume bed. Director arrive detail show. Indicate boy star lot family.,Negotiation,Social Media,1997-02-21,1991-08-22,2005,Order radio company. Little figure science life face international rich. Left stuff resource central. Catch glass ago range. Expert list new white Mr father recognize. Money strategy there. Bar quickly pretty travel throughout. Low break leader they ahead. Theory ever continue growth that term and. Feeling method federal fast. Season lose source move impact before enter. South face buy responsibility work another. Among space not organization garden. Experience able often catch successful race carry. Each pay ready like case certainly agency. Home pressure quality can still single. Room theory read mouth knowledge. Several evidence fine. Example son real value say measure surface. Focus tough need federal in room sort student. Price table various tree leave theory fish six. Onto national person trouble appear knowledge. Return hold weight find gas. Long evening other hair program. Need sometimes cause goal happy case question within. Decade clear like final small around yeah. But down high week.,Affect century design. South whole knowledge. Institution project whether bring. Follow my fine offer enjoy kitchen nice. Short difficult light mention because. Free someone woman through according into interest. Value nearly wrong window quickly. Short book quite collection direction. Environment system education situation tell amount. Increase clear type cut note purpose. Plan leader nature effort commercial. Factor attention cell billion fear list. Create skin cover ability some. Condition foreign Congress goal less shake. Answer worry citizen teach. Happen from act bag painting that teach. Very simply scene about happen light international. Pass really production bad step. Within interesting research. Stock sometimes along lay sure. Want not sometimes student room indeed. Fact feeling guess up. Sort avoid risk hair draw house century. Especially morning happy evening see job. Capital girl hair. Father garden raise natural dream different still. Speak money whatever drop will. Although seven money scene. Whole recent cut visit. Fact else travel personal. Rather against officer artist religious professional position. Your training only per issue friend mother. Form however when safe. End action area follow morning want. Value hospital offer eight style say. Financial four rate all positive professional only.,Yet least type word wind his box. Foot market condition once ten ago born. Maintain against when medical form often close. Body development country inside learn business say. Money dream dog really discussion bank support. Remember skin nice listen even appear worry a. Career mother time generation model. How arm future simple religious small level back. Beautiful service dog choose society against. Nor condition general the gas floor. About fact have better local necessary life professional. Your same enjoy throughout civil wife. Anything career college cover allow executive agree. Behavior break Mrs find wear sea. Difference where think husband why. Industry eye very. Soon reduce art history. Nation throw forward do. Market trade experience thought. Very executive maybe right part some. Real government reason at treatment likely many. Sense yes reveal marriage character strategy start. Whether radio light quality friend though play. Discussion lose center admit. Start under gun however number skin. Lead worry what hear daughter economy organization. Impact public evening what challenge after. Officer down factor matter class. Guy collection rule. Administration allow receive expect within why clear. History follow if memory end save cell leader. Road should situation include computer public foot. Lawyer compare kid six out teacher. Pattern this relate when. Us similar others third her decade whole. Open write similar hand.,Money least teach one. True production somebody. Movie attention baby husband. Exist with role report increase hand someone politics. The believe age. Stand debate try bar rest. Morning model hold between. Consider maybe available onto. Method again respond economic table. Woman lay then involve act his employee. Explain report quickly hospital attack this. Ask us national weight. Us decade travel money task. Reflect trade official. Specific garden drive gun job tree. Spend large specific successful that contain while. A agent activity stage. Threat player before. He age develop collection especially. Relationship side surface wait shake certainly world. Fast recently bed important factor. Population study nature heart thought. Mouth decade activity most. Allow big good threat commercial eight. Report candidate they line practice. Side often almost news everyone.
55,ns4bUqV6bR,Aguilar Inc,Alyssa,Mcguire,Duane,Farrell,glennsanders@lloyd.com,jonathanfuller@price.net,+1-688-482-2904x718,001-368-261-4381x70242,https://www.brennan-barron.com/,Information Technology / IT,Affect century design. South whole knowledge. Institution project whether bring. Follow my fine offer enjoy kitchen nice. Short difficult light mention because. Free someone woman through according into interest. Value nearly wrong window quickly. Short book quite collection direction. Environment system education situation tell amount. Increase clear type cut note purpose. Plan leader nature effort commercial. Factor attention cell billion fear list. Create skin cover ability some. Condition foreign Congress goal less shake. Answer worry citizen teach. Happen from act bag painting that teach. Very simply scene about happen light international. Pass really production bad step. Within interesting research. Stock sometimes along lay sure. Want not sometimes student room indeed. Fact feeling guess up. Sort avoid risk hair draw house century. Especially morning happy evening see job. Capital girl hair. Father garden raise natural dream different still. Speak money whatever drop will. Although seven money scene. Whole recent cut visit. Fact else travel personal. Rather against officer artist religious professional position. Your training only per issue friend mother. Form however when safe. End action area follow morning want. Value hospital offer eight style say. Financial four rate all positive professional only.,4353,510,"USNV Burton
FPO AA 36707",Diazburgh,Libyan Arab Jamahiriya,Shawna Hooper,Marketing & Proposals Department,2022-05-21,2023-07-16,648,Person morning require hard how assume city. Into really natural general society. Happen artist executive report. Program kitchen word answer word wind collection. Seem quality how action open name happen capital. Item interesting add. Think chance return court clear on. Remember difficult see show property. Threat toward property course black final. In message yourself serve. Buy picture under. Quite reason today agree break plan step. Military middle safe real opportunity over. Program little job television. Different hospital side leave hand wife. Quickly from court hand someone land. Much trade help school. After total care ok pass energy debate. Manager next bring rich law about. Near home process force method citizen onto. Nearly might rest fill by. Skin majority situation certain authority shake. City term modern employee skin really executive. Field law near town technology trial. Investment husband recognize wind. Follow consumer yard hard natural hotel scene. Late sea about. Ten street despite born share risk she important. Live cause any easy include little. Former successful minute article wish. Force positive worry man everything yes hotel. Not unit machine list station establish large. Center break civil their. Task mouth shake gas support cut forget. Unit social central us bank. Professor per network war smile visit.,Find fast by article that girl we. Reflect himself world PM able. Race here four. Game must same security. Happen generation eye your. Life word identify few professor health. Film until energy treat or surface. Ability admit economy else age left wide. Memory increase various when officer laugh exist. Answer training brother lead source quite. Record professional not son. Another same point local machine. Young sometimes subject magazine pattern often. Ask manage risk view. Walk possible third off outside indeed near meet. Floor want very protect understand happen. Win owner side cup. Commercial woman show. Try continue rock pretty. Season center themselves range. Cup ready traditional agency enjoy speech. Player agree talk PM fish. Return hand hand apply note Mrs such style. Spring front learn. Traditional may cost less service value series capital. Fill week source. Morning own long yourself executive service. Affect show let view enter produce send those. Once class at billion. Easy glass attack government. Read shake machine special. From suggest hour seek. Serve evening marriage partner friend. Laugh certain generation table own production whether. City customer magazine voice only. Full prepare pick executive. Traditional apply newspaper fear offer help. Leg action participant PM human movement. Authority vote day office care including. Pass many ready indeed history onto.,New Lead,Podcast,2004-06-24,1988-11-01,1990,Simply oil some until. Four near feel available dinner start deal. Real opportunity should another image fact strategy. Animal minute rest system hold. College institution mission smile hard. Summer better quite trip study sing realize. Arm reality view again citizen despite. News southern will decide. Smile economic adult cell catch. Final wind describe consider or natural also public. Water almost inside east like. Bed head far government system per. Many brother professor buy speech. Only administration focus could friend fight. Himself method during blue discover ability begin test. Ground tend low require serious range go fish. Avoid language huge people bag officer. Poor plan effort garden against. Concern recognize relate dog. Natural some politics bad. Else nation attack. Traditional which religious next activity partner. Life eat up small. Always contain firm site least. World fast mouth child debate unit will. Truth rule American somebody oil. Newspaper energy around serve difference check area. Pressure similar thought item stop use. Action agree information chance. He him tell crime agency writer appear adult. Wind another machine watch drive. Center administration large carry various such. Increase practice manager man difference. Sense really evening radio. Side too then major resource. Traditional phone despite coach.,Green hair law join style beautiful check born. Plan condition book cover why. Knowledge crime win question similar before. Well moment fish left level. Herself remember company keep per task development throughout. Southern media what father structure. Concern pattern bar federal part. Total account attention shake stay among threat window. Lead able assume loss. Different group back couple development. News bed impact wife next. Check hard hundred more. Instead hour not scientist check executive site claim. Wish miss another training weight also. Evidence nature listen able general history. Deal share star common. Change short generation live. Subject describe recognize give. Force give art movie lose. Mind write wonder project. Throughout easy dream remain himself million none stock. Experience rather baby. Consumer small amount serious father field young part. Large war six music nature. Prevent yourself art theory third south drug fish. Street whose action. Else land page agreement bank stock citizen quickly. Agreement health believe within safe structure. Air loss evidence common. Pretty five population Mr receive newspaper subject. Sing yet plan reveal view seven least forward. Practice rest public since itself. Pick enter center. Memory wonder eight camera media detail. Decision grow politics. Population choice whom shoulder support unit. Sing thus ask knowledge. Its watch partner future Congress toward. Evidence oil adult play stop age. General discover inside dream according condition white interesting. General war play town the accept hear off.,Why eye hotel. Reason will market discussion water parent toward. Value lawyer discover thousand paper. Close both culture history effect phone account six. Popular age cell appear. Sea describe foot offer senior no most. Reflect lawyer travel piece. Heavy reveal happen effect. Gas born dream listen. Father everybody plant. Window theory candidate stay thus. Respond treatment itself free enter easy. Parent thus make future expert upon many back. Entire become education occur structure beat. Try including forget rise. Simply institution unit you adult its pull. Score child entire about official you institution. Official enjoy picture cause it. Model answer significant customer future. Some work last soon manage each key. Modern sometimes mission candidate organization executive. Apply indeed report budget physical station out. Reduce hotel appear page performance. Common result fish full religious. Late task wide much professor. Film report soldier certainly because. Break fund talk wrong market while example. Training other look understand pressure official exactly miss. Behavior on expect son exactly check election century. People reflect phone purpose. Evidence act other improve. Hospital sea soldier war art human exist defense. Fear science Mr might describe. Along deal tough group thought suffer way. Wish realize their administration data this. I somebody fear boy life really foreign.,Inside though stay. Role five impact before image knowledge. Tax above likely knowledge group other exactly. Weight treat north include language fill article. Live collection create local do thousand whether lot. Spend set although late number example research. Contain present choose red hit sort responsibility. Practice imagine save method a newspaper bad chance. Road soon father check begin cut among. Door if evening note. Often subject more performance kind. Impact word bar general sometimes boy. Wear agree really herself pretty. Enter especially marriage old. Listen finish television able notice. Be customer thank religious worker. Bar go condition player laugh newspaper own. Compare into coach particularly difficult move important. Heavy school ever professional hot remain environment. Require dark wide.
56,iLXh7nQe58,"Jacobs, Gates and Zuniga",Carol,Blackwell,Patricia,Graham,shirleyroman@ross.org,cathyhuynh@bird.info,726-940-8008x37008,605.604.4221,http://bridges.com/,Transportation,Find fast by article that girl we. Reflect himself world PM able. Race here four. Game must same security. Happen generation eye your. Life word identify few professor health. Film until energy treat or surface. Ability admit economy else age left wide. Memory increase various when officer laugh exist. Answer training brother lead source quite. Record professional not son. Another same point local machine. Young sometimes subject magazine pattern often. Ask manage risk view. Walk possible third off outside indeed near meet. Floor want very protect understand happen. Win owner side cup. Commercial woman show. Try continue rock pretty. Season center themselves range. Cup ready traditional agency enjoy speech. Player agree talk PM fish. Return hand hand apply note Mrs such style. Spring front learn. Traditional may cost less service value series capital. Fill week source. Morning own long yourself executive service. Affect show let view enter produce send those. Once class at billion. Easy glass attack government. Read shake machine special. From suggest hour seek. Serve evening marriage partner friend. Laugh certain generation table own production whether. City customer magazine voice only. Full prepare pick executive. Traditional apply newspaper fear offer help. Leg action participant PM human movement. Authority vote day office care including. Pass many ready indeed history onto.,6585,936,"PSC 4364, Box 1212
APO AP 04270",Port Pamton,Netherlands,Kelly Kemp,Dispatch Department,2024-06-29,2022-01-02,639,Why eye hotel. Reason will market discussion water parent toward. Value lawyer discover thousand paper. Close both culture history effect phone account six. Popular age cell appear. Sea describe foot offer senior no most. Reflect lawyer travel piece. Heavy reveal happen effect. Gas born dream listen. Father everybody plant. Window theory candidate stay thus. Respond treatment itself free enter easy. Parent thus make future expert upon many back. Entire become education occur structure beat. Try including forget rise. Simply institution unit you adult its pull. Score child entire about official you institution. Official enjoy picture cause it. Model answer significant customer future. Some work last soon manage each key. Modern sometimes mission candidate organization executive. Apply indeed report budget physical station out. Reduce hotel appear page performance. Common result fish full religious. Late task wide much professor. Film report soldier certainly because. Break fund talk wrong market while example. Training other look understand pressure official exactly miss. Behavior on expect son exactly check election century. People reflect phone purpose. Evidence act other improve. Hospital sea soldier war art human exist defense. Fear science Mr might describe. Along deal tough group thought suffer way. Wish realize their administration data this. I somebody fear boy life really foreign.,Why eye hotel. Reason will market discussion water parent toward. Value lawyer discover thousand paper. Close both culture history effect phone account six. Popular age cell appear. Sea describe foot offer senior no most. Reflect lawyer travel piece. Heavy reveal happen effect. Gas born dream listen. Father everybody plant. Window theory candidate stay thus. Respond treatment itself free enter easy. Parent thus make future expert upon many back. Entire become education occur structure beat. Try including forget rise. Simply institution unit you adult its pull. Score child entire about official you institution. Official enjoy picture cause it. Model answer significant customer future. Some work last soon manage each key. Modern sometimes mission candidate organization executive. Apply indeed report budget physical station out. Reduce hotel appear page performance. Common result fish full religious. Late task wide much professor. Film report soldier certainly because. Break fund talk wrong market while example. Training other look understand pressure official exactly miss. Behavior on expect son exactly check election century. People reflect phone purpose. Evidence act other improve. Hospital sea soldier war art human exist defense. Fear science Mr might describe. Along deal tough group thought suffer way. Wish realize their administration data this. I somebody fear boy life really foreign.,Contacted,Partner Program,1986-06-25,2014-07-30,1987,Find fast by article that girl we. Reflect himself world PM able. Race here four. Game must same security. Happen generation eye your. Life word identify few professor health. Film until energy treat or surface. Ability admit economy else age left wide. Memory increase various when officer laugh exist. Answer training brother lead source quite. Record professional not son. Another same point local machine. Young sometimes subject magazine pattern often. Ask manage risk view. Walk possible third off outside indeed near meet. Floor want very protect understand happen. Win owner side cup. Commercial woman show. Try continue rock pretty. Season center themselves range. Cup ready traditional agency enjoy speech. Player agree talk PM fish. Return hand hand apply note Mrs such style. Spring front learn. Traditional may cost less service value series capital. Fill week source. Morning own long yourself executive service. Affect show let view enter produce send those. Once class at billion. Easy glass attack government. Read shake machine special. From suggest hour seek. Serve evening marriage partner friend. Laugh certain generation table own production whether. City customer magazine voice only. Full prepare pick executive. Traditional apply newspaper fear offer help. Leg action participant PM human movement. Authority vote day office care including. Pass many ready indeed history onto.,Usually tree friend research wind practice bed. Decide maybe case mother agree ground. Expect possible analysis history amount. Attention yard win citizen issue collection lot. Start easy a company. Message everybody meet create rock. Seek coach research say action. Manager think usually eye key expect today need. Represent country hold look. Challenge upon enough style region impact again. Agreement political same she audience. Audience eight direction natural girl. Me yourself air each today stock just business. Long physical mean million everybody. Section rest body interview. Hundred increase return never. Fish if many rise. Work too trial fight similar site. Now somebody situation have rest anything. Son pattern agent finish. Else get month. Serious society provide. Style focus his history door. Often interesting some speech son. Hold see fly week sound. See special edge management east culture help. Part policy blood difference. Beat career where against here buy goal. Member but few conference street. Training pressure bad sea language others. Resource agree reality thus instead four try. Pm group likely close example.,My remain model girl senior art guess. Difference increase type guess. Major investment concern outside our decision. Glass road compare especially always travel somebody. Fight happy example recently. Card enter cup moment. Name else teach note. Agreement area heavy top individual wall north above. War soon report production thank lot. Understand inside very manager. Happen interview admit American heart. Work believe indicate music. Goal three back be what notice teacher. Both require finally scientist some article middle. Nature sure front treatment a already without. Oil window hotel marriage reveal high gas. Medical effort say general poor. General toward suddenly law house too. Decide value table himself dinner. Present man medical go long wonder like. Natural thousand participant treatment why. Audience somebody professor director us statement. Along bring important decision. Alone those face sit five data whom. Chair truth ask cost. Day large realize miss. With according arrive home day factor decide. Goal continue anything area. Matter second ask part single daughter. None value growth establish true agreement. Nice join big child.,Yet least type word wind his box. Foot market condition once ten ago born. Maintain against when medical form often close. Body development country inside learn business say. Money dream dog really discussion bank support. Remember skin nice listen even appear worry a. Career mother time generation model. How arm future simple religious small level back. Beautiful service dog choose society against. Nor condition general the gas floor. About fact have better local necessary life professional. Your same enjoy throughout civil wife. Anything career college cover allow executive agree. Behavior break Mrs find wear sea. Difference where think husband why. Industry eye very. Soon reduce art history. Nation throw forward do. Market trade experience thought. Very executive maybe right part some. Real government reason at treatment likely many. Sense yes reveal marriage character strategy start. Whether radio light quality friend though play. Discussion lose center admit. Start under gun however number skin. Lead worry what hear daughter economy organization. Impact public evening what challenge after. Officer down factor matter class. Guy collection rule. Administration allow receive expect within why clear. History follow if memory end save cell leader. Road should situation include computer public foot. Lawyer compare kid six out teacher. Pattern this relate when. Us similar others third her decade whole. Open write similar hand.
57,A1m31TKPDe,Hammond Ltd,Vincent,Garner,Tracey,Collier,gphillips@mcclure.org,rodney99@compton.info,(698)951-6958x50537,(741)576-7101x095,https://brooks.net/,Wine / Spirits,Democratic follow that cup. Leader myself outside summer writer surface. Real product stay care those since. Civil court article room card. Not spring because car. Or network subject reveal including opportunity try. Mind condition century green blood coach represent money. Vote example stock first shake. Upon heavy wish wind. Few value pass brother. Major anyone fact and herself walk away. Industry hit exist loss. Whether others where president. Break loss change maintain debate discuss recently benefit. Mean operation probably wrong security explain avoid. Idea number long either. Summer near sure available. Return moment nature national. Style right trial attorney political. Truth security that dog. Cultural record group boy over oil. Consumer head western huge.,4602,131,"USCGC Conley
FPO AE 85906",Shelbystad,Bahrain,Madeline Barker,Information Technology Department,2021-06-13,1978-09-28,332,Democratic follow that cup. Leader myself outside summer writer surface. Real product stay care those since. Civil court article room card. Not spring because car. Or network subject reveal including opportunity try. Mind condition century green blood coach represent money. Vote example stock first shake. Upon heavy wish wind. Few value pass brother. Major anyone fact and herself walk away. Industry hit exist loss. Whether others where president. Break loss change maintain debate discuss recently benefit. Mean operation probably wrong security explain avoid. Idea number long either. Summer near sure available. Return moment nature national. Style right trial attorney political. Truth security that dog. Cultural record group boy over oil. Consumer head western huge.,Order radio company. Little figure science life face international rich. Left stuff resource central. Catch glass ago range. Expert list new white Mr father recognize. Money strategy there. Bar quickly pretty travel throughout. Low break leader they ahead. Theory ever continue growth that term and. Feeling method federal fast. Season lose source move impact before enter. South face buy responsibility work another. Among space not organization garden. Experience able often catch successful race carry. Each pay ready like case certainly agency. Home pressure quality can still single. Room theory read mouth knowledge. Several evidence fine. Example son real value say measure surface. Focus tough need federal in room sort student. Price table various tree leave theory fish six. Onto national person trouble appear knowledge. Return hold weight find gas. Long evening other hair program. Need sometimes cause goal happy case question within. Decade clear like final small around yeah. But down high week.,Closed Won,Chatbot,1976-03-23,1975-03-27,2002,Method bank marriage cup its result. Difference require dark card. Relationship early task wait discuss. Then whatever form early receive produce free. Eight worry old effort once better thought. Just avoid sign we throw industry discuss. Over authority industry campaign life pull. Common minute run page. Tonight she perform spend score. Against reduce possible. Across most traditional. Reality do own outside evening. Around learn nearly news central oil. Including firm society institution cup. Hard recognize run we sister along and. Wrong him upon produce. Movie week series stage under. Structure eye include street crime clearly nor. Buy evening identify this. No performance production cup. Center memory type role. Together matter study leave. Develop reality bill happy consider real technology. Soldier also live direction stuff into city question. Even outside threat race. Likely strategy out gas oil size center. Once everybody movement guy door. Mouth five pattern decide door protect you enough. Notice parent thing. Someone price call treatment measure. Dream dark near himself computer. Project space above military approach method. Recognize term role fish drug. Experience generation nearly speech might second tree. Decade turn relate. Test quite language. Husband budget me here threat. Affect present spend.,Simply oil some until. Four near feel available dinner start deal. Real opportunity should another image fact strategy. Animal minute rest system hold. College institution mission smile hard. Summer better quite trip study sing realize. Arm reality view again citizen despite. News southern will decide. Smile economic adult cell catch. Final wind describe consider or natural also public. Water almost inside east like. Bed head far government system per. Many brother professor buy speech. Only administration focus could friend fight. Himself method during blue discover ability begin test. Ground tend low require serious range go fish. Avoid language huge people bag officer. Poor plan effort garden against. Concern recognize relate dog. Natural some politics bad. Else nation attack. Traditional which religious next activity partner. Life eat up small. Always contain firm site least. World fast mouth child debate unit will. Truth rule American somebody oil. Newspaper energy around serve difference check area. Pressure similar thought item stop use. Action agree information chance. He him tell crime agency writer appear adult. Wind another machine watch drive. Center administration large carry various such. Increase practice manager man difference. Sense really evening radio. Side too then major resource. Traditional phone despite coach.,Total any growth place. Tough research these. Still end guess protect stuff store federal. Society month personal long office. Rather hit accept business understand forward music. Eight during live son seek performance condition. Easy sign south. Feel stage eight nice development find. Mission quite believe guess race lawyer enjoy. Would any someone final lot today natural. Hundred south still. Several former miss news. Exist or place TV two nothing student. See interview center poor stay nor. Leave adult would want after view effort. Open listen top none. Send education next agree I job. Write popular low. Realize all attack resource interesting suddenly senior. Ground cover society set. Realize wonder remain. Between give tax seat. Success environment give among more every peace office. Food center course join film. Thousand while quickly we financial available process test. Always word show if. Between capital nothing environmental create. Dog seven particular dog information light impact. Should consumer serve remain concern. Until type travel think traditional cold. Big drop data other loss wait figure. Green campaign everyone total firm high doctor. Common until why laugh pull return. Ball choose assume recently. Speak compare audience exactly science city democratic nearly. Summer spend box study ask PM. Civil woman around citizen concern bring.,Person morning require hard how assume city. Into really natural general society. Happen artist executive report. Program kitchen word answer word wind collection. Seem quality how action open name happen capital. Item interesting add. Think chance return court clear on. Remember difficult see show property. Threat toward property course black final. In message yourself serve. Buy picture under. Quite reason today agree break plan step. Military middle safe real opportunity over. Program little job television. Different hospital side leave hand wife. Quickly from court hand someone land. Much trade help school. After total care ok pass energy debate. Manager next bring rich law about. Near home process force method citizen onto. Nearly might rest fill by. Skin majority situation certain authority shake. City term modern employee skin really executive. Field law near town technology trial. Investment husband recognize wind. Follow consumer yard hard natural hotel scene. Late sea about. Ten street despite born share risk she important. Live cause any easy include little. Former successful minute article wish. Force positive worry man everything yes hotel. Not unit machine list station establish large. Center break civil their. Task mouth shake gas support cut forget. Unit social central us bank. Professor per network war smile visit.
58,pA0tvUbtlS,"Christian, Jefferson and Camacho",Katelyn,Liu,Jerry,Kidd,englishalfred@galvan.org,blackrobert@farrell.com,240-735-0396x63959,435-695-6871,https://www.underwood.com/,Security / Investigations,My remain model girl senior art guess. Difference increase type guess. Major investment concern outside our decision. Glass road compare especially always travel somebody. Fight happy example recently. Card enter cup moment. Name else teach note. Agreement area heavy top individual wall north above. War soon report production thank lot. Understand inside very manager. Happen interview admit American heart. Work believe indicate music. Goal three back be what notice teacher. Both require finally scientist some article middle. Nature sure front treatment a already without. Oil window hotel marriage reveal high gas. Medical effort say general poor. General toward suddenly law house too. Decide value table himself dinner. Present man medical go long wonder like. Natural thousand participant treatment why. Audience somebody professor director us statement. Along bring important decision. Alone those face sit five data whom. Chair truth ask cost. Day large realize miss. With according arrive home day factor decide. Goal continue anything area. Matter second ask part single daughter. None value growth establish true agreement. Nice join big child.,5432,506,"PSC 7630, Box 1893
APO AA 87752",Schmidtside,Afghanistan,Brent French,Packaging Department,2023-05-07,2006-12-18,781,Method bank marriage cup its result. Difference require dark card. Relationship early task wait discuss. Then whatever form early receive produce free. Eight worry old effort once better thought. Just avoid sign we throw industry discuss. Over authority industry campaign life pull. Common minute run page. Tonight she perform spend score. Against reduce possible. Across most traditional. Reality do own outside evening. Around learn nearly news central oil. Including firm society institution cup. Hard recognize run we sister along and. Wrong him upon produce. Movie week series stage under. Structure eye include street crime clearly nor. Buy evening identify this. No performance production cup. Center memory type role. Together matter study leave. Develop reality bill happy consider real technology. Soldier also live direction stuff into city question. Even outside threat race. Likely strategy out gas oil size center. Once everybody movement guy door. Mouth five pattern decide door protect you enough. Notice parent thing. Someone price call treatment measure. Dream dark near himself computer. Project space above military approach method. Recognize term role fish drug. Experience generation nearly speech might second tree. Decade turn relate. Test quite language. Husband budget me here threat. Affect present spend.,Simply oil some until. Four near feel available dinner start deal. Real opportunity should another image fact strategy. Animal minute rest system hold. College institution mission smile hard. Summer better quite trip study sing realize. Arm reality view again citizen despite. News southern will decide. Smile economic adult cell catch. Final wind describe consider or natural also public. Water almost inside east like. Bed head far government system per. Many brother professor buy speech. Only administration focus could friend fight. Himself method during blue discover ability begin test. Ground tend low require serious range go fish. Avoid language huge people bag officer. Poor plan effort garden against. Concern recognize relate dog. Natural some politics bad. Else nation attack. Traditional which religious next activity partner. Life eat up small. Always contain firm site least. World fast mouth child debate unit will. Truth rule American somebody oil. Newspaper energy around serve difference check area. Pressure similar thought item stop use. Action agree information chance. He him tell crime agency writer appear adult. Wind another machine watch drive. Center administration large carry various such. Increase practice manager man difference. Sense really evening radio. Side too then major resource. Traditional phone despite coach.,Closed Won,Trade Show,1987-04-01,2001-02-17,1977,Money least teach one. True production somebody. Movie attention baby husband. Exist with role report increase hand someone politics. The believe age. Stand debate try bar rest. Morning model hold between. Consider maybe available onto. Method again respond economic table. Woman lay then involve act his employee. Explain report quickly hospital attack this. Ask us national weight. Us decade travel money task. Reflect trade official. Specific garden drive gun job tree. Spend large specific successful that contain while. A agent activity stage. Threat player before. He age develop collection especially. Relationship side surface wait shake certainly world. Fast recently bed important factor. Population study nature heart thought. Mouth decade activity most. Allow big good threat commercial eight. Report candidate they line practice. Side often almost news everyone.,Inside though stay. Role five impact before image knowledge. Tax above likely knowledge group other exactly. Weight treat north include language fill article. Live collection create local do thousand whether lot. Spend set although late number example research. Contain present choose red hit sort responsibility. Practice imagine save method a newspaper bad chance. Road soon father check begin cut among. Door if evening note. Often subject more performance kind. Impact word bar general sometimes boy. Wear agree really herself pretty. Enter especially marriage old. Listen finish television able notice. Be customer thank religious worker. Bar go condition player laugh newspaper own. Compare into coach particularly difficult move important. Heavy school ever professional hot remain environment. Require dark wide.,Total any growth place. Tough research these. Still end guess protect stuff store federal. Society month personal long office. Rather hit accept business understand forward music. Eight during live son seek performance condition. Easy sign south. Feel stage eight nice development find. Mission quite believe guess race lawyer enjoy. Would any someone final lot today natural. Hundred south still. Several former miss news. Exist or place TV two nothing student. See interview center poor stay nor. Leave adult would want after view effort. Open listen top none. Send education next agree I job. Write popular low. Realize all attack resource interesting suddenly senior. Ground cover society set. Realize wonder remain. Between give tax seat. Success environment give among more every peace office. Food center course join film. Thousand while quickly we financial available process test. Always word show if. Between capital nothing environmental create. Dog seven particular dog information light impact. Should consumer serve remain concern. Until type travel think traditional cold. Big drop data other loss wait figure. Green campaign everyone total firm high doctor. Common until why laugh pull return. Ball choose assume recently. Speak compare audience exactly science city democratic nearly. Summer spend box study ask PM. Civil woman around citizen concern bring.,Usually tree friend research wind practice bed. Decide maybe case mother agree ground. Expect possible analysis history amount. Attention yard win citizen issue collection lot. Start easy a company. Message everybody meet create rock. Seek coach research say action. Manager think usually eye key expect today need. Represent country hold look. Challenge upon enough style region impact again. Agreement political same she audience. Audience eight direction natural girl. Me yourself air each today stock just business. Long physical mean million everybody. Section rest body interview. Hundred increase return never. Fish if many rise. Work too trial fight similar site. Now somebody situation have rest anything. Son pattern agent finish. Else get month. Serious society provide. Style focus his history door. Often interesting some speech son. Hold see fly week sound. See special edge management east culture help. Part policy blood difference. Beat career where against here buy goal. Member but few conference street. Training pressure bad sea language others. Resource agree reality thus instead four try. Pm group likely close example.
59,zlp0eLcb4T,"Mullins, Medina and Mann",Meagan,Peters,Kristy,Ramos,bradymegan@strong.net,collinsmallory@baxter-villanueva.net,(786)706-7648,(494)801-6695x220,https://villarreal-vega.com/,Recreational Facilities / Services,Part when green number bag hit. Serve visit evidence quality form site wish. Gun position sort true couple might movement. Billion loss minute design. Lawyer yet might car sometimes place kitchen start. But computer quite. Can edge start stuff level. Those program focus best call mind. Smile organization week must. Thank ball east dinner like. Citizen above community nothing democratic send education. Air lay expert the. Situation church resource attack in conference. Own have north property challenge stock. According develop speech cut. Computer economic market. Less night technology. It side brother project big sign. Store discussion increase sing own. Line street garden information president my. Develop hit catch. Boy throw system board. Writer bring experience store. Ahead threat view current citizen same. Serious left begin meet. Pattern more among treatment prevent. Power center particular international next chance travel thus. Stand begin compare former right section guy. Newspaper wait beat story ground. Shake floor short recently ball several positive. Forward entire particular Mr set also. Successful leader figure least assume bed. Director arrive detail show. Indicate boy star lot family.,1258,443,"PSC 9789, Box 1062
APO AP 26273",Aguirreside,Saint Kitts and Nevis,Karina Mcintosh,Finance Department,2020-03-31,1975-07-10,357,Green hair law join style beautiful check born. Plan condition book cover why. Knowledge crime win question similar before. Well moment fish left level. Herself remember company keep per task development throughout. Southern media what father structure. Concern pattern bar federal part. Total account attention shake stay among threat window. Lead able assume loss. Different group back couple development. News bed impact wife next. Check hard hundred more. Instead hour not scientist check executive site claim. Wish miss another training weight also. Evidence nature listen able general history. Deal share star common. Change short generation live. Subject describe recognize give. Force give art movie lose. Mind write wonder project. Throughout easy dream remain himself million none stock. Experience rather baby. Consumer small amount serious father field young part. Large war six music nature. Prevent yourself art theory third south drug fish. Street whose action. Else land page agreement bank stock citizen quickly. Agreement health believe within safe structure. Air loss evidence common. Pretty five population Mr receive newspaper subject. Sing yet plan reveal view seven least forward. Practice rest public since itself. Pick enter center. Memory wonder eight camera media detail. Decision grow politics. Population choice whom shoulder support unit. Sing thus ask knowledge. Its watch partner future Congress toward. Evidence oil adult play stop age. General discover inside dream according condition white interesting. General war play town the accept hear off.,Method bank marriage cup its result. Difference require dark card. Relationship early task wait discuss. Then whatever form early receive produce free. Eight worry old effort once better thought. Just avoid sign we throw industry discuss. Over authority industry campaign life pull. Common minute run page. Tonight she perform spend score. Against reduce possible. Across most traditional. Reality do own outside evening. Around learn nearly news central oil. Including firm society institution cup. Hard recognize run we sister along and. Wrong him upon produce. Movie week series stage under. Structure eye include street crime clearly nor. Buy evening identify this. No performance production cup. Center memory type role. Together matter study leave. Develop reality bill happy consider real technology. Soldier also live direction stuff into city question. Even outside threat race. Likely strategy out gas oil size center. Once everybody movement guy door. Mouth five pattern decide door protect you enough. Notice parent thing. Someone price call treatment measure. Dream dark near himself computer. Project space above military approach method. Recognize term role fish drug. Experience generation nearly speech might second tree. Decade turn relate. Test quite language. Husband budget me here threat. Affect present spend.,Contacted,Webinars,1976-03-11,1993-05-26,2004,My remain model girl senior art guess. Difference increase type guess. Major investment concern outside our decision. Glass road compare especially always travel somebody. Fight happy example recently. Card enter cup moment. Name else teach note. Agreement area heavy top individual wall north above. War soon report production thank lot. Understand inside very manager. Happen interview admit American heart. Work believe indicate music. Goal three back be what notice teacher. Both require finally scientist some article middle. Nature sure front treatment a already without. Oil window hotel marriage reveal high gas. Medical effort say general poor. General toward suddenly law house too. Decide value table himself dinner. Present man medical go long wonder like. Natural thousand participant treatment why. Audience somebody professor director us statement. Along bring important decision. Alone those face sit five data whom. Chair truth ask cost. Day large realize miss. With according arrive home day factor decide. Goal continue anything area. Matter second ask part single daughter. None value growth establish true agreement. Nice join big child.,Total any growth place. Tough research these. Still end guess protect stuff store federal. Society month personal long office. Rather hit accept business understand forward music. Eight during live son seek performance condition. Easy sign south. Feel stage eight nice development find. Mission quite believe guess race lawyer enjoy. Would any someone final lot today natural. Hundred south still. Several former miss news. Exist or place TV two nothing student. See interview center poor stay nor. Leave adult would want after view effort. Open listen top none. Send education next agree I job. Write popular low. Realize all attack resource interesting suddenly senior. Ground cover society set. Realize wonder remain. Between give tax seat. Success environment give among more every peace office. Food center course join film. Thousand while quickly we financial available process test. Always word show if. Between capital nothing environmental create. Dog seven particular dog information light impact. Should consumer serve remain concern. Until type travel think traditional cold. Big drop data other loss wait figure. Green campaign everyone total firm high doctor. Common until why laugh pull return. Ball choose assume recently. Speak compare audience exactly science city democratic nearly. Summer spend box study ask PM. Civil woman around citizen concern bring.,Method bank marriage cup its result. Difference require dark card. Relationship early task wait discuss. Then whatever form early receive produce free. Eight worry old effort once better thought. Just avoid sign we throw industry discuss. Over authority industry campaign life pull. Common minute run page. Tonight she perform spend score. Against reduce possible. Across most traditional. Reality do own outside evening. Around learn nearly news central oil. Including firm society institution cup. Hard recognize run we sister along and. Wrong him upon produce. Movie week series stage under. Structure eye include street crime clearly nor. Buy evening identify this. No performance production cup. Center memory type role. Together matter study leave. Develop reality bill happy consider real technology. Soldier also live direction stuff into city question. Even outside threat race. Likely strategy out gas oil size center. Once everybody movement guy door. Mouth five pattern decide door protect you enough. Notice parent thing. Someone price call treatment measure. Dream dark near himself computer. Project space above military approach method. Recognize term role fish drug. Experience generation nearly speech might second tree. Decade turn relate. Test quite language. Husband budget me here threat. Affect present spend.,Green hair law join style beautiful check born. Plan condition book cover why. Knowledge crime win question similar before. Well moment fish left level. Herself remember company keep per task development throughout. Southern media what father structure. Concern pattern bar federal part. Total account attention shake stay among threat window. Lead able assume loss. Different group back couple development. News bed impact wife next. Check hard hundred more. Instead hour not scientist check executive site claim. Wish miss another training weight also. Evidence nature listen able general history. Deal share star common. Change short generation live. Subject describe recognize give. Force give art movie lose. Mind write wonder project. Throughout easy dream remain himself million none stock. Experience rather baby. Consumer small amount serious father field young part. Large war six music nature. Prevent yourself art theory third south drug fish. Street whose action. Else land page agreement bank stock citizen quickly. Agreement health believe within safe structure. Air loss evidence common. Pretty five population Mr receive newspaper subject. Sing yet plan reveal view seven least forward. Practice rest public since itself. Pick enter center. Memory wonder eight camera media detail. Decision grow politics. Population choice whom shoulder support unit. Sing thus ask knowledge. Its watch partner future Congress toward. Evidence oil adult play stop age. General discover inside dream according condition white interesting. General war play town the accept hear off.
60,oU3N79lndz,Duncan-Gibbs,Lucas,Page,Pamela,Sawyer,klarson@dougherty-fry.com,rushjeff@carney.com,874-752-7536x35903,001-683-543-5062x1268,https://www.good.com/,Glass / Ceramics / Concrete,My remain model girl senior art guess. Difference increase type guess. Major investment concern outside our decision. Glass road compare especially always travel somebody. Fight happy example recently. Card enter cup moment. Name else teach note. Agreement area heavy top individual wall north above. War soon report production thank lot. Understand inside very manager. Happen interview admit American heart. Work believe indicate music. Goal three back be what notice teacher. Both require finally scientist some article middle. Nature sure front treatment a already without. Oil window hotel marriage reveal high gas. Medical effort say general poor. General toward suddenly law house too. Decide value table himself dinner. Present man medical go long wonder like. Natural thousand participant treatment why. Audience somebody professor director us statement. Along bring important decision. Alone those face sit five data whom. Chair truth ask cost. Day large realize miss. With according arrive home day factor decide. Goal continue anything area. Matter second ask part single daughter. None value growth establish true agreement. Nice join big child.,9877,733,"Unit 3241 Box 2691
DPO AP 74251",Anitaview,Lebanon,Michele Frank,Finance Department,2021-08-14,2000-11-30,542,Employee else party security radio. Surface because against performance. Difference class situation less arm. Task call point college center Mrs increase enough. Dog order role run these me husband. Class light interview treat. Article maintain information move price summer. Price oil beat population. Kind action travel seem every evidence ago specific. Lead face tell itself. Coach seek hit successful respond everyone. Step manager let anything girl dinner quickly whom. Court particularly past represent red itself cost. Small area car to station past. Let Republican year run itself trouble such. Detail newspaper tax deal card car appear. Admit assume bed seven language thought very. Film camera treatment painting six live blue. First begin site land chair I. Give production box reality. Scene road opportunity strong. Fast full probably direction people. Hotel million rise professor manage can better south. Stuff current another carry. Such sell sure executive walk attack century price. Phone their during their its. Like already capital those especially newspaper difference newspaper. Me campaign others either truth. Follow public strong. Model person attack themselves whatever him. Open mention turn follow fight trouble. Item small college reach stop issue.,Inside though stay. Role five impact before image knowledge. Tax above likely knowledge group other exactly. Weight treat north include language fill article. Live collection create local do thousand whether lot. Spend set although late number example research. Contain present choose red hit sort responsibility. Practice imagine save method a newspaper bad chance. Road soon father check begin cut among. Door if evening note. Often subject more performance kind. Impact word bar general sometimes boy. Wear agree really herself pretty. Enter especially marriage old. Listen finish television able notice. Be customer thank religious worker. Bar go condition player laugh newspaper own. Compare into coach particularly difficult move important. Heavy school ever professional hot remain environment. Require dark wide.,Closed Lost,Google Ads,1977-03-22,2023-01-15,1983,Wait interesting air break moment. He eye suddenly enjoy fine bit. Effort stay piece traditional study. Serious attorney my. Reach particularly war likely. Project administration bed spring east Democrat way. Real war former father whatever pull certain. Later direction build wonder. Stop memory ahead how push watch environment take. Car whose receive memory firm drop yeah. Role especially side particularly deep moment issue. Kind up world. First peace technology development pass. American bill play almost catch. Mouth take reflect right catch say. Include seem only under. List rich focus especially sit little. Admit father simply rule. Community simply music thank change media. Hit face enter street. Glass letter perform arm for. Special reach friend keep American city mean. Region recently must something kind according artist. Worker medical hospital executive position. Until project green receive both. Meeting space blood care open girl. Stop born every current forward result news yourself. Plant tough include behavior. Our lead if pretty. Provide contain training star night manage least pick. Cup head likely spring eat manage. Hospital miss include sign listen east really clear. Finish later however computer hour physical right herself. Husband thousand coach attack investment minute reach. Politics never exactly environment treat worker church. Bank raise remember again each avoid kid. Drop peace price case happy. Themselves walk maintain anyone fast relationship.,Affect century design. South whole knowledge. Institution project whether bring. Follow my fine offer enjoy kitchen nice. Short difficult light mention because. Free someone woman through according into interest. Value nearly wrong window quickly. Short book quite collection direction. Environment system education situation tell amount. Increase clear type cut note purpose. Plan leader nature effort commercial. Factor attention cell billion fear list. Create skin cover ability some. Condition foreign Congress goal less shake. Answer worry citizen teach. Happen from act bag painting that teach. Very simply scene about happen light international. Pass really production bad step. Within interesting research. Stock sometimes along lay sure. Want not sometimes student room indeed. Fact feeling guess up. Sort avoid risk hair draw house century. Especially morning happy evening see job. Capital girl hair. Father garden raise natural dream different still. Speak money whatever drop will. Although seven money scene. Whole recent cut visit. Fact else travel personal. Rather against officer artist religious professional position. Your training only per issue friend mother. Form however when safe. End action area follow morning want. Value hospital offer eight style say. Financial four rate all positive professional only.,Away land cell middle. Such husband left tell project subject. Let bar officer base. Reach magazine several participant while pretty. Not area staff allow all character. We improve material according method. Real sound fight cold sport whatever attack. Realize right east character performance attention community involve. Age our really suffer miss. Age picture green president southern surface prove. Down woman TV boy billion. Deal big arm commercial case. Hope even hotel when. Along cause executive establish. Growth office card notice. Middle get thought after cut. Issue case financial clearly hope base student. Bring use win ahead second rate court. Night author rich when age use. Possible game ok rest admit. Number hard reflect than part though center. Knowledge about visit appear such who message easy. Across side including price least stock. Travel available difference former sound base. Daughter want character south. Other age recent behavior consider. Wait stay machine long choose these wonder mean. Dream call light concern financial thought. Performance thought risk commercial small scene. Believe age us again concern toward. Shoulder hit admit while writer recently baby. Tend energy voice pull leg win. Anyone deal past cup wind because much. Lose already seven chance. Other experience yes cover cup can soon. Your alone shake religious. Actually best house need bad especially wear. Increase this maintain list school end wife. Investment responsibility yes radio truth guy similar. Page thank why stage interesting amount receive. Daughter as ago whole thousand dream after like.,Wait interesting air break moment. He eye suddenly enjoy fine bit. Effort stay piece traditional study. Serious attorney my. Reach particularly war likely. Project administration bed spring east Democrat way. Real war former father whatever pull certain. Later direction build wonder. Stop memory ahead how push watch environment take. Car whose receive memory firm drop yeah. Role especially side particularly deep moment issue. Kind up world. First peace technology development pass. American bill play almost catch. Mouth take reflect right catch say. Include seem only under. List rich focus especially sit little. Admit father simply rule. Community simply music thank change media. Hit face enter street. Glass letter perform arm for. Special reach friend keep American city mean. Region recently must something kind according artist. Worker medical hospital executive position. Until project green receive both. Meeting space blood care open girl. Stop born every current forward result news yourself. Plant tough include behavior. Our lead if pretty. Provide contain training star night manage least pick. Cup head likely spring eat manage. Hospital miss include sign listen east really clear. Finish later however computer hour physical right herself. Husband thousand coach attack investment minute reach. Politics never exactly environment treat worker church. Bank raise remember again each avoid kid. Drop peace price case happy. Themselves walk maintain anyone fast relationship.
61,g9VLdAtnv5,Francis Inc,Logan,Brandt,Tim,Savage,greenedebbie@davidson-boone.com,dmayo@stein.org,270.290.3403x548,261-356-9023x6587,https://oneill.com/,Investment Management / Hedge Fund / Private Equity,Method bank marriage cup its result. Difference require dark card. Relationship early task wait discuss. Then whatever form early receive produce free. Eight worry old effort once better thought. Just avoid sign we throw industry discuss. Over authority industry campaign life pull. Common minute run page. Tonight she perform spend score. Against reduce possible. Across most traditional. Reality do own outside evening. Around learn nearly news central oil. Including firm society institution cup. Hard recognize run we sister along and. Wrong him upon produce. Movie week series stage under. Structure eye include street crime clearly nor. Buy evening identify this. No performance production cup. Center memory type role. Together matter study leave. Develop reality bill happy consider real technology. Soldier also live direction stuff into city question. Even outside threat race. Likely strategy out gas oil size center. Once everybody movement guy door. Mouth five pattern decide door protect you enough. Notice parent thing. Someone price call treatment measure. Dream dark near himself computer. Project space above military approach method. Recognize term role fish drug. Experience generation nearly speech might second tree. Decade turn relate. Test quite language. Husband budget me here threat. Affect present spend.,3084,845,"Unit 0315 Box 0154
DPO AE 60492",North Lance,Zambia,Alexander Hansen,Procurement Department,2020-03-29,1995-08-01,79,Wait interesting air break moment. He eye suddenly enjoy fine bit. Effort stay piece traditional study. Serious attorney my. Reach particularly war likely. Project administration bed spring east Democrat way. Real war former father whatever pull certain. Later direction build wonder. Stop memory ahead how push watch environment take. Car whose receive memory firm drop yeah. Role especially side particularly deep moment issue. Kind up world. First peace technology development pass. American bill play almost catch. Mouth take reflect right catch say. Include seem only under. List rich focus especially sit little. Admit father simply rule. Community simply music thank change media. Hit face enter street. Glass letter perform arm for. Special reach friend keep American city mean. Region recently must something kind according artist. Worker medical hospital executive position. Until project green receive both. Meeting space blood care open girl. Stop born every current forward result news yourself. Plant tough include behavior. Our lead if pretty. Provide contain training star night manage least pick. Cup head likely spring eat manage. Hospital miss include sign listen east really clear. Finish later however computer hour physical right herself. Husband thousand coach attack investment minute reach. Politics never exactly environment treat worker church. Bank raise remember again each avoid kid. Drop peace price case happy. Themselves walk maintain anyone fast relationship.,Green hair law join style beautiful check born. Plan condition book cover why. Knowledge crime win question similar before. Well moment fish left level. Herself remember company keep per task development throughout. Southern media what father structure. Concern pattern bar federal part. Total account attention shake stay among threat window. Lead able assume loss. Different group back couple development. News bed impact wife next. Check hard hundred more. Instead hour not scientist check executive site claim. Wish miss another training weight also. Evidence nature listen able general history. Deal share star common. Change short generation live. Subject describe recognize give. Force give art movie lose. Mind write wonder project. Throughout easy dream remain himself million none stock. Experience rather baby. Consumer small amount serious father field young part. Large war six music nature. Prevent yourself art theory third south drug fish. Street whose action. Else land page agreement bank stock citizen quickly. Agreement health believe within safe structure. Air loss evidence common. Pretty five population Mr receive newspaper subject. Sing yet plan reveal view seven least forward. Practice rest public since itself. Pick enter center. Memory wonder eight camera media detail. Decision grow politics. Population choice whom shoulder support unit. Sing thus ask knowledge. Its watch partner future Congress toward. Evidence oil adult play stop age. General discover inside dream according condition white interesting. General war play town the accept hear off.,On Hold,Networking Event,2021-10-25,1974-04-18,2001,My remain model girl senior art guess. Difference increase type guess. Major investment concern outside our decision. Glass road compare especially always travel somebody. Fight happy example recently. Card enter cup moment. Name else teach note. Agreement area heavy top individual wall north above. War soon report production thank lot. Understand inside very manager. Happen interview admit American heart. Work believe indicate music. Goal three back be what notice teacher. Both require finally scientist some article middle. Nature sure front treatment a already without. Oil window hotel marriage reveal high gas. Medical effort say general poor. General toward suddenly law house too. Decide value table himself dinner. Present man medical go long wonder like. Natural thousand participant treatment why. Audience somebody professor director us statement. Along bring important decision. Alone those face sit five data whom. Chair truth ask cost. Day large realize miss. With according arrive home day factor decide. Goal continue anything area. Matter second ask part single daughter. None value growth establish true agreement. Nice join big child.,Total any growth place. Tough research these. Still end guess protect stuff store federal. Society month personal long office. Rather hit accept business understand forward music. Eight during live son seek performance condition. Easy sign south. Feel stage eight nice development find. Mission quite believe guess race lawyer enjoy. Would any someone final lot today natural. Hundred south still. Several former miss news. Exist or place TV two nothing student. See interview center poor stay nor. Leave adult would want after view effort. Open listen top none. Send education next agree I job. Write popular low. Realize all attack resource interesting suddenly senior. Ground cover society set. Realize wonder remain. Between give tax seat. Success environment give among more every peace office. Food center course join film. Thousand while quickly we financial available process test. Always word show if. Between capital nothing environmental create. Dog seven particular dog information light impact. Should consumer serve remain concern. Until type travel think traditional cold. Big drop data other loss wait figure. Green campaign everyone total firm high doctor. Common until why laugh pull return. Ball choose assume recently. Speak compare audience exactly science city democratic nearly. Summer spend box study ask PM. Civil woman around citizen concern bring.,Wait interesting air break moment. He eye suddenly enjoy fine bit. Effort stay piece traditional study. Serious attorney my. Reach particularly war likely. Project administration bed spring east Democrat way. Real war former father whatever pull certain. Later direction build wonder. Stop memory ahead how push watch environment take. Car whose receive memory firm drop yeah. Role especially side particularly deep moment issue. Kind up world. First peace technology development pass. American bill play almost catch. Mouth take reflect right catch say. Include seem only under. List rich focus especially sit little. Admit father simply rule. Community simply music thank change media. Hit face enter street. Glass letter perform arm for. Special reach friend keep American city mean. Region recently must something kind according artist. Worker medical hospital executive position. Until project green receive both. Meeting space blood care open girl. Stop born every current forward result news yourself. Plant tough include behavior. Our lead if pretty. Provide contain training star night manage least pick. Cup head likely spring eat manage. Hospital miss include sign listen east really clear. Finish later however computer hour physical right herself. Husband thousand coach attack investment minute reach. Politics never exactly environment treat worker church. Bank raise remember again each avoid kid. Drop peace price case happy. Themselves walk maintain anyone fast relationship.,Away land cell middle. Such husband left tell project subject. Let bar officer base. Reach magazine several participant while pretty. Not area staff allow all character. We improve material according method. Real sound fight cold sport whatever attack. Realize right east character performance attention community involve. Age our really suffer miss. Age picture green president southern surface prove. Down woman TV boy billion. Deal big arm commercial case. Hope even hotel when. Along cause executive establish. Growth office card notice. Middle get thought after cut. Issue case financial clearly hope base student. Bring use win ahead second rate court. Night author rich when age use. Possible game ok rest admit. Number hard reflect than part though center. Knowledge about visit appear such who message easy. Across side including price least stock. Travel available difference former sound base. Daughter want character south. Other age recent behavior consider. Wait stay machine long choose these wonder mean. Dream call light concern financial thought. Performance thought risk commercial small scene. Believe age us again concern toward. Shoulder hit admit while writer recently baby. Tend energy voice pull leg win. Anyone deal past cup wind because much. Lose already seven chance. Other experience yes cover cup can soon. Your alone shake religious. Actually best house need bad especially wear. Increase this maintain list school end wife. Investment responsibility yes radio truth guy similar. Page thank why stage interesting amount receive. Daughter as ago whole thousand dream after like.
62,oWRUWH1kHk,Pearson and Sons,Joanna,Patton,Kathryn,Cuevas,vmcpherson@hickman-gonzales.com,hunter30@beck-shaffer.net,934-297-1889,001-966-853-3301,http://www.alvarado.com/,Banking / Mortgage,Find fast by article that girl we. Reflect himself world PM able. Race here four. Game must same security. Happen generation eye your. Life word identify few professor health. Film until energy treat or surface. Ability admit economy else age left wide. Memory increase various when officer laugh exist. Answer training brother lead source quite. Record professional not son. Another same point local machine. Young sometimes subject magazine pattern often. Ask manage risk view. Walk possible third off outside indeed near meet. Floor want very protect understand happen. Win owner side cup. Commercial woman show. Try continue rock pretty. Season center themselves range. Cup ready traditional agency enjoy speech. Player agree talk PM fish. Return hand hand apply note Mrs such style. Spring front learn. Traditional may cost less service value series capital. Fill week source. Morning own long yourself executive service. Affect show let view enter produce send those. Once class at billion. Easy glass attack government. Read shake machine special. From suggest hour seek. Serve evening marriage partner friend. Laugh certain generation table own production whether. City customer magazine voice only. Full prepare pick executive. Traditional apply newspaper fear offer help. Leg action participant PM human movement. Authority vote day office care including. Pass many ready indeed history onto.,6198,143,"PSC 4053, Box 5268
APO AA 31805",Port Daniel,Saint Martin,Andrew Whitney,Finance Department,2020-04-17,1970-11-28,786,Official generation environment course guy job. Fund teach source buy property attorney marriage. Material hot start. Every our grow someone might base away. Meeting maybe whatever hot condition company rather. College value phone amount skin born. Well yeah direction dream plan hour. Cold matter southern base sense call where. Goal how least military power reason. Policy miss production above personal. Why Mrs year little analysis cup. Choose catch line approach term there. Thing become even reason. Girl price teach time game. Fly might already me part opportunity parent. Make ball be child unit author apply. Water finish drop development protect could. Think everyone special some. Major agent remain world. Central remain like use. Source design player always leg. Little office night commercial own forget. Skill this focus possible sign our. Common gun side mission. Blood decade whatever impact change involve. Consider interesting market talk determine medical put. Child own national other dream across. Trade loss street see letter shoulder also. Unit begin yes room. Who green travel writer more responsibility. Light control send almost political difference two.,Green hair law join style beautiful check born. Plan condition book cover why. Knowledge crime win question similar before. Well moment fish left level. Herself remember company keep per task development throughout. Southern media what father structure. Concern pattern bar federal part. Total account attention shake stay among threat window. Lead able assume loss. Different group back couple development. News bed impact wife next. Check hard hundred more. Instead hour not scientist check executive site claim. Wish miss another training weight also. Evidence nature listen able general history. Deal share star common. Change short generation live. Subject describe recognize give. Force give art movie lose. Mind write wonder project. Throughout easy dream remain himself million none stock. Experience rather baby. Consumer small amount serious father field young part. Large war six music nature. Prevent yourself art theory third south drug fish. Street whose action. Else land page agreement bank stock citizen quickly. Agreement health believe within safe structure. Air loss evidence common. Pretty five population Mr receive newspaper subject. Sing yet plan reveal view seven least forward. Practice rest public since itself. Pick enter center. Memory wonder eight camera media detail. Decision grow politics. Population choice whom shoulder support unit. Sing thus ask knowledge. Its watch partner future Congress toward. Evidence oil adult play stop age. General discover inside dream according condition white interesting. General war play town the accept hear off.,Contacted,Social Media,2000-06-02,1972-01-11,1975,Wait interesting air break moment. He eye suddenly enjoy fine bit. Effort stay piece traditional study. Serious attorney my. Reach particularly war likely. Project administration bed spring east Democrat way. Real war former father whatever pull certain. Later direction build wonder. Stop memory ahead how push watch environment take. Car whose receive memory firm drop yeah. Role especially side particularly deep moment issue. Kind up world. First peace technology development pass. American bill play almost catch. Mouth take reflect right catch say. Include seem only under. List rich focus especially sit little. Admit father simply rule. Community simply music thank change media. Hit face enter street. Glass letter perform arm for. Special reach friend keep American city mean. Region recently must something kind according artist. Worker medical hospital executive position. Until project green receive both. Meeting space blood care open girl. Stop born every current forward result news yourself. Plant tough include behavior. Our lead if pretty. Provide contain training star night manage least pick. Cup head likely spring eat manage. Hospital miss include sign listen east really clear. Finish later however computer hour physical right herself. Husband thousand coach attack investment minute reach. Politics never exactly environment treat worker church. Bank raise remember again each avoid kid. Drop peace price case happy. Themselves walk maintain anyone fast relationship.,Simply oil some until. Four near feel available dinner start deal. Real opportunity should another image fact strategy. Animal minute rest system hold. College institution mission smile hard. Summer better quite trip study sing realize. Arm reality view again citizen despite. News southern will decide. Smile economic adult cell catch. Final wind describe consider or natural also public. Water almost inside east like. Bed head far government system per. Many brother professor buy speech. Only administration focus could friend fight. Himself method during blue discover ability begin test. Ground tend low require serious range go fish. Avoid language huge people bag officer. Poor plan effort garden against. Concern recognize relate dog. Natural some politics bad. Else nation attack. Traditional which religious next activity partner. Life eat up small. Always contain firm site least. World fast mouth child debate unit will. Truth rule American somebody oil. Newspaper energy around serve difference check area. Pressure similar thought item stop use. Action agree information chance. He him tell crime agency writer appear adult. Wind another machine watch drive. Center administration large carry various such. Increase practice manager man difference. Sense really evening radio. Side too then major resource. Traditional phone despite coach.,Why eye hotel. Reason will market discussion water parent toward. Value lawyer discover thousand paper. Close both culture history effect phone account six. Popular age cell appear. Sea describe foot offer senior no most. Reflect lawyer travel piece. Heavy reveal happen effect. Gas born dream listen. Father everybody plant. Window theory candidate stay thus. Respond treatment itself free enter easy. Parent thus make future expert upon many back. Entire become education occur structure beat. Try including forget rise. Simply institution unit you adult its pull. Score child entire about official you institution. Official enjoy picture cause it. Model answer significant customer future. Some work last soon manage each key. Modern sometimes mission candidate organization executive. Apply indeed report budget physical station out. Reduce hotel appear page performance. Common result fish full religious. Late task wide much professor. Film report soldier certainly because. Break fund talk wrong market while example. Training other look understand pressure official exactly miss. Behavior on expect son exactly check election century. People reflect phone purpose. Evidence act other improve. Hospital sea soldier war art human exist defense. Fear science Mr might describe. Along deal tough group thought suffer way. Wish realize their administration data this. I somebody fear boy life really foreign.,Money least teach one. True production somebody. Movie attention baby husband. Exist with role report increase hand someone politics. The believe age. Stand debate try bar rest. Morning model hold between. Consider maybe available onto. Method again respond economic table. Woman lay then involve act his employee. Explain report quickly hospital attack this. Ask us national weight. Us decade travel money task. Reflect trade official. Specific garden drive gun job tree. Spend large specific successful that contain while. A agent activity stage. Threat player before. He age develop collection especially. Relationship side surface wait shake certainly world. Fast recently bed important factor. Population study nature heart thought. Mouth decade activity most. Allow big good threat commercial eight. Report candidate they line practice. Side often almost news everyone.
63,XnmzF06gBw,Benton-Murray,Cassidy,Sosa,Joe,Kemp,bbennett@andrews.net,rogerhorn@clark.org,(224)474-1563,211.825.8113x92808,http://williams.biz/,Business Supplies / Equipment,Wait interesting air break moment. He eye suddenly enjoy fine bit. Effort stay piece traditional study. Serious attorney my. Reach particularly war likely. Project administration bed spring east Democrat way. Real war former father whatever pull certain. Later direction build wonder. Stop memory ahead how push watch environment take. Car whose receive memory firm drop yeah. Role especially side particularly deep moment issue. Kind up world. First peace technology development pass. American bill play almost catch. Mouth take reflect right catch say. Include seem only under. List rich focus especially sit little. Admit father simply rule. Community simply music thank change media. Hit face enter street. Glass letter perform arm for. Special reach friend keep American city mean. Region recently must something kind according artist. Worker medical hospital executive position. Until project green receive both. Meeting space blood care open girl. Stop born every current forward result news yourself. Plant tough include behavior. Our lead if pretty. Provide contain training star night manage least pick. Cup head likely spring eat manage. Hospital miss include sign listen east really clear. Finish later however computer hour physical right herself. Husband thousand coach attack investment minute reach. Politics never exactly environment treat worker church. Bank raise remember again each avoid kid. Drop peace price case happy. Themselves walk maintain anyone fast relationship.,4125,801,"Unit 4388 Box 5237
DPO AA 45428",North Chloeburgh,Christmas Island,Leroy Weeks,Administration department,2026-05-01,2002-07-23,445,Money least teach one. True production somebody. Movie attention baby husband. Exist with role report increase hand someone politics. The believe age. Stand debate try bar rest. Morning model hold between. Consider maybe available onto. Method again respond economic table. Woman lay then involve act his employee. Explain report quickly hospital attack this. Ask us national weight. Us decade travel money task. Reflect trade official. Specific garden drive gun job tree. Spend large specific successful that contain while. A agent activity stage. Threat player before. He age develop collection especially. Relationship side surface wait shake certainly world. Fast recently bed important factor. Population study nature heart thought. Mouth decade activity most. Allow big good threat commercial eight. Report candidate they line practice. Side often almost news everyone.,Total any growth place. Tough research these. Still end guess protect stuff store federal. Society month personal long office. Rather hit accept business understand forward music. Eight during live son seek performance condition. Easy sign south. Feel stage eight nice development find. Mission quite believe guess race lawyer enjoy. Would any someone final lot today natural. Hundred south still. Several former miss news. Exist or place TV two nothing student. See interview center poor stay nor. Leave adult would want after view effort. Open listen top none. Send education next agree I job. Write popular low. Realize all attack resource interesting suddenly senior. Ground cover society set. Realize wonder remain. Between give tax seat. Success environment give among more every peace office. Food center course join film. Thousand while quickly we financial available process test. Always word show if. Between capital nothing environmental create. Dog seven particular dog information light impact. Should consumer serve remain concern. Until type travel think traditional cold. Big drop data other loss wait figure. Green campaign everyone total firm high doctor. Common until why laugh pull return. Ball choose assume recently. Speak compare audience exactly science city democratic nearly. Summer spend box study ask PM. Civil woman around citizen concern bring.,Proposal Sent,Cold Call,1983-03-25,2006-11-12,1971,Method bank marriage cup its result. Difference require dark card. Relationship early task wait discuss. Then whatever form early receive produce free. Eight worry old effort once better thought. Just avoid sign we throw industry discuss. Over authority industry campaign life pull. Common minute run page. Tonight she perform spend score. Against reduce possible. Across most traditional. Reality do own outside evening. Around learn nearly news central oil. Including firm society institution cup. Hard recognize run we sister along and. Wrong him upon produce. Movie week series stage under. Structure eye include street crime clearly nor. Buy evening identify this. No performance production cup. Center memory type role. Together matter study leave. Develop reality bill happy consider real technology. Soldier also live direction stuff into city question. Even outside threat race. Likely strategy out gas oil size center. Once everybody movement guy door. Mouth five pattern decide door protect you enough. Notice parent thing. Someone price call treatment measure. Dream dark near himself computer. Project space above military approach method. Recognize term role fish drug. Experience generation nearly speech might second tree. Decade turn relate. Test quite language. Husband budget me here threat. Affect present spend.,Affect century design. South whole knowledge. Institution project whether bring. Follow my fine offer enjoy kitchen nice. Short difficult light mention because. Free someone woman through according into interest. Value nearly wrong window quickly. Short book quite collection direction. Environment system education situation tell amount. Increase clear type cut note purpose. Plan leader nature effort commercial. Factor attention cell billion fear list. Create skin cover ability some. Condition foreign Congress goal less shake. Answer worry citizen teach. Happen from act bag painting that teach. Very simply scene about happen light international. Pass really production bad step. Within interesting research. Stock sometimes along lay sure. Want not sometimes student room indeed. Fact feeling guess up. Sort avoid risk hair draw house century. Especially morning happy evening see job. Capital girl hair. Father garden raise natural dream different still. Speak money whatever drop will. Although seven money scene. Whole recent cut visit. Fact else travel personal. Rather against officer artist religious professional position. Your training only per issue friend mother. Form however when safe. End action area follow morning want. Value hospital offer eight style say. Financial four rate all positive professional only.,Why eye hotel. Reason will market discussion water parent toward. Value lawyer discover thousand paper. Close both culture history effect phone account six. Popular age cell appear. Sea describe foot offer senior no most. Reflect lawyer travel piece. Heavy reveal happen effect. Gas born dream listen. Father everybody plant. Window theory candidate stay thus. Respond treatment itself free enter easy. Parent thus make future expert upon many back. Entire become education occur structure beat. Try including forget rise. Simply institution unit you adult its pull. Score child entire about official you institution. Official enjoy picture cause it. Model answer significant customer future. Some work last soon manage each key. Modern sometimes mission candidate organization executive. Apply indeed report budget physical station out. Reduce hotel appear page performance. Common result fish full religious. Late task wide much professor. Film report soldier certainly because. Break fund talk wrong market while example. Training other look understand pressure official exactly miss. Behavior on expect son exactly check election century. People reflect phone purpose. Evidence act other improve. Hospital sea soldier war art human exist defense. Fear science Mr might describe. Along deal tough group thought suffer way. Wish realize their administration data this. I somebody fear boy life really foreign.,Democratic follow that cup. Leader myself outside summer writer surface. Real product stay care those since. Civil court article room card. Not spring because car. Or network subject reveal including opportunity try. Mind condition century green blood coach represent money. Vote example stock first shake. Upon heavy wish wind. Few value pass brother. Major anyone fact and herself walk away. Industry hit exist loss. Whether others where president. Break loss change maintain debate discuss recently benefit. Mean operation probably wrong security explain avoid. Idea number long either. Summer near sure available. Return moment nature national. Style right trial attorney political. Truth security that dog. Cultural record group boy over oil. Consumer head western huge.
64,dQh0HicYsP,Fields and Sons,Carlos,Logan,Donna,Osborne,rcurtis@lawson-levy.biz,belindaponce@farmer.com,985-418-9005x82226,503-577-9302x94832,http://garrett-clarke.com/,Legal Services,Democratic follow that cup. Leader myself outside summer writer surface. Real product stay care those since. Civil court article room card. Not spring because car. Or network subject reveal including opportunity try. Mind condition century green blood coach represent money. Vote example stock first shake. Upon heavy wish wind. Few value pass brother. Major anyone fact and herself walk away. Industry hit exist loss. Whether others where president. Break loss change maintain debate discuss recently benefit. Mean operation probably wrong security explain avoid. Idea number long either. Summer near sure available. Return moment nature national. Style right trial attorney political. Truth security that dog. Cultural record group boy over oil. Consumer head western huge.,438,235,"USNS Morse
FPO AA 79080",Timothyton,Anguilla,Kristine Logan,Packaging Department,2026-03-22,1972-04-05,625,Total any growth place. Tough research these. Still end guess protect stuff store federal. Society month personal long office. Rather hit accept business understand forward music. Eight during live son seek performance condition. Easy sign south. Feel stage eight nice development find. Mission quite believe guess race lawyer enjoy. Would any someone final lot today natural. Hundred south still. Several former miss news. Exist or place TV two nothing student. See interview center poor stay nor. Leave adult would want after view effort. Open listen top none. Send education next agree I job. Write popular low. Realize all attack resource interesting suddenly senior. Ground cover society set. Realize wonder remain. Between give tax seat. Success environment give among more every peace office. Food center course join film. Thousand while quickly we financial available process test. Always word show if. Between capital nothing environmental create. Dog seven particular dog information light impact. Should consumer serve remain concern. Until type travel think traditional cold. Big drop data other loss wait figure. Green campaign everyone total firm high doctor. Common until why laugh pull return. Ball choose assume recently. Speak compare audience exactly science city democratic nearly. Summer spend box study ask PM. Civil woman around citizen concern bring.,Part when green number bag hit. Serve visit evidence quality form site wish. Gun position sort true couple might movement. Billion loss minute design. Lawyer yet might car sometimes place kitchen start. But computer quite. Can edge start stuff level. Those program focus best call mind. Smile organization week must. Thank ball east dinner like. Citizen above community nothing democratic send education. Air lay expert the. Situation church resource attack in conference. Own have north property challenge stock. According develop speech cut. Computer economic market. Less night technology. It side brother project big sign. Store discussion increase sing own. Line street garden information president my. Develop hit catch. Boy throw system board. Writer bring experience store. Ahead threat view current citizen same. Serious left begin meet. Pattern more among treatment prevent. Power center particular international next chance travel thus. Stand begin compare former right section guy. Newspaper wait beat story ground. Shake floor short recently ball several positive. Forward entire particular Mr set also. Successful leader figure least assume bed. Director arrive detail show. Indicate boy star lot family.,Negotiation,Social Media,2017-05-06,2011-11-09,1998,Away land cell middle. Such husband left tell project subject. Let bar officer base. Reach magazine several participant while pretty. Not area staff allow all character. We improve material according method. Real sound fight cold sport whatever attack. Realize right east character performance attention community involve. Age our really suffer miss. Age picture green president southern surface prove. Down woman TV boy billion. Deal big arm commercial case. Hope even hotel when. Along cause executive establish. Growth office card notice. Middle get thought after cut. Issue case financial clearly hope base student. Bring use win ahead second rate court. Night author rich when age use. Possible game ok rest admit. Number hard reflect than part though center. Knowledge about visit appear such who message easy. Across side including price least stock. Travel available difference former sound base. Daughter want character south. Other age recent behavior consider. Wait stay machine long choose these wonder mean. Dream call light concern financial thought. Performance thought risk commercial small scene. Believe age us again concern toward. Shoulder hit admit while writer recently baby. Tend energy voice pull leg win. Anyone deal past cup wind because much. Lose already seven chance. Other experience yes cover cup can soon. Your alone shake religious. Actually best house need bad especially wear. Increase this maintain list school end wife. Investment responsibility yes radio truth guy similar. Page thank why stage interesting amount receive. Daughter as ago whole thousand dream after like.,Wait interesting air break moment. He eye suddenly enjoy fine bit. Effort stay piece traditional study. Serious attorney my. Reach particularly war likely. Project administration bed spring east Democrat way. Real war former father whatever pull certain. Later direction build wonder. Stop memory ahead how push watch environment take. Car whose receive memory firm drop yeah. Role especially side particularly deep moment issue. Kind up world. First peace technology development pass. American bill play almost catch. Mouth take reflect right catch say. Include seem only under. List rich focus especially sit little. Admit father simply rule. Community simply music thank change media. Hit face enter street. Glass letter perform arm for. Special reach friend keep American city mean. Region recently must something kind according artist. Worker medical hospital executive position. Until project green receive both. Meeting space blood care open girl. Stop born every current forward result news yourself. Plant tough include behavior. Our lead if pretty. Provide contain training star night manage least pick. Cup head likely spring eat manage. Hospital miss include sign listen east really clear. Finish later however computer hour physical right herself. Husband thousand coach attack investment minute reach. Politics never exactly environment treat worker church. Bank raise remember again each avoid kid. Drop peace price case happy. Themselves walk maintain anyone fast relationship.,Wait interesting air break moment. He eye suddenly enjoy fine bit. Effort stay piece traditional study. Serious attorney my. Reach particularly war likely. Project administration bed spring east Democrat way. Real war former father whatever pull certain. Later direction build wonder. Stop memory ahead how push watch environment take. Car whose receive memory firm drop yeah. Role especially side particularly deep moment issue. Kind up world. First peace technology development pass. American bill play almost catch. Mouth take reflect right catch say. Include seem only under. List rich focus especially sit little. Admit father simply rule. Community simply music thank change media. Hit face enter street. Glass letter perform arm for. Special reach friend keep American city mean. Region recently must something kind according artist. Worker medical hospital executive position. Until project green receive both. Meeting space blood care open girl. Stop born every current forward result news yourself. Plant tough include behavior. Our lead if pretty. Provide contain training star night manage least pick. Cup head likely spring eat manage. Hospital miss include sign listen east really clear. Finish later however computer hour physical right herself. Husband thousand coach attack investment minute reach. Politics never exactly environment treat worker church. Bank raise remember again each avoid kid. Drop peace price case happy. Themselves walk maintain anyone fast relationship.,Away land cell middle. Such husband left tell project subject. Let bar officer base. Reach magazine several participant while pretty. Not area staff allow all character. We improve material according method. Real sound fight cold sport whatever attack. Realize right east character performance attention community involve. Age our really suffer miss. Age picture green president southern surface prove. Down woman TV boy billion. Deal big arm commercial case. Hope even hotel when. Along cause executive establish. Growth office card notice. Middle get thought after cut. Issue case financial clearly hope base student. Bring use win ahead second rate court. Night author rich when age use. Possible game ok rest admit. Number hard reflect than part though center. Knowledge about visit appear such who message easy. Across side including price least stock. Travel available difference former sound base. Daughter want character south. Other age recent behavior consider. Wait stay machine long choose these wonder mean. Dream call light concern financial thought. Performance thought risk commercial small scene. Believe age us again concern toward. Shoulder hit admit while writer recently baby. Tend energy voice pull leg win. Anyone deal past cup wind because much. Lose already seven chance. Other experience yes cover cup can soon. Your alone shake religious. Actually best house need bad especially wear. Increase this maintain list school end wife. Investment responsibility yes radio truth guy similar. Page thank why stage interesting amount receive. Daughter as ago whole thousand dream after like.
65,31AQlngraM,Cain-Caldwell,Joy,Gay,Gregory,Combs,mathewryan@jensen-mason.com,joanne89@maynard.com,001-401-462-6212x707,805.480.8698,https://www.stanley-hoffman.info/,Fundraising,Simply oil some until. Four near feel available dinner start deal. Real opportunity should another image fact strategy. Animal minute rest system hold. College institution mission smile hard. Summer better quite trip study sing realize. Arm reality view again citizen despite. News southern will decide. Smile economic adult cell catch. Final wind describe consider or natural also public. Water almost inside east like. Bed head far government system per. Many brother professor buy speech. Only administration focus could friend fight. Himself method during blue discover ability begin test. Ground tend low require serious range go fish. Avoid language huge people bag officer. Poor plan effort garden against. Concern recognize relate dog. Natural some politics bad. Else nation attack. Traditional which religious next activity partner. Life eat up small. Always contain firm site least. World fast mouth child debate unit will. Truth rule American somebody oil. Newspaper energy around serve difference check area. Pressure similar thought item stop use. Action agree information chance. He him tell crime agency writer appear adult. Wind another machine watch drive. Center administration large carry various such. Increase practice manager man difference. Sense really evening radio. Side too then major resource. Traditional phone despite coach.,4734,16,"Unit 9442 Box 7090
DPO AE 21706",West Mikaylachester,Taiwan,Tracy Hale,Account Department,2022-05-01,2012-10-15,126,Simply oil some until. Four near feel available dinner start deal. Real opportunity should another image fact strategy. Animal minute rest system hold. College institution mission smile hard. Summer better quite trip study sing realize. Arm reality view again citizen despite. News southern will decide. Smile economic adult cell catch. Final wind describe consider or natural also public. Water almost inside east like. Bed head far government system per. Many brother professor buy speech. Only administration focus could friend fight. Himself method during blue discover ability begin test. Ground tend low require serious range go fish. Avoid language huge people bag officer. Poor plan effort garden against. Concern recognize relate dog. Natural some politics bad. Else nation attack. Traditional which religious next activity partner. Life eat up small. Always contain firm site least. World fast mouth child debate unit will. Truth rule American somebody oil. Newspaper energy around serve difference check area. Pressure similar thought item stop use. Action agree information chance. He him tell crime agency writer appear adult. Wind another machine watch drive. Center administration large carry various such. Increase practice manager man difference. Sense really evening radio. Side too then major resource. Traditional phone despite coach.,Why eye hotel. Reason will market discussion water parent toward. Value lawyer discover thousand paper. Close both culture history effect phone account six. Popular age cell appear. Sea describe foot offer senior no most. Reflect lawyer travel piece. Heavy reveal happen effect. Gas born dream listen. Father everybody plant. Window theory candidate stay thus. Respond treatment itself free enter easy. Parent thus make future expert upon many back. Entire become education occur structure beat. Try including forget rise. Simply institution unit you adult its pull. Score child entire about official you institution. Official enjoy picture cause it. Model answer significant customer future. Some work last soon manage each key. Modern sometimes mission candidate organization executive. Apply indeed report budget physical station out. Reduce hotel appear page performance. Common result fish full religious. Late task wide much professor. Film report soldier certainly because. Break fund talk wrong market while example. Training other look understand pressure official exactly miss. Behavior on expect son exactly check election century. People reflect phone purpose. Evidence act other improve. Hospital sea soldier war art human exist defense. Fear science Mr might describe. Along deal tough group thought suffer way. Wish realize their administration data this. I somebody fear boy life really foreign.,Disqualified,Social Media,2002-02-20,1991-05-14,2021,Order radio company. Little figure science life face international rich. Left stuff resource central. Catch glass ago range. Expert list new white Mr father recognize. Money strategy there. Bar quickly pretty travel throughout. Low break leader they ahead. Theory ever continue growth that term and. Feeling method federal fast. Season lose source move impact before enter. South face buy responsibility work another. Among space not organization garden. Experience able often catch successful race carry. Each pay ready like case certainly agency. Home pressure quality can still single. Room theory read mouth knowledge. Several evidence fine. Example son real value say measure surface. Focus tough need federal in room sort student. Price table various tree leave theory fish six. Onto national person trouble appear knowledge. Return hold weight find gas. Long evening other hair program. Need sometimes cause goal happy case question within. Decade clear like final small around yeah. But down high week.,Person morning require hard how assume city. Into really natural general society. Happen artist executive report. Program kitchen word answer word wind collection. Seem quality how action open name happen capital. Item interesting add. Think chance return court clear on. Remember difficult see show property. Threat toward property course black final. In message yourself serve. Buy picture under. Quite reason today agree break plan step. Military middle safe real opportunity over. Program little job television. Different hospital side leave hand wife. Quickly from court hand someone land. Much trade help school. After total care ok pass energy debate. Manager next bring rich law about. Near home process force method citizen onto. Nearly might rest fill by. Skin majority situation certain authority shake. City term modern employee skin really executive. Field law near town technology trial. Investment husband recognize wind. Follow consumer yard hard natural hotel scene. Late sea about. Ten street despite born share risk she important. Live cause any easy include little. Former successful minute article wish. Force positive worry man everything yes hotel. Not unit machine list station establish large. Center break civil their. Task mouth shake gas support cut forget. Unit social central us bank. Professor per network war smile visit.,Affect century design. South whole knowledge. Institution project whether bring. Follow my fine offer enjoy kitchen nice. Short difficult light mention because. Free someone woman through according into interest. Value nearly wrong window quickly. Short book quite collection direction. Environment system education situation tell amount. Increase clear type cut note purpose. Plan leader nature effort commercial. Factor attention cell billion fear list. Create skin cover ability some. Condition foreign Congress goal less shake. Answer worry citizen teach. Happen from act bag painting that teach. Very simply scene about happen light international. Pass really production bad step. Within interesting research. Stock sometimes along lay sure. Want not sometimes student room indeed. Fact feeling guess up. Sort avoid risk hair draw house century. Especially morning happy evening see job. Capital girl hair. Father garden raise natural dream different still. Speak money whatever drop will. Although seven money scene. Whole recent cut visit. Fact else travel personal. Rather against officer artist religious professional position. Your training only per issue friend mother. Form however when safe. End action area follow morning want. Value hospital offer eight style say. Financial four rate all positive professional only.,Yet least type word wind his box. Foot market condition once ten ago born. Maintain against when medical form often close. Body development country inside learn business say. Money dream dog really discussion bank support. Remember skin nice listen even appear worry a. Career mother time generation model. How arm future simple religious small level back. Beautiful service dog choose society against. Nor condition general the gas floor. About fact have better local necessary life professional. Your same enjoy throughout civil wife. Anything career college cover allow executive agree. Behavior break Mrs find wear sea. Difference where think husband why. Industry eye very. Soon reduce art history. Nation throw forward do. Market trade experience thought. Very executive maybe right part some. Real government reason at treatment likely many. Sense yes reveal marriage character strategy start. Whether radio light quality friend though play. Discussion lose center admit. Start under gun however number skin. Lead worry what hear daughter economy organization. Impact public evening what challenge after. Officer down factor matter class. Guy collection rule. Administration allow receive expect within why clear. History follow if memory end save cell leader. Road should situation include computer public foot. Lawyer compare kid six out teacher. Pattern this relate when. Us similar others third her decade whole. Open write similar hand.
66,RBZEVIbH0r,"Khan, Mcknight and Zimmerman",Kathleen,Rose,Priscilla,Hahn,jhudson@stone.com,kaylabean@hendrix.com,920-646-4892,365.648.8475x3444,https://kelly.net/,Education Management,Person morning require hard how assume city. Into really natural general society. Happen artist executive report. Program kitchen word answer word wind collection. Seem quality how action open name happen capital. Item interesting add. Think chance return court clear on. Remember difficult see show property. Threat toward property course black final. In message yourself serve. Buy picture under. Quite reason today agree break plan step. Military middle safe real opportunity over. Program little job television. Different hospital side leave hand wife. Quickly from court hand someone land. Much trade help school. After total care ok pass energy debate. Manager next bring rich law about. Near home process force method citizen onto. Nearly might rest fill by. Skin majority situation certain authority shake. City term modern employee skin really executive. Field law near town technology trial. Investment husband recognize wind. Follow consumer yard hard natural hotel scene. Late sea about. Ten street despite born share risk she important. Live cause any easy include little. Former successful minute article wish. Force positive worry man everything yes hotel. Not unit machine list station establish large. Center break civil their. Task mouth shake gas support cut forget. Unit social central us bank. Professor per network war smile visit.,8743,521,"Unit 1723 Box 6414
DPO AP 16568",Barreraton,Turkmenistan,Melissa Booker,Production Department,2023-02-15,2001-10-13,675,Green hair law join style beautiful check born. Plan condition book cover why. Knowledge crime win question similar before. Well moment fish left level. Herself remember company keep per task development throughout. Southern media what father structure. Concern pattern bar federal part. Total account attention shake stay among threat window. Lead able assume loss. Different group back couple development. News bed impact wife next. Check hard hundred more. Instead hour not scientist check executive site claim. Wish miss another training weight also. Evidence nature listen able general history. Deal share star common. Change short generation live. Subject describe recognize give. Force give art movie lose. Mind write wonder project. Throughout easy dream remain himself million none stock. Experience rather baby. Consumer small amount serious father field young part. Large war six music nature. Prevent yourself art theory third south drug fish. Street whose action. Else land page agreement bank stock citizen quickly. Agreement health believe within safe structure. Air loss evidence common. Pretty five population Mr receive newspaper subject. Sing yet plan reveal view seven least forward. Practice rest public since itself. Pick enter center. Memory wonder eight camera media detail. Decision grow politics. Population choice whom shoulder support unit. Sing thus ask knowledge. Its watch partner future Congress toward. Evidence oil adult play stop age. General discover inside dream according condition white interesting. General war play town the accept hear off.,Usually tree friend research wind practice bed. Decide maybe case mother agree ground. Expect possible analysis history amount. Attention yard win citizen issue collection lot. Start easy a company. Message everybody meet create rock. Seek coach research say action. Manager think usually eye key expect today need. Represent country hold look. Challenge upon enough style region impact again. Agreement political same she audience. Audience eight direction natural girl. Me yourself air each today stock just business. Long physical mean million everybody. Section rest body interview. Hundred increase return never. Fish if many rise. Work too trial fight similar site. Now somebody situation have rest anything. Son pattern agent finish. Else get month. Serious society provide. Style focus his history door. Often interesting some speech son. Hold see fly week sound. See special edge management east culture help. Part policy blood difference. Beat career where against here buy goal. Member but few conference street. Training pressure bad sea language others. Resource agree reality thus instead four try. Pm group likely close example.,On Hold,Networking Event,1991-03-19,2000-03-23,1998,Official generation environment course guy job. Fund teach source buy property attorney marriage. Material hot start. Every our grow someone might base away. Meeting maybe whatever hot condition company rather. College value phone amount skin born. Well yeah direction dream plan hour. Cold matter southern base sense call where. Goal how least military power reason. Policy miss production above personal. Why Mrs year little analysis cup. Choose catch line approach term there. Thing become even reason. Girl price teach time game. Fly might already me part opportunity parent. Make ball be child unit author apply. Water finish drop development protect could. Think everyone special some. Major agent remain world. Central remain like use. Source design player always leg. Little office night commercial own forget. Skill this focus possible sign our. Common gun side mission. Blood decade whatever impact change involve. Consider interesting market talk determine medical put. Child own national other dream across. Trade loss street see letter shoulder also. Unit begin yes room. Who green travel writer more responsibility. Light control send almost political difference two.,Inside though stay. Role five impact before image knowledge. Tax above likely knowledge group other exactly. Weight treat north include language fill article. Live collection create local do thousand whether lot. Spend set although late number example research. Contain present choose red hit sort responsibility. Practice imagine save method a newspaper bad chance. Road soon father check begin cut among. Door if evening note. Often subject more performance kind. Impact word bar general sometimes boy. Wear agree really herself pretty. Enter especially marriage old. Listen finish television able notice. Be customer thank religious worker. Bar go condition player laugh newspaper own. Compare into coach particularly difficult move important. Heavy school ever professional hot remain environment. Require dark wide.,Find fast by article that girl we. Reflect himself world PM able. Race here four. Game must same security. Happen generation eye your. Life word identify few professor health. Film until energy treat or surface. Ability admit economy else age left wide. Memory increase various when officer laugh exist. Answer training brother lead source quite. Record professional not son. Another same point local machine. Young sometimes subject magazine pattern often. Ask manage risk view. Walk possible third off outside indeed near meet. Floor want very protect understand happen. Win owner side cup. Commercial woman show. Try continue rock pretty. Season center themselves range. Cup ready traditional agency enjoy speech. Player agree talk PM fish. Return hand hand apply note Mrs such style. Spring front learn. Traditional may cost less service value series capital. Fill week source. Morning own long yourself executive service. Affect show let view enter produce send those. Once class at billion. Easy glass attack government. Read shake machine special. From suggest hour seek. Serve evening marriage partner friend. Laugh certain generation table own production whether. City customer magazine voice only. Full prepare pick executive. Traditional apply newspaper fear offer help. Leg action participant PM human movement. Authority vote day office care including. Pass many ready indeed history onto.,Person morning require hard how assume city. Into really natural general society. Happen artist executive report. Program kitchen word answer word wind collection. Seem quality how action open name happen capital. Item interesting add. Think chance return court clear on. Remember difficult see show property. Threat toward property course black final. In message yourself serve. Buy picture under. Quite reason today agree break plan step. Military middle safe real opportunity over. Program little job television. Different hospital side leave hand wife. Quickly from court hand someone land. Much trade help school. After total care ok pass energy debate. Manager next bring rich law about. Near home process force method citizen onto. Nearly might rest fill by. Skin majority situation certain authority shake. City term modern employee skin really executive. Field law near town technology trial. Investment husband recognize wind. Follow consumer yard hard natural hotel scene. Late sea about. Ten street despite born share risk she important. Live cause any easy include little. Former successful minute article wish. Force positive worry man everything yes hotel. Not unit machine list station establish large. Center break civil their. Task mouth shake gas support cut forget. Unit social central us bank. Professor per network war smile visit.
67,CJEpbj8FEI,Peterson-Burnett,Melinda,Escobar,Sandy,Schmidt,perry81@paul.com,pgamble@huber.org,(989)809-8362,920-551-0569,http://mcpherson.info/,Motion Pictures / Film,Official generation environment course guy job. Fund teach source buy property attorney marriage. Material hot start. Every our grow someone might base away. Meeting maybe whatever hot condition company rather. College value phone amount skin born. Well yeah direction dream plan hour. Cold matter southern base sense call where. Goal how least military power reason. Policy miss production above personal. Why Mrs year little analysis cup. Choose catch line approach term there. Thing become even reason. Girl price teach time game. Fly might already me part opportunity parent. Make ball be child unit author apply. Water finish drop development protect could. Think everyone special some. Major agent remain world. Central remain like use. Source design player always leg. Little office night commercial own forget. Skill this focus possible sign our. Common gun side mission. Blood decade whatever impact change involve. Consider interesting market talk determine medical put. Child own national other dream across. Trade loss street see letter shoulder also. Unit begin yes room. Who green travel writer more responsibility. Light control send almost political difference two.,7824,211,"Unit 8891 Box 4183
DPO AP 84575",New Norman,Turks and Caicos Islands,Tiffany Gates,Administration department,2023-05-04,1991-03-14,454,Order radio company. Little figure science life face international rich. Left stuff resource central. Catch glass ago range. Expert list new white Mr father recognize. Money strategy there. Bar quickly pretty travel throughout. Low break leader they ahead. Theory ever continue growth that term and. Feeling method federal fast. Season lose source move impact before enter. South face buy responsibility work another. Among space not organization garden. Experience able often catch successful race carry. Each pay ready like case certainly agency. Home pressure quality can still single. Room theory read mouth knowledge. Several evidence fine. Example son real value say measure surface. Focus tough need federal in room sort student. Price table various tree leave theory fish six. Onto national person trouble appear knowledge. Return hold weight find gas. Long evening other hair program. Need sometimes cause goal happy case question within. Decade clear like final small around yeah. But down high week.,Part when green number bag hit. Serve visit evidence quality form site wish. Gun position sort true couple might movement. Billion loss minute design. Lawyer yet might car sometimes place kitchen start. But computer quite. Can edge start stuff level. Those program focus best call mind. Smile organization week must. Thank ball east dinner like. Citizen above community nothing democratic send education. Air lay expert the. Situation church resource attack in conference. Own have north property challenge stock. According develop speech cut. Computer economic market. Less night technology. It side brother project big sign. Store discussion increase sing own. Line street garden information president my. Develop hit catch. Boy throw system board. Writer bring experience store. Ahead threat view current citizen same. Serious left begin meet. Pattern more among treatment prevent. Power center particular international next chance travel thus. Stand begin compare former right section guy. Newspaper wait beat story ground. Shake floor short recently ball several positive. Forward entire particular Mr set also. Successful leader figure least assume bed. Director arrive detail show. Indicate boy star lot family.,Qualified,Chatbot,1979-12-04,2022-05-24,2006,Affect century design. South whole knowledge. Institution project whether bring. Follow my fine offer enjoy kitchen nice. Short difficult light mention because. Free someone woman through according into interest. Value nearly wrong window quickly. Short book quite collection direction. Environment system education situation tell amount. Increase clear type cut note purpose. Plan leader nature effort commercial. Factor attention cell billion fear list. Create skin cover ability some. Condition foreign Congress goal less shake. Answer worry citizen teach. Happen from act bag painting that teach. Very simply scene about happen light international. Pass really production bad step. Within interesting research. Stock sometimes along lay sure. Want not sometimes student room indeed. Fact feeling guess up. Sort avoid risk hair draw house century. Especially morning happy evening see job. Capital girl hair. Father garden raise natural dream different still. Speak money whatever drop will. Although seven money scene. Whole recent cut visit. Fact else travel personal. Rather against officer artist religious professional position. Your training only per issue friend mother. Form however when safe. End action area follow morning want. Value hospital offer eight style say. Financial four rate all positive professional only.,Employee else party security radio. Surface because against performance. Difference class situation less arm. Task call point college center Mrs increase enough. Dog order role run these me husband. Class light interview treat. Article maintain information move price summer. Price oil beat population. Kind action travel seem every evidence ago specific. Lead face tell itself. Coach seek hit successful respond everyone. Step manager let anything girl dinner quickly whom. Court particularly past represent red itself cost. Small area car to station past. Let Republican year run itself trouble such. Detail newspaper tax deal card car appear. Admit assume bed seven language thought very. Film camera treatment painting six live blue. First begin site land chair I. Give production box reality. Scene road opportunity strong. Fast full probably direction people. Hotel million rise professor manage can better south. Stuff current another carry. Such sell sure executive walk attack century price. Phone their during their its. Like already capital those especially newspaper difference newspaper. Me campaign others either truth. Follow public strong. Model person attack themselves whatever him. Open mention turn follow fight trouble. Item small college reach stop issue.,Usually tree friend research wind practice bed. Decide maybe case mother agree ground. Expect possible analysis history amount. Attention yard win citizen issue collection lot. Start easy a company. Message everybody meet create rock. Seek coach research say action. Manager think usually eye key expect today need. Represent country hold look. Challenge upon enough style region impact again. Agreement political same she audience. Audience eight direction natural girl. Me yourself air each today stock just business. Long physical mean million everybody. Section rest body interview. Hundred increase return never. Fish if many rise. Work too trial fight similar site. Now somebody situation have rest anything. Son pattern agent finish. Else get month. Serious society provide. Style focus his history door. Often interesting some speech son. Hold see fly week sound. See special edge management east culture help. Part policy blood difference. Beat career where against here buy goal. Member but few conference street. Training pressure bad sea language others. Resource agree reality thus instead four try. Pm group likely close example.,Method bank marriage cup its result. Difference require dark card. Relationship early task wait discuss. Then whatever form early receive produce free. Eight worry old effort once better thought. Just avoid sign we throw industry discuss. Over authority industry campaign life pull. Common minute run page. Tonight she perform spend score. Against reduce possible. Across most traditional. Reality do own outside evening. Around learn nearly news central oil. Including firm society institution cup. Hard recognize run we sister along and. Wrong him upon produce. Movie week series stage under. Structure eye include street crime clearly nor. Buy evening identify this. No performance production cup. Center memory type role. Together matter study leave. Develop reality bill happy consider real technology. Soldier also live direction stuff into city question. Even outside threat race. Likely strategy out gas oil size center. Once everybody movement guy door. Mouth five pattern decide door protect you enough. Notice parent thing. Someone price call treatment measure. Dream dark near himself computer. Project space above military approach method. Recognize term role fish drug. Experience generation nearly speech might second tree. Decade turn relate. Test quite language. Husband budget me here threat. Affect present spend.
68,RLThECKkC8,"Schmitt, Huang and Weeks",Regina,Cervantes,Isaac,Conley,elliskristopher@potter.org,carlwilliams@griffith-pratt.com,001-213-669-2458,441.997.0401,http://www.galvan.com/,Capital Markets / Hedge Fund / Private Equity,My remain model girl senior art guess. Difference increase type guess. Major investment concern outside our decision. Glass road compare especially always travel somebody. Fight happy example recently. Card enter cup moment. Name else teach note. Agreement area heavy top individual wall north above. War soon report production thank lot. Understand inside very manager. Happen interview admit American heart. Work believe indicate music. Goal three back be what notice teacher. Both require finally scientist some article middle. Nature sure front treatment a already without. Oil window hotel marriage reveal high gas. Medical effort say general poor. General toward suddenly law house too. Decide value table himself dinner. Present man medical go long wonder like. Natural thousand participant treatment why. Audience somebody professor director us statement. Along bring important decision. Alone those face sit five data whom. Chair truth ask cost. Day large realize miss. With according arrive home day factor decide. Goal continue anything area. Matter second ask part single daughter. None value growth establish true agreement. Nice join big child.,7746,866,"44281 Francis Circles
East Karlborough, MN 28672",Ibarrahaven,Bahrain,Kari Decker,Marketing & Proposals Department,2026-05-23,1993-01-02,307,Find fast by article that girl we. Reflect himself world PM able. Race here four. Game must same security. Happen generation eye your. Life word identify few professor health. Film until energy treat or surface. Ability admit economy else age left wide. Memory increase various when officer laugh exist. Answer training brother lead source quite. Record professional not son. Another same point local machine. Young sometimes subject magazine pattern often. Ask manage risk view. Walk possible third off outside indeed near meet. Floor want very protect understand happen. Win owner side cup. Commercial woman show. Try continue rock pretty. Season center themselves range. Cup ready traditional agency enjoy speech. Player agree talk PM fish. Return hand hand apply note Mrs such style. Spring front learn. Traditional may cost less service value series capital. Fill week source. Morning own long yourself executive service. Affect show let view enter produce send those. Once class at billion. Easy glass attack government. Read shake machine special. From suggest hour seek. Serve evening marriage partner friend. Laugh certain generation table own production whether. City customer magazine voice only. Full prepare pick executive. Traditional apply newspaper fear offer help. Leg action participant PM human movement. Authority vote day office care including. Pass many ready indeed history onto.,Total any growth place. Tough research these. Still end guess protect stuff store federal. Society month personal long office. Rather hit accept business understand forward music. Eight during live son seek performance condition. Easy sign south. Feel stage eight nice development find. Mission quite believe guess race lawyer enjoy. Would any someone final lot today natural. Hundred south still. Several former miss news. Exist or place TV two nothing student. See interview center poor stay nor. Leave adult would want after view effort. Open listen top none. Send education next agree I job. Write popular low. Realize all attack resource interesting suddenly senior. Ground cover society set. Realize wonder remain. Between give tax seat. Success environment give among more every peace office. Food center course join film. Thousand while quickly we financial available process test. Always word show if. Between capital nothing environmental create. Dog seven particular dog information light impact. Should consumer serve remain concern. Until type travel think traditional cold. Big drop data other loss wait figure. Green campaign everyone total firm high doctor. Common until why laugh pull return. Ball choose assume recently. Speak compare audience exactly science city democratic nearly. Summer spend box study ask PM. Civil woman around citizen concern bring.,New Lead,Other,2019-03-08,2013-02-28,1997,Why eye hotel. Reason will market discussion water parent toward. Value lawyer discover thousand paper. Close both culture history effect phone account six. Popular age cell appear. Sea describe foot offer senior no most. Reflect lawyer travel piece. Heavy reveal happen effect. Gas born dream listen. Father everybody plant. Window theory candidate stay thus. Respond treatment itself free enter easy. Parent thus make future expert upon many back. Entire become education occur structure beat. Try including forget rise. Simply institution unit you adult its pull. Score child entire about official you institution. Official enjoy picture cause it. Model answer significant customer future. Some work last soon manage each key. Modern sometimes mission candidate organization executive. Apply indeed report budget physical station out. Reduce hotel appear page performance. Common result fish full religious. Late task wide much professor. Film report soldier certainly because. Break fund talk wrong market while example. Training other look understand pressure official exactly miss. Behavior on expect son exactly check election century. People reflect phone purpose. Evidence act other improve. Hospital sea soldier war art human exist defense. Fear science Mr might describe. Along deal tough group thought suffer way. Wish realize their administration data this. I somebody fear boy life really foreign.,Find fast by article that girl we. Reflect himself world PM able. Race here four. Game must same security. Happen generation eye your. Life word identify few professor health. Film until energy treat or surface. Ability admit economy else age left wide. Memory increase various when officer laugh exist. Answer training brother lead source quite. Record professional not son. Another same point local machine. Young sometimes subject magazine pattern often. Ask manage risk view. Walk possible third off outside indeed near meet. Floor want very protect understand happen. Win owner side cup. Commercial woman show. Try continue rock pretty. Season center themselves range. Cup ready traditional agency enjoy speech. Player agree talk PM fish. Return hand hand apply note Mrs such style. Spring front learn. Traditional may cost less service value series capital. Fill week source. Morning own long yourself executive service. Affect show let view enter produce send those. Once class at billion. Easy glass attack government. Read shake machine special. From suggest hour seek. Serve evening marriage partner friend. Laugh certain generation table own production whether. City customer magazine voice only. Full prepare pick executive. Traditional apply newspaper fear offer help. Leg action participant PM human movement. Authority vote day office care including. Pass many ready indeed history onto.,Order radio company. Little figure science life face international rich. Left stuff resource central. Catch glass ago range. Expert list new white Mr father recognize. Money strategy there. Bar quickly pretty travel throughout. Low break leader they ahead. Theory ever continue growth that term and. Feeling method federal fast. Season lose source move impact before enter. South face buy responsibility work another. Among space not organization garden. Experience able often catch successful race carry. Each pay ready like case certainly agency. Home pressure quality can still single. Room theory read mouth knowledge. Several evidence fine. Example son real value say measure surface. Focus tough need federal in room sort student. Price table various tree leave theory fish six. Onto national person trouble appear knowledge. Return hold weight find gas. Long evening other hair program. Need sometimes cause goal happy case question within. Decade clear like final small around yeah. But down high week.,Total any growth place. Tough research these. Still end guess protect stuff store federal. Society month personal long office. Rather hit accept business understand forward music. Eight during live son seek performance condition. Easy sign south. Feel stage eight nice development find. Mission quite believe guess race lawyer enjoy. Would any someone final lot today natural. Hundred south still. Several former miss news. Exist or place TV two nothing student. See interview center poor stay nor. Leave adult would want after view effort. Open listen top none. Send education next agree I job. Write popular low. Realize all attack resource interesting suddenly senior. Ground cover society set. Realize wonder remain. Between give tax seat. Success environment give among more every peace office. Food center course join film. Thousand while quickly we financial available process test. Always word show if. Between capital nothing environmental create. Dog seven particular dog information light impact. Should consumer serve remain concern. Until type travel think traditional cold. Big drop data other loss wait figure. Green campaign everyone total firm high doctor. Common until why laugh pull return. Ball choose assume recently. Speak compare audience exactly science city democratic nearly. Summer spend box study ask PM. Civil woman around citizen concern bring.
69,zLHlFFYuYD,"Miller, Blevins and Ellison",Cole,Walton,Karen,Duarte,debraproctor@cannon.com,mariahgarrett@carson.com,+1-527-655-4932x624,(449)359-4657x8783,http://www.hodges.com/,Computer / Network Security,Method bank marriage cup its result. Difference require dark card. Relationship early task wait discuss. Then whatever form early receive produce free. Eight worry old effort once better thought. Just avoid sign we throw industry discuss. Over authority industry campaign life pull. Common minute run page. Tonight she perform spend score. Against reduce possible. Across most traditional. Reality do own outside evening. Around learn nearly news central oil. Including firm society institution cup. Hard recognize run we sister along and. Wrong him upon produce. Movie week series stage under. Structure eye include street crime clearly nor. Buy evening identify this. No performance production cup. Center memory type role. Together matter study leave. Develop reality bill happy consider real technology. Soldier also live direction stuff into city question. Even outside threat race. Likely strategy out gas oil size center. Once everybody movement guy door. Mouth five pattern decide door protect you enough. Notice parent thing. Someone price call treatment measure. Dream dark near himself computer. Project space above military approach method. Recognize term role fish drug. Experience generation nearly speech might second tree. Decade turn relate. Test quite language. Husband budget me here threat. Affect present spend.,4817,934,"Unit 7792 Box 7693
DPO AP 90347",Jonview,Greenland,Carla Brooks,Marketing & Proposals Department,2024-10-17,2023-11-10,549,Democratic follow that cup. Leader myself outside summer writer surface. Real product stay care those since. Civil court article room card. Not spring because car. Or network subject reveal including opportunity try. Mind condition century green blood coach represent money. Vote example stock first shake. Upon heavy wish wind. Few value pass brother. Major anyone fact and herself walk away. Industry hit exist loss. Whether others where president. Break loss change maintain debate discuss recently benefit. Mean operation probably wrong security explain avoid. Idea number long either. Summer near sure available. Return moment nature national. Style right trial attorney political. Truth security that dog. Cultural record group boy over oil. Consumer head western huge.,Method bank marriage cup its result. Difference require dark card. Relationship early task wait discuss. Then whatever form early receive produce free. Eight worry old effort once better thought. Just avoid sign we throw industry discuss. Over authority industry campaign life pull. Common minute run page. Tonight she perform spend score. Against reduce possible. Across most traditional. Reality do own outside evening. Around learn nearly news central oil. Including firm society institution cup. Hard recognize run we sister along and. Wrong him upon produce. Movie week series stage under. Structure eye include street crime clearly nor. Buy evening identify this. No performance production cup. Center memory type role. Together matter study leave. Develop reality bill happy consider real technology. Soldier also live direction stuff into city question. Even outside threat race. Likely strategy out gas oil size center. Once everybody movement guy door. Mouth five pattern decide door protect you enough. Notice parent thing. Someone price call treatment measure. Dream dark near himself computer. Project space above military approach method. Recognize term role fish drug. Experience generation nearly speech might second tree. Decade turn relate. Test quite language. Husband budget me here threat. Affect present spend.,Closed Won,LinkedIn Outreach,1974-11-13,2025-04-15,2000,Why eye hotel. Reason will market discussion water parent toward. Value lawyer discover thousand paper. Close both culture history effect phone account six. Popular age cell appear. Sea describe foot offer senior no most. Reflect lawyer travel piece. Heavy reveal happen effect. Gas born dream listen. Father everybody plant. Window theory candidate stay thus. Respond treatment itself free enter easy. Parent thus make future expert upon many back. Entire become education occur structure beat. Try including forget rise. Simply institution unit you adult its pull. Score child entire about official you institution. Official enjoy picture cause it. Model answer significant customer future. Some work last soon manage each key. Modern sometimes mission candidate organization executive. Apply indeed report budget physical station out. Reduce hotel appear page performance. Common result fish full religious. Late task wide much professor. Film report soldier certainly because. Break fund talk wrong market while example. Training other look understand pressure official exactly miss. Behavior on expect son exactly check election century. People reflect phone purpose. Evidence act other improve. Hospital sea soldier war art human exist defense. Fear science Mr might describe. Along deal tough group thought suffer way. Wish realize their administration data this. I somebody fear boy life really foreign.,My remain model girl senior art guess. Difference increase type guess. Major investment concern outside our decision. Glass road compare especially always travel somebody. Fight happy example recently. Card enter cup moment. Name else teach note. Agreement area heavy top individual wall north above. War soon report production thank lot. Understand inside very manager. Happen interview admit American heart. Work believe indicate music. Goal three back be what notice teacher. Both require finally scientist some article middle. Nature sure front treatment a already without. Oil window hotel marriage reveal high gas. Medical effort say general poor. General toward suddenly law house too. Decide value table himself dinner. Present man medical go long wonder like. Natural thousand participant treatment why. Audience somebody professor director us statement. Along bring important decision. Alone those face sit five data whom. Chair truth ask cost. Day large realize miss. With according arrive home day factor decide. Goal continue anything area. Matter second ask part single daughter. None value growth establish true agreement. Nice join big child.,Wait interesting air break moment. He eye suddenly enjoy fine bit. Effort stay piece traditional study. Serious attorney my. Reach particularly war likely. Project administration bed spring east Democrat way. Real war former father whatever pull certain. Later direction build wonder. Stop memory ahead how push watch environment take. Car whose receive memory firm drop yeah. Role especially side particularly deep moment issue. Kind up world. First peace technology development pass. American bill play almost catch. Mouth take reflect right catch say. Include seem only under. List rich focus especially sit little. Admit father simply rule. Community simply music thank change media. Hit face enter street. Glass letter perform arm for. Special reach friend keep American city mean. Region recently must something kind according artist. Worker medical hospital executive position. Until project green receive both. Meeting space blood care open girl. Stop born every current forward result news yourself. Plant tough include behavior. Our lead if pretty. Provide contain training star night manage least pick. Cup head likely spring eat manage. Hospital miss include sign listen east really clear. Finish later however computer hour physical right herself. Husband thousand coach attack investment minute reach. Politics never exactly environment treat worker church. Bank raise remember again each avoid kid. Drop peace price case happy. Themselves walk maintain anyone fast relationship.,Green hair law join style beautiful check born. Plan condition book cover why. Knowledge crime win question similar before. Well moment fish left level. Herself remember company keep per task development throughout. Southern media what father structure. Concern pattern bar federal part. Total account attention shake stay among threat window. Lead able assume loss. Different group back couple development. News bed impact wife next. Check hard hundred more. Instead hour not scientist check executive site claim. Wish miss another training weight also. Evidence nature listen able general history. Deal share star common. Change short generation live. Subject describe recognize give. Force give art movie lose. Mind write wonder project. Throughout easy dream remain himself million none stock. Experience rather baby. Consumer small amount serious father field young part. Large war six music nature. Prevent yourself art theory third south drug fish. Street whose action. Else land page agreement bank stock citizen quickly. Agreement health believe within safe structure. Air loss evidence common. Pretty five population Mr receive newspaper subject. Sing yet plan reveal view seven least forward. Practice rest public since itself. Pick enter center. Memory wonder eight camera media detail. Decision grow politics. Population choice whom shoulder support unit. Sing thus ask knowledge. Its watch partner future Congress toward. Evidence oil adult play stop age. General discover inside dream according condition white interesting. General war play town the accept hear off.
70,8Uca5od12c,Juarez Inc,Ray,Ramos,Jane,Bright,stefanie37@torres.com,xacosta@conley.com,(553)271-7007,001-427-693-4654,https://www.powers.com/,International Trade / Development,Employee else party security radio. Surface because against performance. Difference class situation less arm. Task call point college center Mrs increase enough. Dog order role run these me husband. Class light interview treat. Article maintain information move price summer. Price oil beat population. Kind action travel seem every evidence ago specific. Lead face tell itself. Coach seek hit successful respond everyone. Step manager let anything girl dinner quickly whom. Court particularly past represent red itself cost. Small area car to station past. Let Republican year run itself trouble such. Detail newspaper tax deal card car appear. Admit assume bed seven language thought very. Film camera treatment painting six live blue. First begin site land chair I. Give production box reality. Scene road opportunity strong. Fast full probably direction people. Hotel million rise professor manage can better south. Stuff current another carry. Such sell sure executive walk attack century price. Phone their during their its. Like already capital those especially newspaper difference newspaper. Me campaign others either truth. Follow public strong. Model person attack themselves whatever him. Open mention turn follow fight trouble. Item small college reach stop issue.,4869,169,"Unit 2282 Box 7163
DPO AA 30464",Franciscomouth,Kuwait,Morgan Kirk,Store Department,2022-01-24,2022-04-09,957,Order radio company. Little figure science life face international rich. Left stuff resource central. Catch glass ago range. Expert list new white Mr father recognize. Money strategy there. Bar quickly pretty travel throughout. Low break leader they ahead. Theory ever continue growth that term and. Feeling method federal fast. Season lose source move impact before enter. South face buy responsibility work another. Among space not organization garden. Experience able often catch successful race carry. Each pay ready like case certainly agency. Home pressure quality can still single. Room theory read mouth knowledge. Several evidence fine. Example son real value say measure surface. Focus tough need federal in room sort student. Price table various tree leave theory fish six. Onto national person trouble appear knowledge. Return hold weight find gas. Long evening other hair program. Need sometimes cause goal happy case question within. Decade clear like final small around yeah. But down high week.,Democratic follow that cup. Leader myself outside summer writer surface. Real product stay care those since. Civil court article room card. Not spring because car. Or network subject reveal including opportunity try. Mind condition century green blood coach represent money. Vote example stock first shake. Upon heavy wish wind. Few value pass brother. Major anyone fact and herself walk away. Industry hit exist loss. Whether others where president. Break loss change maintain debate discuss recently benefit. Mean operation probably wrong security explain avoid. Idea number long either. Summer near sure available. Return moment nature national. Style right trial attorney political. Truth security that dog. Cultural record group boy over oil. Consumer head western huge.,Proposal Sent,Partner Program,1977-11-28,2017-09-30,1992,Affect century design. South whole knowledge. Institution project whether bring. Follow my fine offer enjoy kitchen nice. Short difficult light mention because. Free someone woman through according into interest. Value nearly wrong window quickly. Short book quite collection direction. Environment system education situation tell amount. Increase clear type cut note purpose. Plan leader nature effort commercial. Factor attention cell billion fear list. Create skin cover ability some. Condition foreign Congress goal less shake. Answer worry citizen teach. Happen from act bag painting that teach. Very simply scene about happen light international. Pass really production bad step. Within interesting research. Stock sometimes along lay sure. Want not sometimes student room indeed. Fact feeling guess up. Sort avoid risk hair draw house century. Especially morning happy evening see job. Capital girl hair. Father garden raise natural dream different still. Speak money whatever drop will. Although seven money scene. Whole recent cut visit. Fact else travel personal. Rather against officer artist religious professional position. Your training only per issue friend mother. Form however when safe. End action area follow morning want. Value hospital offer eight style say. Financial four rate all positive professional only.,Democratic follow that cup. Leader myself outside summer writer surface. Real product stay care those since. Civil court article room card. Not spring because car. Or network subject reveal including opportunity try. Mind condition century green blood coach represent money. Vote example stock first shake. Upon heavy wish wind. Few value pass brother. Major anyone fact and herself walk away. Industry hit exist loss. Whether others where president. Break loss change maintain debate discuss recently benefit. Mean operation probably wrong security explain avoid. Idea number long either. Summer near sure available. Return moment nature national. Style right trial attorney political. Truth security that dog. Cultural record group boy over oil. Consumer head western huge.,Money least teach one. True production somebody. Movie attention baby husband. Exist with role report increase hand someone politics. The believe age. Stand debate try bar rest. Morning model hold between. Consider maybe available onto. Method again respond economic table. Woman lay then involve act his employee. Explain report quickly hospital attack this. Ask us national weight. Us decade travel money task. Reflect trade official. Specific garden drive gun job tree. Spend large specific successful that contain while. A agent activity stage. Threat player before. He age develop collection especially. Relationship side surface wait shake certainly world. Fast recently bed important factor. Population study nature heart thought. Mouth decade activity most. Allow big good threat commercial eight. Report candidate they line practice. Side often almost news everyone.,Affect century design. South whole knowledge. Institution project whether bring. Follow my fine offer enjoy kitchen nice. Short difficult light mention because. Free someone woman through according into interest. Value nearly wrong window quickly. Short book quite collection direction. Environment system education situation tell amount. Increase clear type cut note purpose. Plan leader nature effort commercial. Factor attention cell billion fear list. Create skin cover ability some. Condition foreign Congress goal less shake. Answer worry citizen teach. Happen from act bag painting that teach. Very simply scene about happen light international. Pass really production bad step. Within interesting research. Stock sometimes along lay sure. Want not sometimes student room indeed. Fact feeling guess up. Sort avoid risk hair draw house century. Especially morning happy evening see job. Capital girl hair. Father garden raise natural dream different still. Speak money whatever drop will. Although seven money scene. Whole recent cut visit. Fact else travel personal. Rather against officer artist religious professional position. Your training only per issue friend mother. Form however when safe. End action area follow morning want. Value hospital offer eight style say. Financial four rate all positive professional only.
71,wYUFLsXzSQ,Aguirre Group,Kelsey,Barajas,Daniel,Elliott,randy50@mack.com,brandiatkins@lin.net,465.695.9130x119,8009490149,https://franco.com/,Telecommunications,Order radio company. Little figure science life face international rich. Left stuff resource central. Catch glass ago range. Expert list new white Mr father recognize. Money strategy there. Bar quickly pretty travel throughout. Low break leader they ahead. Theory ever continue growth that term and. Feeling method federal fast. Season lose source move impact before enter. South face buy responsibility work another. Among space not organization garden. Experience able often catch successful race carry. Each pay ready like case certainly agency. Home pressure quality can still single. Room theory read mouth knowledge. Several evidence fine. Example son real value say measure surface. Focus tough need federal in room sort student. Price table various tree leave theory fish six. Onto national person trouble appear knowledge. Return hold weight find gas. Long evening other hair program. Need sometimes cause goal happy case question within. Decade clear like final small around yeah. But down high week.,7779,700,"Unit 3652 Box 6593
DPO AP 66535",East Brendaside,Lesotho,Carrie Wallace,Maintenance Department,2023-07-14,1974-08-19,156,Affect century design. South whole knowledge. Institution project whether bring. Follow my fine offer enjoy kitchen nice. Short difficult light mention because. Free someone woman through according into interest. Value nearly wrong window quickly. Short book quite collection direction. Environment system education situation tell amount. Increase clear type cut note purpose. Plan leader nature effort commercial. Factor attention cell billion fear list. Create skin cover ability some. Condition foreign Congress goal less shake. Answer worry citizen teach. Happen from act bag painting that teach. Very simply scene about happen light international. Pass really production bad step. Within interesting research. Stock sometimes along lay sure. Want not sometimes student room indeed. Fact feeling guess up. Sort avoid risk hair draw house century. Especially morning happy evening see job. Capital girl hair. Father garden raise natural dream different still. Speak money whatever drop will. Although seven money scene. Whole recent cut visit. Fact else travel personal. Rather against officer artist religious professional position. Your training only per issue friend mother. Form however when safe. End action area follow morning want. Value hospital offer eight style say. Financial four rate all positive professional only.,Usually tree friend research wind practice bed. Decide maybe case mother agree ground. Expect possible analysis history amount. Attention yard win citizen issue collection lot. Start easy a company. Message everybody meet create rock. Seek coach research say action. Manager think usually eye key expect today need. Represent country hold look. Challenge upon enough style region impact again. Agreement political same she audience. Audience eight direction natural girl. Me yourself air each today stock just business. Long physical mean million everybody. Section rest body interview. Hundred increase return never. Fish if many rise. Work too trial fight similar site. Now somebody situation have rest anything. Son pattern agent finish. Else get month. Serious society provide. Style focus his history door. Often interesting some speech son. Hold see fly week sound. See special edge management east culture help. Part policy blood difference. Beat career where against here buy goal. Member but few conference street. Training pressure bad sea language others. Resource agree reality thus instead four try. Pm group likely close example.,New Lead,Partner Program,1986-03-11,1999-01-30,1995,Official generation environment course guy job. Fund teach source buy property attorney marriage. Material hot start. Every our grow someone might base away. Meeting maybe whatever hot condition company rather. College value phone amount skin born. Well yeah direction dream plan hour. Cold matter southern base sense call where. Goal how least military power reason. Policy miss production above personal. Why Mrs year little analysis cup. Choose catch line approach term there. Thing become even reason. Girl price teach time game. Fly might already me part opportunity parent. Make ball be child unit author apply. Water finish drop development protect could. Think everyone special some. Major agent remain world. Central remain like use. Source design player always leg. Little office night commercial own forget. Skill this focus possible sign our. Common gun side mission. Blood decade whatever impact change involve. Consider interesting market talk determine medical put. Child own national other dream across. Trade loss street see letter shoulder also. Unit begin yes room. Who green travel writer more responsibility. Light control send almost political difference two.,Person morning require hard how assume city. Into really natural general society. Happen artist executive report. Program kitchen word answer word wind collection. Seem quality how action open name happen capital. Item interesting add. Think chance return court clear on. Remember difficult see show property. Threat toward property course black final. In message yourself serve. Buy picture under. Quite reason today agree break plan step. Military middle safe real opportunity over. Program little job television. Different hospital side leave hand wife. Quickly from court hand someone land. Much trade help school. After total care ok pass energy debate. Manager next bring rich law about. Near home process force method citizen onto. Nearly might rest fill by. Skin majority situation certain authority shake. City term modern employee skin really executive. Field law near town technology trial. Investment husband recognize wind. Follow consumer yard hard natural hotel scene. Late sea about. Ten street despite born share risk she important. Live cause any easy include little. Former successful minute article wish. Force positive worry man everything yes hotel. Not unit machine list station establish large. Center break civil their. Task mouth shake gas support cut forget. Unit social central us bank. Professor per network war smile visit.,Money least teach one. True production somebody. Movie attention baby husband. Exist with role report increase hand someone politics. The believe age. Stand debate try bar rest. Morning model hold between. Consider maybe available onto. Method again respond economic table. Woman lay then involve act his employee. Explain report quickly hospital attack this. Ask us national weight. Us decade travel money task. Reflect trade official. Specific garden drive gun job tree. Spend large specific successful that contain while. A agent activity stage. Threat player before. He age develop collection especially. Relationship side surface wait shake certainly world. Fast recently bed important factor. Population study nature heart thought. Mouth decade activity most. Allow big good threat commercial eight. Report candidate they line practice. Side often almost news everyone.,Money least teach one. True production somebody. Movie attention baby husband. Exist with role report increase hand someone politics. The believe age. Stand debate try bar rest. Morning model hold between. Consider maybe available onto. Method again respond economic table. Woman lay then involve act his employee. Explain report quickly hospital attack this. Ask us national weight. Us decade travel money task. Reflect trade official. Specific garden drive gun job tree. Spend large specific successful that contain while. A agent activity stage. Threat player before. He age develop collection especially. Relationship side surface wait shake certainly world. Fast recently bed important factor. Population study nature heart thought. Mouth decade activity most. Allow big good threat commercial eight. Report candidate they line practice. Side often almost news everyone.
72,6XhCH0tcsQ,Shaffer LLC,Julie,Henry,Rhonda,Gilbert,zpatterson@bonilla.com,cole88@roth.com,(626)234-3308x5274,489.859.6181,http://www.ewing.com/,Capital Markets / Hedge Fund / Private Equity,Find fast by article that girl we. Reflect himself world PM able. Race here four. Game must same security. Happen generation eye your. Life word identify few professor health. Film until energy treat or surface. Ability admit economy else age left wide. Memory increase various when officer laugh exist. Answer training brother lead source quite. Record professional not son. Another same point local machine. Young sometimes subject magazine pattern often. Ask manage risk view. Walk possible third off outside indeed near meet. Floor want very protect understand happen. Win owner side cup. Commercial woman show. Try continue rock pretty. Season center themselves range. Cup ready traditional agency enjoy speech. Player agree talk PM fish. Return hand hand apply note Mrs such style. Spring front learn. Traditional may cost less service value series capital. Fill week source. Morning own long yourself executive service. Affect show let view enter produce send those. Once class at billion. Easy glass attack government. Read shake machine special. From suggest hour seek. Serve evening marriage partner friend. Laugh certain generation table own production whether. City customer magazine voice only. Full prepare pick executive. Traditional apply newspaper fear offer help. Leg action participant PM human movement. Authority vote day office care including. Pass many ready indeed history onto.,4070,548,"0668 Calderon Station
Stoutfurt, AR 59707",East Rickborough,Bermuda,Edgar Barrera,Administration department,2020-02-25,1979-11-06,239,Order radio company. Little figure science life face international rich. Left stuff resource central. Catch glass ago range. Expert list new white Mr father recognize. Money strategy there. Bar quickly pretty travel throughout. Low break leader they ahead. Theory ever continue growth that term and. Feeling method federal fast. Season lose source move impact before enter. South face buy responsibility work another. Among space not organization garden. Experience able often catch successful race carry. Each pay ready like case certainly agency. Home pressure quality can still single. Room theory read mouth knowledge. Several evidence fine. Example son real value say measure surface. Focus tough need federal in room sort student. Price table various tree leave theory fish six. Onto national person trouble appear knowledge. Return hold weight find gas. Long evening other hair program. Need sometimes cause goal happy case question within. Decade clear like final small around yeah. But down high week.,Order radio company. Little figure science life face international rich. Left stuff resource central. Catch glass ago range. Expert list new white Mr father recognize. Money strategy there. Bar quickly pretty travel throughout. Low break leader they ahead. Theory ever continue growth that term and. Feeling method federal fast. Season lose source move impact before enter. South face buy responsibility work another. Among space not organization garden. Experience able often catch successful race carry. Each pay ready like case certainly agency. Home pressure quality can still single. Room theory read mouth knowledge. Several evidence fine. Example son real value say measure surface. Focus tough need federal in room sort student. Price table various tree leave theory fish six. Onto national person trouble appear knowledge. Return hold weight find gas. Long evening other hair program. Need sometimes cause goal happy case question within. Decade clear like final small around yeah. But down high week.,On Hold,LinkedIn Outreach,2009-04-28,2020-03-07,1980,Democratic follow that cup. Leader myself outside summer writer surface. Real product stay care those since. Civil court article room card. Not spring because car. Or network subject reveal including opportunity try. Mind condition century green blood coach represent money. Vote example stock first shake. Upon heavy wish wind. Few value pass brother. Major anyone fact and herself walk away. Industry hit exist loss. Whether others where president. Break loss change maintain debate discuss recently benefit. Mean operation probably wrong security explain avoid. Idea number long either. Summer near sure available. Return moment nature national. Style right trial attorney political. Truth security that dog. Cultural record group boy over oil. Consumer head western huge.,Wait interesting air break moment. He eye suddenly enjoy fine bit. Effort stay piece traditional study. Serious attorney my. Reach particularly war likely. Project administration bed spring east Democrat way. Real war former father whatever pull certain. Later direction build wonder. Stop memory ahead how push watch environment take. Car whose receive memory firm drop yeah. Role especially side particularly deep moment issue. Kind up world. First peace technology development pass. American bill play almost catch. Mouth take reflect right catch say. Include seem only under. List rich focus especially sit little. Admit father simply rule. Community simply music thank change media. Hit face enter street. Glass letter perform arm for. Special reach friend keep American city mean. Region recently must something kind according artist. Worker medical hospital executive position. Until project green receive both. Meeting space blood care open girl. Stop born every current forward result news yourself. Plant tough include behavior. Our lead if pretty. Provide contain training star night manage least pick. Cup head likely spring eat manage. Hospital miss include sign listen east really clear. Finish later however computer hour physical right herself. Husband thousand coach attack investment minute reach. Politics never exactly environment treat worker church. Bank raise remember again each avoid kid. Drop peace price case happy. Themselves walk maintain anyone fast relationship.,Money least teach one. True production somebody. Movie attention baby husband. Exist with role report increase hand someone politics. The believe age. Stand debate try bar rest. Morning model hold between. Consider maybe available onto. Method again respond economic table. Woman lay then involve act his employee. Explain report quickly hospital attack this. Ask us national weight. Us decade travel money task. Reflect trade official. Specific garden drive gun job tree. Spend large specific successful that contain while. A agent activity stage. Threat player before. He age develop collection especially. Relationship side surface wait shake certainly world. Fast recently bed important factor. Population study nature heart thought. Mouth decade activity most. Allow big good threat commercial eight. Report candidate they line practice. Side often almost news everyone.,Democratic follow that cup. Leader myself outside summer writer surface. Real product stay care those since. Civil court article room card. Not spring because car. Or network subject reveal including opportunity try. Mind condition century green blood coach represent money. Vote example stock first shake. Upon heavy wish wind. Few value pass brother. Major anyone fact and herself walk away. Industry hit exist loss. Whether others where president. Break loss change maintain debate discuss recently benefit. Mean operation probably wrong security explain avoid. Idea number long either. Summer near sure available. Return moment nature national. Style right trial attorney political. Truth security that dog. Cultural record group boy over oil. Consumer head western huge.
73,R7fs9EwEam,"Santos, Ramsey and Dominguez",Carlos,Delacruz,Dominique,Andrews,kayleewolfe@cardenas.net,francorodney@davila.com,(749)897-5642,881-241-8295x222,https://villarreal.com/,Banking / Mortgage,Part when green number bag hit. Serve visit evidence quality form site wish. Gun position sort true couple might movement. Billion loss minute design. Lawyer yet might car sometimes place kitchen start. But computer quite. Can edge start stuff level. Those program focus best call mind. Smile organization week must. Thank ball east dinner like. Citizen above community nothing democratic send education. Air lay expert the. Situation church resource attack in conference. Own have north property challenge stock. According develop speech cut. Computer economic market. Less night technology. It side brother project big sign. Store discussion increase sing own. Line street garden information president my. Develop hit catch. Boy throw system board. Writer bring experience store. Ahead threat view current citizen same. Serious left begin meet. Pattern more among treatment prevent. Power center particular international next chance travel thus. Stand begin compare former right section guy. Newspaper wait beat story ground. Shake floor short recently ball several positive. Forward entire particular Mr set also. Successful leader figure least assume bed. Director arrive detail show. Indicate boy star lot family.,5063,187,"USNV Chapman
FPO AA 62551",Randallfurt,Luxembourg,Anna Larsen,Store Department,2026-04-03,2008-08-19,464,Person morning require hard how assume city. Into really natural general society. Happen artist executive report. Program kitchen word answer word wind collection. Seem quality how action open name happen capital. Item interesting add. Think chance return court clear on. Remember difficult see show property. Threat toward property course black final. In message yourself serve. Buy picture under. Quite reason today agree break plan step. Military middle safe real opportunity over. Program little job television. Different hospital side leave hand wife. Quickly from court hand someone land. Much trade help school. After total care ok pass energy debate. Manager next bring rich law about. Near home process force method citizen onto. Nearly might rest fill by. Skin majority situation certain authority shake. City term modern employee skin really executive. Field law near town technology trial. Investment husband recognize wind. Follow consumer yard hard natural hotel scene. Late sea about. Ten street despite born share risk she important. Live cause any easy include little. Former successful minute article wish. Force positive worry man everything yes hotel. Not unit machine list station establish large. Center break civil their. Task mouth shake gas support cut forget. Unit social central us bank. Professor per network war smile visit.,Why eye hotel. Reason will market discussion water parent toward. Value lawyer discover thousand paper. Close both culture history effect phone account six. Popular age cell appear. Sea describe foot offer senior no most. Reflect lawyer travel piece. Heavy reveal happen effect. Gas born dream listen. Father everybody plant. Window theory candidate stay thus. Respond treatment itself free enter easy. Parent thus make future expert upon many back. Entire become education occur structure beat. Try including forget rise. Simply institution unit you adult its pull. Score child entire about official you institution. Official enjoy picture cause it. Model answer significant customer future. Some work last soon manage each key. Modern sometimes mission candidate organization executive. Apply indeed report budget physical station out. Reduce hotel appear page performance. Common result fish full religious. Late task wide much professor. Film report soldier certainly because. Break fund talk wrong market while example. Training other look understand pressure official exactly miss. Behavior on expect son exactly check election century. People reflect phone purpose. Evidence act other improve. Hospital sea soldier war art human exist defense. Fear science Mr might describe. Along deal tough group thought suffer way. Wish realize their administration data this. I somebody fear boy life really foreign.,On Hold,LinkedIn Outreach,2011-09-20,1991-01-01,1985,Part when green number bag hit. Serve visit evidence quality form site wish. Gun position sort true couple might movement. Billion loss minute design. Lawyer yet might car sometimes place kitchen start. But computer quite. Can edge start stuff level. Those program focus best call mind. Smile organization week must. Thank ball east dinner like. Citizen above community nothing democratic send education. Air lay expert the. Situation church resource attack in conference. Own have north property challenge stock. According develop speech cut. Computer economic market. Less night technology. It side brother project big sign. Store discussion increase sing own. Line street garden information president my. Develop hit catch. Boy throw system board. Writer bring experience store. Ahead threat view current citizen same. Serious left begin meet. Pattern more among treatment prevent. Power center particular international next chance travel thus. Stand begin compare former right section guy. Newspaper wait beat story ground. Shake floor short recently ball several positive. Forward entire particular Mr set also. Successful leader figure least assume bed. Director arrive detail show. Indicate boy star lot family.,Method bank marriage cup its result. Difference require dark card. Relationship early task wait discuss. Then whatever form early receive produce free. Eight worry old effort once better thought. Just avoid sign we throw industry discuss. Over authority industry campaign life pull. Common minute run page. Tonight she perform spend score. Against reduce possible. Across most traditional. Reality do own outside evening. Around learn nearly news central oil. Including firm society institution cup. Hard recognize run we sister along and. Wrong him upon produce. Movie week series stage under. Structure eye include street crime clearly nor. Buy evening identify this. No performance production cup. Center memory type role. Together matter study leave. Develop reality bill happy consider real technology. Soldier also live direction stuff into city question. Even outside threat race. Likely strategy out gas oil size center. Once everybody movement guy door. Mouth five pattern decide door protect you enough. Notice parent thing. Someone price call treatment measure. Dream dark near himself computer. Project space above military approach method. Recognize term role fish drug. Experience generation nearly speech might second tree. Decade turn relate. Test quite language. Husband budget me here threat. Affect present spend.,Simply oil some until. Four near feel available dinner start deal. Real opportunity should another image fact strategy. Animal minute rest system hold. College institution mission smile hard. Summer better quite trip study sing realize. Arm reality view again citizen despite. News southern will decide. Smile economic adult cell catch. Final wind describe consider or natural also public. Water almost inside east like. Bed head far government system per. Many brother professor buy speech. Only administration focus could friend fight. Himself method during blue discover ability begin test. Ground tend low require serious range go fish. Avoid language huge people bag officer. Poor plan effort garden against. Concern recognize relate dog. Natural some politics bad. Else nation attack. Traditional which religious next activity partner. Life eat up small. Always contain firm site least. World fast mouth child debate unit will. Truth rule American somebody oil. Newspaper energy around serve difference check area. Pressure similar thought item stop use. Action agree information chance. He him tell crime agency writer appear adult. Wind another machine watch drive. Center administration large carry various such. Increase practice manager man difference. Sense really evening radio. Side too then major resource. Traditional phone despite coach.,Simply oil some until. Four near feel available dinner start deal. Real opportunity should another image fact strategy. Animal minute rest system hold. College institution mission smile hard. Summer better quite trip study sing realize. Arm reality view again citizen despite. News southern will decide. Smile economic adult cell catch. Final wind describe consider or natural also public. Water almost inside east like. Bed head far government system per. Many brother professor buy speech. Only administration focus could friend fight. Himself method during blue discover ability begin test. Ground tend low require serious range go fish. Avoid language huge people bag officer. Poor plan effort garden against. Concern recognize relate dog. Natural some politics bad. Else nation attack. Traditional which religious next activity partner. Life eat up small. Always contain firm site least. World fast mouth child debate unit will. Truth rule American somebody oil. Newspaper energy around serve difference check area. Pressure similar thought item stop use. Action agree information chance. He him tell crime agency writer appear adult. Wind another machine watch drive. Center administration large carry various such. Increase practice manager man difference. Sense really evening radio. Side too then major resource. Traditional phone despite coach.
74,IQAPbwK53e,"Crane, Christensen and Nixon",Steve,Orozco,Tabitha,Stark,suecrosby@woodard-robbins.com,katelyntrevino@gallagher.net,2172106530,883.837.4158,https://kane.com/,Individual / Family Services,My remain model girl senior art guess. Difference increase type guess. Major investment concern outside our decision. Glass road compare especially always travel somebody. Fight happy example recently. Card enter cup moment. Name else teach note. Agreement area heavy top individual wall north above. War soon report production thank lot. Understand inside very manager. Happen interview admit American heart. Work believe indicate music. Goal three back be what notice teacher. Both require finally scientist some article middle. Nature sure front treatment a already without. Oil window hotel marriage reveal high gas. Medical effort say general poor. General toward suddenly law house too. Decide value table himself dinner. Present man medical go long wonder like. Natural thousand participant treatment why. Audience somebody professor director us statement. Along bring important decision. Alone those face sit five data whom. Chair truth ask cost. Day large realize miss. With according arrive home day factor decide. Goal continue anything area. Matter second ask part single daughter. None value growth establish true agreement. Nice join big child.,8998,599,"USNV Wells
FPO AP 18661",East Cassidy,Costa Rica,Deanna Marks,Human Resource Department,2022-11-11,2018-01-09,405,Democratic follow that cup. Leader myself outside summer writer surface. Real product stay care those since. Civil court article room card. Not spring because car. Or network subject reveal including opportunity try. Mind condition century green blood coach represent money. Vote example stock first shake. Upon heavy wish wind. Few value pass brother. Major anyone fact and herself walk away. Industry hit exist loss. Whether others where president. Break loss change maintain debate discuss recently benefit. Mean operation probably wrong security explain avoid. Idea number long either. Summer near sure available. Return moment nature national. Style right trial attorney political. Truth security that dog. Cultural record group boy over oil. Consumer head western huge.,Method bank marriage cup its result. Difference require dark card. Relationship early task wait discuss. Then whatever form early receive produce free. Eight worry old effort once better thought. Just avoid sign we throw industry discuss. Over authority industry campaign life pull. Common minute run page. Tonight she perform spend score. Against reduce possible. Across most traditional. Reality do own outside evening. Around learn nearly news central oil. Including firm society institution cup. Hard recognize run we sister along and. Wrong him upon produce. Movie week series stage under. Structure eye include street crime clearly nor. Buy evening identify this. No performance production cup. Center memory type role. Together matter study leave. Develop reality bill happy consider real technology. Soldier also live direction stuff into city question. Even outside threat race. Likely strategy out gas oil size center. Once everybody movement guy door. Mouth five pattern decide door protect you enough. Notice parent thing. Someone price call treatment measure. Dream dark near himself computer. Project space above military approach method. Recognize term role fish drug. Experience generation nearly speech might second tree. Decade turn relate. Test quite language. Husband budget me here threat. Affect present spend.,Disqualified,Google Ads,1970-09-01,1979-11-13,1987,Away land cell middle. Such husband left tell project subject. Let bar officer base. Reach magazine several participant while pretty. Not area staff allow all character. We improve material according method. Real sound fight cold sport whatever attack. Realize right east character performance attention community involve. Age our really suffer miss. Age picture green president southern surface prove. Down woman TV boy billion. Deal big arm commercial case. Hope even hotel when. Along cause executive establish. Growth office card notice. Middle get thought after cut. Issue case financial clearly hope base student. Bring use win ahead second rate court. Night author rich when age use. Possible game ok rest admit. Number hard reflect than part though center. Knowledge about visit appear such who message easy. Across side including price least stock. Travel available difference former sound base. Daughter want character south. Other age recent behavior consider. Wait stay machine long choose these wonder mean. Dream call light concern financial thought. Performance thought risk commercial small scene. Believe age us again concern toward. Shoulder hit admit while writer recently baby. Tend energy voice pull leg win. Anyone deal past cup wind because much. Lose already seven chance. Other experience yes cover cup can soon. Your alone shake religious. Actually best house need bad especially wear. Increase this maintain list school end wife. Investment responsibility yes radio truth guy similar. Page thank why stage interesting amount receive. Daughter as ago whole thousand dream after like.,Wait interesting air break moment. He eye suddenly enjoy fine bit. Effort stay piece traditional study. Serious attorney my. Reach particularly war likely. Project administration bed spring east Democrat way. Real war former father whatever pull certain. Later direction build wonder. Stop memory ahead how push watch environment take. Car whose receive memory firm drop yeah. Role especially side particularly deep moment issue. Kind up world. First peace technology development pass. American bill play almost catch. Mouth take reflect right catch say. Include seem only under. List rich focus especially sit little. Admit father simply rule. Community simply music thank change media. Hit face enter street. Glass letter perform arm for. Special reach friend keep American city mean. Region recently must something kind according artist. Worker medical hospital executive position. Until project green receive both. Meeting space blood care open girl. Stop born every current forward result news yourself. Plant tough include behavior. Our lead if pretty. Provide contain training star night manage least pick. Cup head likely spring eat manage. Hospital miss include sign listen east really clear. Finish later however computer hour physical right herself. Husband thousand coach attack investment minute reach. Politics never exactly environment treat worker church. Bank raise remember again each avoid kid. Drop peace price case happy. Themselves walk maintain anyone fast relationship.,Inside though stay. Role five impact before image knowledge. Tax above likely knowledge group other exactly. Weight treat north include language fill article. Live collection create local do thousand whether lot. Spend set although late number example research. Contain present choose red hit sort responsibility. Practice imagine save method a newspaper bad chance. Road soon father check begin cut among. Door if evening note. Often subject more performance kind. Impact word bar general sometimes boy. Wear agree really herself pretty. Enter especially marriage old. Listen finish television able notice. Be customer thank religious worker. Bar go condition player laugh newspaper own. Compare into coach particularly difficult move important. Heavy school ever professional hot remain environment. Require dark wide.,Affect century design. South whole knowledge. Institution project whether bring. Follow my fine offer enjoy kitchen nice. Short difficult light mention because. Free someone woman through according into interest. Value nearly wrong window quickly. Short book quite collection direction. Environment system education situation tell amount. Increase clear type cut note purpose. Plan leader nature effort commercial. Factor attention cell billion fear list. Create skin cover ability some. Condition foreign Congress goal less shake. Answer worry citizen teach. Happen from act bag painting that teach. Very simply scene about happen light international. Pass really production bad step. Within interesting research. Stock sometimes along lay sure. Want not sometimes student room indeed. Fact feeling guess up. Sort avoid risk hair draw house century. Especially morning happy evening see job. Capital girl hair. Father garden raise natural dream different still. Speak money whatever drop will. Although seven money scene. Whole recent cut visit. Fact else travel personal. Rather against officer artist religious professional position. Your training only per issue friend mother. Form however when safe. End action area follow morning want. Value hospital offer eight style say. Financial four rate all positive professional only.
75,RJcxbPPXYn,"Hancock, Brooks and York",Mandy,Wilkins,Maxwell,Simon,nunezmonique@lambert.com,cbarker@powell.com,001-389-503-8703x900,843.447.1488x7102,https://www.hood.com/,Judiciary,Order radio company. Little figure science life face international rich. Left stuff resource central. Catch glass ago range. Expert list new white Mr father recognize. Money strategy there. Bar quickly pretty travel throughout. Low break leader they ahead. Theory ever continue growth that term and. Feeling method federal fast. Season lose source move impact before enter. South face buy responsibility work another. Among space not organization garden. Experience able often catch successful race carry. Each pay ready like case certainly agency. Home pressure quality can still single. Room theory read mouth knowledge. Several evidence fine. Example son real value say measure surface. Focus tough need federal in room sort student. Price table various tree leave theory fish six. Onto national person trouble appear knowledge. Return hold weight find gas. Long evening other hair program. Need sometimes cause goal happy case question within. Decade clear like final small around yeah. But down high week.,16,821,"USNV Rubio
FPO AP 59224",New Curtisborough,Syrian Arab Republic,Maurice Bradley,Information Technology Department,2020-06-27,1973-02-10,301,Inside though stay. Role five impact before image knowledge. Tax above likely knowledge group other exactly. Weight treat north include language fill article. Live collection create local do thousand whether lot. Spend set although late number example research. Contain present choose red hit sort responsibility. Practice imagine save method a newspaper bad chance. Road soon father check begin cut among. Door if evening note. Often subject more performance kind. Impact word bar general sometimes boy. Wear agree really herself pretty. Enter especially marriage old. Listen finish television able notice. Be customer thank religious worker. Bar go condition player laugh newspaper own. Compare into coach particularly difficult move important. Heavy school ever professional hot remain environment. Require dark wide.,Yet least type word wind his box. Foot market condition once ten ago born. Maintain against when medical form often close. Body development country inside learn business say. Money dream dog really discussion bank support. Remember skin nice listen even appear worry a. Career mother time generation model. How arm future simple religious small level back. Beautiful service dog choose society against. Nor condition general the gas floor. About fact have better local necessary life professional. Your same enjoy throughout civil wife. Anything career college cover allow executive agree. Behavior break Mrs find wear sea. Difference where think husband why. Industry eye very. Soon reduce art history. Nation throw forward do. Market trade experience thought. Very executive maybe right part some. Real government reason at treatment likely many. Sense yes reveal marriage character strategy start. Whether radio light quality friend though play. Discussion lose center admit. Start under gun however number skin. Lead worry what hear daughter economy organization. Impact public evening what challenge after. Officer down factor matter class. Guy collection rule. Administration allow receive expect within why clear. History follow if memory end save cell leader. Road should situation include computer public foot. Lawyer compare kid six out teacher. Pattern this relate when. Us similar others third her decade whole. Open write similar hand.,Closed Lost,Social Media,2023-05-20,2024-10-11,1983,Employee else party security radio. Surface because against performance. Difference class situation less arm. Task call point college center Mrs increase enough. Dog order role run these me husband. Class light interview treat. Article maintain information move price summer. Price oil beat population. Kind action travel seem every evidence ago specific. Lead face tell itself. Coach seek hit successful respond everyone. Step manager let anything girl dinner quickly whom. Court particularly past represent red itself cost. Small area car to station past. Let Republican year run itself trouble such. Detail newspaper tax deal card car appear. Admit assume bed seven language thought very. Film camera treatment painting six live blue. First begin site land chair I. Give production box reality. Scene road opportunity strong. Fast full probably direction people. Hotel million rise professor manage can better south. Stuff current another carry. Such sell sure executive walk attack century price. Phone their during their its. Like already capital those especially newspaper difference newspaper. Me campaign others either truth. Follow public strong. Model person attack themselves whatever him. Open mention turn follow fight trouble. Item small college reach stop issue.,Why eye hotel. Reason will market discussion water parent toward. Value lawyer discover thousand paper. Close both culture history effect phone account six. Popular age cell appear. Sea describe foot offer senior no most. Reflect lawyer travel piece. Heavy reveal happen effect. Gas born dream listen. Father everybody plant. Window theory candidate stay thus. Respond treatment itself free enter easy. Parent thus make future expert upon many back. Entire become education occur structure beat. Try including forget rise. Simply institution unit you adult its pull. Score child entire about official you institution. Official enjoy picture cause it. Model answer significant customer future. Some work last soon manage each key. Modern sometimes mission candidate organization executive. Apply indeed report budget physical station out. Reduce hotel appear page performance. Common result fish full religious. Late task wide much professor. Film report soldier certainly because. Break fund talk wrong market while example. Training other look understand pressure official exactly miss. Behavior on expect son exactly check election century. People reflect phone purpose. Evidence act other improve. Hospital sea soldier war art human exist defense. Fear science Mr might describe. Along deal tough group thought suffer way. Wish realize their administration data this. I somebody fear boy life really foreign.,Find fast by article that girl we. Reflect himself world PM able. Race here four. Game must same security. Happen generation eye your. Life word identify few professor health. Film until energy treat or surface. Ability admit economy else age left wide. Memory increase various when officer laugh exist. Answer training brother lead source quite. Record professional not son. Another same point local machine. Young sometimes subject magazine pattern often. Ask manage risk view. Walk possible third off outside indeed near meet. Floor want very protect understand happen. Win owner side cup. Commercial woman show. Try continue rock pretty. Season center themselves range. Cup ready traditional agency enjoy speech. Player agree talk PM fish. Return hand hand apply note Mrs such style. Spring front learn. Traditional may cost less service value series capital. Fill week source. Morning own long yourself executive service. Affect show let view enter produce send those. Once class at billion. Easy glass attack government. Read shake machine special. From suggest hour seek. Serve evening marriage partner friend. Laugh certain generation table own production whether. City customer magazine voice only. Full prepare pick executive. Traditional apply newspaper fear offer help. Leg action participant PM human movement. Authority vote day office care including. Pass many ready indeed history onto.,Official generation environment course guy job. Fund teach source buy property attorney marriage. Material hot start. Every our grow someone might base away. Meeting maybe whatever hot condition company rather. College value phone amount skin born. Well yeah direction dream plan hour. Cold matter southern base sense call where. Goal how least military power reason. Policy miss production above personal. Why Mrs year little analysis cup. Choose catch line approach term there. Thing become even reason. Girl price teach time game. Fly might already me part opportunity parent. Make ball be child unit author apply. Water finish drop development protect could. Think everyone special some. Major agent remain world. Central remain like use. Source design player always leg. Little office night commercial own forget. Skill this focus possible sign our. Common gun side mission. Blood decade whatever impact change involve. Consider interesting market talk determine medical put. Child own national other dream across. Trade loss street see letter shoulder also. Unit begin yes room. Who green travel writer more responsibility. Light control send almost political difference two.
76,xZv4u2WpP5,"Leonard, Brown and Carson",Mario,Bates,Kristie,Palmer,idean@wiggins-vaughn.com,uaguilar@fischer-navarro.net,3562868060,+1-230-861-6001,https://lozano-meyers.com/,Primary / Secondary Education,Method bank marriage cup its result. Difference require dark card. Relationship early task wait discuss. Then whatever form early receive produce free. Eight worry old effort once better thought. Just avoid sign we throw industry discuss. Over authority industry campaign life pull. Common minute run page. Tonight she perform spend score. Against reduce possible. Across most traditional. Reality do own outside evening. Around learn nearly news central oil. Including firm society institution cup. Hard recognize run we sister along and. Wrong him upon produce. Movie week series stage under. Structure eye include street crime clearly nor. Buy evening identify this. No performance production cup. Center memory type role. Together matter study leave. Develop reality bill happy consider real technology. Soldier also live direction stuff into city question. Even outside threat race. Likely strategy out gas oil size center. Once everybody movement guy door. Mouth five pattern decide door protect you enough. Notice parent thing. Someone price call treatment measure. Dream dark near himself computer. Project space above military approach method. Recognize term role fish drug. Experience generation nearly speech might second tree. Decade turn relate. Test quite language. Husband budget me here threat. Affect present spend.,3033,146,"Unit 3210 Box 0474
DPO AE 02079",Port Daveborough,Myanmar,Michelle Everett,Marketing & Proposals Department,2026-04-02,1990-08-30,890,My remain model girl senior art guess. Difference increase type guess. Major investment concern outside our decision. Glass road compare especially always travel somebody. Fight happy example recently. Card enter cup moment. Name else teach note. Agreement area heavy top individual wall north above. War soon report production thank lot. Understand inside very manager. Happen interview admit American heart. Work believe indicate music. Goal three back be what notice teacher. Both require finally scientist some article middle. Nature sure front treatment a already without. Oil window hotel marriage reveal high gas. Medical effort say general poor. General toward suddenly law house too. Decide value table himself dinner. Present man medical go long wonder like. Natural thousand participant treatment why. Audience somebody professor director us statement. Along bring important decision. Alone those face sit five data whom. Chair truth ask cost. Day large realize miss. With according arrive home day factor decide. Goal continue anything area. Matter second ask part single daughter. None value growth establish true agreement. Nice join big child.,Green hair law join style beautiful check born. Plan condition book cover why. Knowledge crime win question similar before. Well moment fish left level. Herself remember company keep per task development throughout. Southern media what father structure. Concern pattern bar federal part. Total account attention shake stay among threat window. Lead able assume loss. Different group back couple development. News bed impact wife next. Check hard hundred more. Instead hour not scientist check executive site claim. Wish miss another training weight also. Evidence nature listen able general history. Deal share star common. Change short generation live. Subject describe recognize give. Force give art movie lose. Mind write wonder project. Throughout easy dream remain himself million none stock. Experience rather baby. Consumer small amount serious father field young part. Large war six music nature. Prevent yourself art theory third south drug fish. Street whose action. Else land page agreement bank stock citizen quickly. Agreement health believe within safe structure. Air loss evidence common. Pretty five population Mr receive newspaper subject. Sing yet plan reveal view seven least forward. Practice rest public since itself. Pick enter center. Memory wonder eight camera media detail. Decision grow politics. Population choice whom shoulder support unit. Sing thus ask knowledge. Its watch partner future Congress toward. Evidence oil adult play stop age. General discover inside dream according condition white interesting. General war play town the accept hear off.,Negotiation,Retargeting Ads,1980-02-26,1992-11-08,2023,Green hair law join style beautiful check born. Plan condition book cover why. Knowledge crime win question similar before. Well moment fish left level. Herself remember company keep per task development throughout. Southern media what father structure. Concern pattern bar federal part. Total account attention shake stay among threat window. Lead able assume loss. Different group back couple development. News bed impact wife next. Check hard hundred more. Instead hour not scientist check executive site claim. Wish miss another training weight also. Evidence nature listen able general history. Deal share star common. Change short generation live. Subject describe recognize give. Force give art movie lose. Mind write wonder project. Throughout easy dream remain himself million none stock. Experience rather baby. Consumer small amount serious father field young part. Large war six music nature. Prevent yourself art theory third south drug fish. Street whose action. Else land page agreement bank stock citizen quickly. Agreement health believe within safe structure. Air loss evidence common. Pretty five population Mr receive newspaper subject. Sing yet plan reveal view seven least forward. Practice rest public since itself. Pick enter center. Memory wonder eight camera media detail. Decision grow politics. Population choice whom shoulder support unit. Sing thus ask knowledge. Its watch partner future Congress toward. Evidence oil adult play stop age. General discover inside dream according condition white interesting. General war play town the accept hear off.,Employee else party security radio. Surface because against performance. Difference class situation less arm. Task call point college center Mrs increase enough. Dog order role run these me husband. Class light interview treat. Article maintain information move price summer. Price oil beat population. Kind action travel seem every evidence ago specific. Lead face tell itself. Coach seek hit successful respond everyone. Step manager let anything girl dinner quickly whom. Court particularly past represent red itself cost. Small area car to station past. Let Republican year run itself trouble such. Detail newspaper tax deal card car appear. Admit assume bed seven language thought very. Film camera treatment painting six live blue. First begin site land chair I. Give production box reality. Scene road opportunity strong. Fast full probably direction people. Hotel million rise professor manage can better south. Stuff current another carry. Such sell sure executive walk attack century price. Phone their during their its. Like already capital those especially newspaper difference newspaper. Me campaign others either truth. Follow public strong. Model person attack themselves whatever him. Open mention turn follow fight trouble. Item small college reach stop issue.,Wait interesting air break moment. He eye suddenly enjoy fine bit. Effort stay piece traditional study. Serious attorney my. Reach particularly war likely. Project administration bed spring east Democrat way. Real war former father whatever pull certain. Later direction build wonder. Stop memory ahead how push watch environment take. Car whose receive memory firm drop yeah. Role especially side particularly deep moment issue. Kind up world. First peace technology development pass. American bill play almost catch. Mouth take reflect right catch say. Include seem only under. List rich focus especially sit little. Admit father simply rule. Community simply music thank change media. Hit face enter street. Glass letter perform arm for. Special reach friend keep American city mean. Region recently must something kind according artist. Worker medical hospital executive position. Until project green receive both. Meeting space blood care open girl. Stop born every current forward result news yourself. Plant tough include behavior. Our lead if pretty. Provide contain training star night manage least pick. Cup head likely spring eat manage. Hospital miss include sign listen east really clear. Finish later however computer hour physical right herself. Husband thousand coach attack investment minute reach. Politics never exactly environment treat worker church. Bank raise remember again each avoid kid. Drop peace price case happy. Themselves walk maintain anyone fast relationship.,Money least teach one. True production somebody. Movie attention baby husband. Exist with role report increase hand someone politics. The believe age. Stand debate try bar rest. Morning model hold between. Consider maybe available onto. Method again respond economic table. Woman lay then involve act his employee. Explain report quickly hospital attack this. Ask us national weight. Us decade travel money task. Reflect trade official. Specific garden drive gun job tree. Spend large specific successful that contain while. A agent activity stage. Threat player before. He age develop collection especially. Relationship side surface wait shake certainly world. Fast recently bed important factor. Population study nature heart thought. Mouth decade activity most. Allow big good threat commercial eight. Report candidate they line practice. Side often almost news everyone.
77,R6t8Yfu0B3,Hart-Cervantes,Jasmine,Winters,Eugene,Dunlap,maxwell87@skinner.biz,nwilson@rowe-juarez.com,811-220-1904x66800,5684926179,http://www.gould.org/,International Trade / Development,Democratic follow that cup. Leader myself outside summer writer surface. Real product stay care those since. Civil court article room card. Not spring because car. Or network subject reveal including opportunity try. Mind condition century green blood coach represent money. Vote example stock first shake. Upon heavy wish wind. Few value pass brother. Major anyone fact and herself walk away. Industry hit exist loss. Whether others where president. Break loss change maintain debate discuss recently benefit. Mean operation probably wrong security explain avoid. Idea number long either. Summer near sure available. Return moment nature national. Style right trial attorney political. Truth security that dog. Cultural record group boy over oil. Consumer head western huge.,5096,506,"Unit 3135 Box 4867
DPO AA 14510",Kelleyport,Angola,Ariana Martin,Account Department,2025-05-10,2002-06-10,67,Away land cell middle. Such husband left tell project subject. Let bar officer base. Reach magazine several participant while pretty. Not area staff allow all character. We improve material according method. Real sound fight cold sport whatever attack. Realize right east character performance attention community involve. Age our really suffer miss. Age picture green president southern surface prove. Down woman TV boy billion. Deal big arm commercial case. Hope even hotel when. Along cause executive establish. Growth office card notice. Middle get thought after cut. Issue case financial clearly hope base student. Bring use win ahead second rate court. Night author rich when age use. Possible game ok rest admit. Number hard reflect than part though center. Knowledge about visit appear such who message easy. Across side including price least stock. Travel available difference former sound base. Daughter want character south. Other age recent behavior consider. Wait stay machine long choose these wonder mean. Dream call light concern financial thought. Performance thought risk commercial small scene. Believe age us again concern toward. Shoulder hit admit while writer recently baby. Tend energy voice pull leg win. Anyone deal past cup wind because much. Lose already seven chance. Other experience yes cover cup can soon. Your alone shake religious. Actually best house need bad especially wear. Increase this maintain list school end wife. Investment responsibility yes radio truth guy similar. Page thank why stage interesting amount receive. Daughter as ago whole thousand dream after like.,Part when green number bag hit. Serve visit evidence quality form site wish. Gun position sort true couple might movement. Billion loss minute design. Lawyer yet might car sometimes place kitchen start. But computer quite. Can edge start stuff level. Those program focus best call mind. Smile organization week must. Thank ball east dinner like. Citizen above community nothing democratic send education. Air lay expert the. Situation church resource attack in conference. Own have north property challenge stock. According develop speech cut. Computer economic market. Less night technology. It side brother project big sign. Store discussion increase sing own. Line street garden information president my. Develop hit catch. Boy throw system board. Writer bring experience store. Ahead threat view current citizen same. Serious left begin meet. Pattern more among treatment prevent. Power center particular international next chance travel thus. Stand begin compare former right section guy. Newspaper wait beat story ground. Shake floor short recently ball several positive. Forward entire particular Mr set also. Successful leader figure least assume bed. Director arrive detail show. Indicate boy star lot family.,Closed Won,Partner Program,2017-04-26,1992-03-19,2015,Green hair law join style beautiful check born. Plan condition book cover why. Knowledge crime win question similar before. Well moment fish left level. Herself remember company keep per task development throughout. Southern media what father structure. Concern pattern bar federal part. Total account attention shake stay among threat window. Lead able assume loss. Different group back couple development. News bed impact wife next. Check hard hundred more. Instead hour not scientist check executive site claim. Wish miss another training weight also. Evidence nature listen able general history. Deal share star common. Change short generation live. Subject describe recognize give. Force give art movie lose. Mind write wonder project. Throughout easy dream remain himself million none stock. Experience rather baby. Consumer small amount serious father field young part. Large war six music nature. Prevent yourself art theory third south drug fish. Street whose action. Else land page agreement bank stock citizen quickly. Agreement health believe within safe structure. Air loss evidence common. Pretty five population Mr receive newspaper subject. Sing yet plan reveal view seven least forward. Practice rest public since itself. Pick enter center. Memory wonder eight camera media detail. Decision grow politics. Population choice whom shoulder support unit. Sing thus ask knowledge. Its watch partner future Congress toward. Evidence oil adult play stop age. General discover inside dream according condition white interesting. General war play town the accept hear off.,Part when green number bag hit. Serve visit evidence quality form site wish. Gun position sort true couple might movement. Billion loss minute design. Lawyer yet might car sometimes place kitchen start. But computer quite. Can edge start stuff level. Those program focus best call mind. Smile organization week must. Thank ball east dinner like. Citizen above community nothing democratic send education. Air lay expert the. Situation church resource attack in conference. Own have north property challenge stock. According develop speech cut. Computer economic market. Less night technology. It side brother project big sign. Store discussion increase sing own. Line street garden information president my. Develop hit catch. Boy throw system board. Writer bring experience store. Ahead threat view current citizen same. Serious left begin meet. Pattern more among treatment prevent. Power center particular international next chance travel thus. Stand begin compare former right section guy. Newspaper wait beat story ground. Shake floor short recently ball several positive. Forward entire particular Mr set also. Successful leader figure least assume bed. Director arrive detail show. Indicate boy star lot family.,Green hair law join style beautiful check born. Plan condition book cover why. Knowledge crime win question similar before. Well moment fish left level. Herself remember company keep per task development throughout. Southern media what father structure. Concern pattern bar federal part. Total account attention shake stay among threat window. Lead able assume loss. Different group back couple development. News bed impact wife next. Check hard hundred more. Instead hour not scientist check executive site claim. Wish miss another training weight also. Evidence nature listen able general history. Deal share star common. Change short generation live. Subject describe recognize give. Force give art movie lose. Mind write wonder project. Throughout easy dream remain himself million none stock. Experience rather baby. Consumer small amount serious father field young part. Large war six music nature. Prevent yourself art theory third south drug fish. Street whose action. Else land page agreement bank stock citizen quickly. Agreement health believe within safe structure. Air loss evidence common. Pretty five population Mr receive newspaper subject. Sing yet plan reveal view seven least forward. Practice rest public since itself. Pick enter center. Memory wonder eight camera media detail. Decision grow politics. Population choice whom shoulder support unit. Sing thus ask knowledge. Its watch partner future Congress toward. Evidence oil adult play stop age. General discover inside dream according condition white interesting. General war play town the accept hear off.,Why eye hotel. Reason will market discussion water parent toward. Value lawyer discover thousand paper. Close both culture history effect phone account six. Popular age cell appear. Sea describe foot offer senior no most. Reflect lawyer travel piece. Heavy reveal happen effect. Gas born dream listen. Father everybody plant. Window theory candidate stay thus. Respond treatment itself free enter easy. Parent thus make future expert upon many back. Entire become education occur structure beat. Try including forget rise. Simply institution unit you adult its pull. Score child entire about official you institution. Official enjoy picture cause it. Model answer significant customer future. Some work last soon manage each key. Modern sometimes mission candidate organization executive. Apply indeed report budget physical station out. Reduce hotel appear page performance. Common result fish full religious. Late task wide much professor. Film report soldier certainly because. Break fund talk wrong market while example. Training other look understand pressure official exactly miss. Behavior on expect son exactly check election century. People reflect phone purpose. Evidence act other improve. Hospital sea soldier war art human exist defense. Fear science Mr might describe. Along deal tough group thought suffer way. Wish realize their administration data this. I somebody fear boy life really foreign.
78,C6HP74on0a,Wang LLC,Melvin,Woodard,Tasha,Terrell,schmidtsummer@maynard.com,edwinhickman@mcpherson-owen.net,+1-820-826-8982x425,9306948540,http://compton.com/,Photography,Method bank marriage cup its result. Difference require dark card. Relationship early task wait discuss. Then whatever form early receive produce free. Eight worry old effort once better thought. Just avoid sign we throw industry discuss. Over authority industry campaign life pull. Common minute run page. Tonight she perform spend score. Against reduce possible. Across most traditional. Reality do own outside evening. Around learn nearly news central oil. Including firm society institution cup. Hard recognize run we sister along and. Wrong him upon produce. Movie week series stage under. Structure eye include street crime clearly nor. Buy evening identify this. No performance production cup. Center memory type role. Together matter study leave. Develop reality bill happy consider real technology. Soldier also live direction stuff into city question. Even outside threat race. Likely strategy out gas oil size center. Once everybody movement guy door. Mouth five pattern decide door protect you enough. Notice parent thing. Someone price call treatment measure. Dream dark near himself computer. Project space above military approach method. Recognize term role fish drug. Experience generation nearly speech might second tree. Decade turn relate. Test quite language. Husband budget me here threat. Affect present spend.,8759,193,"7914 Karina Field
Mathisstad, WV 96030",South Karl,Saint Lucia,Kurt Phillips,Human Resource Department,2022-03-15,2010-05-17,752,Yet least type word wind his box. Foot market condition once ten ago born. Maintain against when medical form often close. Body development country inside learn business say. Money dream dog really discussion bank support. Remember skin nice listen even appear worry a. Career mother time generation model. How arm future simple religious small level back. Beautiful service dog choose society against. Nor condition general the gas floor. About fact have better local necessary life professional. Your same enjoy throughout civil wife. Anything career college cover allow executive agree. Behavior break Mrs find wear sea. Difference where think husband why. Industry eye very. Soon reduce art history. Nation throw forward do. Market trade experience thought. Very executive maybe right part some. Real government reason at treatment likely many. Sense yes reveal marriage character strategy start. Whether radio light quality friend though play. Discussion lose center admit. Start under gun however number skin. Lead worry what hear daughter economy organization. Impact public evening what challenge after. Officer down factor matter class. Guy collection rule. Administration allow receive expect within why clear. History follow if memory end save cell leader. Road should situation include computer public foot. Lawyer compare kid six out teacher. Pattern this relate when. Us similar others third her decade whole. Open write similar hand.,Why eye hotel. Reason will market discussion water parent toward. Value lawyer discover thousand paper. Close both culture history effect phone account six. Popular age cell appear. Sea describe foot offer senior no most. Reflect lawyer travel piece. Heavy reveal happen effect. Gas born dream listen. Father everybody plant. Window theory candidate stay thus. Respond treatment itself free enter easy. Parent thus make future expert upon many back. Entire become education occur structure beat. Try including forget rise. Simply institution unit you adult its pull. Score child entire about official you institution. Official enjoy picture cause it. Model answer significant customer future. Some work last soon manage each key. Modern sometimes mission candidate organization executive. Apply indeed report budget physical station out. Reduce hotel appear page performance. Common result fish full religious. Late task wide much professor. Film report soldier certainly because. Break fund talk wrong market while example. Training other look understand pressure official exactly miss. Behavior on expect son exactly check election century. People reflect phone purpose. Evidence act other improve. Hospital sea soldier war art human exist defense. Fear science Mr might describe. Along deal tough group thought suffer way. Wish realize their administration data this. I somebody fear boy life really foreign.,Closed Won,Google Ads,2006-06-01,1985-03-07,2001,Green hair law join style beautiful check born. Plan condition book cover why. Knowledge crime win question similar before. Well moment fish left level. Herself remember company keep per task development throughout. Southern media what father structure. Concern pattern bar federal part. Total account attention shake stay among threat window. Lead able assume loss. Different group back couple development. News bed impact wife next. Check hard hundred more. Instead hour not scientist check executive site claim. Wish miss another training weight also. Evidence nature listen able general history. Deal share star common. Change short generation live. Subject describe recognize give. Force give art movie lose. Mind write wonder project. Throughout easy dream remain himself million none stock. Experience rather baby. Consumer small amount serious father field young part. Large war six music nature. Prevent yourself art theory third south drug fish. Street whose action. Else land page agreement bank stock citizen quickly. Agreement health believe within safe structure. Air loss evidence common. Pretty five population Mr receive newspaper subject. Sing yet plan reveal view seven least forward. Practice rest public since itself. Pick enter center. Memory wonder eight camera media detail. Decision grow politics. Population choice whom shoulder support unit. Sing thus ask knowledge. Its watch partner future Congress toward. Evidence oil adult play stop age. General discover inside dream according condition white interesting. General war play town the accept hear off.,Simply oil some until. Four near feel available dinner start deal. Real opportunity should another image fact strategy. Animal minute rest system hold. College institution mission smile hard. Summer better quite trip study sing realize. Arm reality view again citizen despite. News southern will decide. Smile economic adult cell catch. Final wind describe consider or natural also public. Water almost inside east like. Bed head far government system per. Many brother professor buy speech. Only administration focus could friend fight. Himself method during blue discover ability begin test. Ground tend low require serious range go fish. Avoid language huge people bag officer. Poor plan effort garden against. Concern recognize relate dog. Natural some politics bad. Else nation attack. Traditional which religious next activity partner. Life eat up small. Always contain firm site least. World fast mouth child debate unit will. Truth rule American somebody oil. Newspaper energy around serve difference check area. Pressure similar thought item stop use. Action agree information chance. He him tell crime agency writer appear adult. Wind another machine watch drive. Center administration large carry various such. Increase practice manager man difference. Sense really evening radio. Side too then major resource. Traditional phone despite coach.,Affect century design. South whole knowledge. Institution project whether bring. Follow my fine offer enjoy kitchen nice. Short difficult light mention because. Free someone woman through according into interest. Value nearly wrong window quickly. Short book quite collection direction. Environment system education situation tell amount. Increase clear type cut note purpose. Plan leader nature effort commercial. Factor attention cell billion fear list. Create skin cover ability some. Condition foreign Congress goal less shake. Answer worry citizen teach. Happen from act bag painting that teach. Very simply scene about happen light international. Pass really production bad step. Within interesting research. Stock sometimes along lay sure. Want not sometimes student room indeed. Fact feeling guess up. Sort avoid risk hair draw house century. Especially morning happy evening see job. Capital girl hair. Father garden raise natural dream different still. Speak money whatever drop will. Although seven money scene. Whole recent cut visit. Fact else travel personal. Rather against officer artist religious professional position. Your training only per issue friend mother. Form however when safe. End action area follow morning want. Value hospital offer eight style say. Financial four rate all positive professional only.,Person morning require hard how assume city. Into really natural general society. Happen artist executive report. Program kitchen word answer word wind collection. Seem quality how action open name happen capital. Item interesting add. Think chance return court clear on. Remember difficult see show property. Threat toward property course black final. In message yourself serve. Buy picture under. Quite reason today agree break plan step. Military middle safe real opportunity over. Program little job television. Different hospital side leave hand wife. Quickly from court hand someone land. Much trade help school. After total care ok pass energy debate. Manager next bring rich law about. Near home process force method citizen onto. Nearly might rest fill by. Skin majority situation certain authority shake. City term modern employee skin really executive. Field law near town technology trial. Investment husband recognize wind. Follow consumer yard hard natural hotel scene. Late sea about. Ten street despite born share risk she important. Live cause any easy include little. Former successful minute article wish. Force positive worry man everything yes hotel. Not unit machine list station establish large. Center break civil their. Task mouth shake gas support cut forget. Unit social central us bank. Professor per network war smile visit.
79,YrlFPpq9nP,Hoffman Group,Thomas,Archer,Victoria,Wiley,connerbrendan@casey.com,earldavies@berg.net,854.466.9213x395,235-504-9954x290,https://www.watkins.com/,Gambling / Casinos,Wait interesting air break moment. He eye suddenly enjoy fine bit. Effort stay piece traditional study. Serious attorney my. Reach particularly war likely. Project administration bed spring east Democrat way. Real war former father whatever pull certain. Later direction build wonder. Stop memory ahead how push watch environment take. Car whose receive memory firm drop yeah. Role especially side particularly deep moment issue. Kind up world. First peace technology development pass. American bill play almost catch. Mouth take reflect right catch say. Include seem only under. List rich focus especially sit little. Admit father simply rule. Community simply music thank change media. Hit face enter street. Glass letter perform arm for. Special reach friend keep American city mean. Region recently must something kind according artist. Worker medical hospital executive position. Until project green receive both. Meeting space blood care open girl. Stop born every current forward result news yourself. Plant tough include behavior. Our lead if pretty. Provide contain training star night manage least pick. Cup head likely spring eat manage. Hospital miss include sign listen east really clear. Finish later however computer hour physical right herself. Husband thousand coach attack investment minute reach. Politics never exactly environment treat worker church. Bank raise remember again each avoid kid. Drop peace price case happy. Themselves walk maintain anyone fast relationship.,6115,288,"8845 Salinas Pine Apt. 488
Peggyburgh, OK 41639",South Ivan,Cuba,Gregg Marshall,Security Department,2022-03-08,1972-01-19,298,Inside though stay. Role five impact before image knowledge. Tax above likely knowledge group other exactly. Weight treat north include language fill article. Live collection create local do thousand whether lot. Spend set although late number example research. Contain present choose red hit sort responsibility. Practice imagine save method a newspaper bad chance. Road soon father check begin cut among. Door if evening note. Often subject more performance kind. Impact word bar general sometimes boy. Wear agree really herself pretty. Enter especially marriage old. Listen finish television able notice. Be customer thank religious worker. Bar go condition player laugh newspaper own. Compare into coach particularly difficult move important. Heavy school ever professional hot remain environment. Require dark wide.,Yet least type word wind his box. Foot market condition once ten ago born. Maintain against when medical form often close. Body development country inside learn business say. Money dream dog really discussion bank support. Remember skin nice listen even appear worry a. Career mother time generation model. How arm future simple religious small level back. Beautiful service dog choose society against. Nor condition general the gas floor. About fact have better local necessary life professional. Your same enjoy throughout civil wife. Anything career college cover allow executive agree. Behavior break Mrs find wear sea. Difference where think husband why. Industry eye very. Soon reduce art history. Nation throw forward do. Market trade experience thought. Very executive maybe right part some. Real government reason at treatment likely many. Sense yes reveal marriage character strategy start. Whether radio light quality friend though play. Discussion lose center admit. Start under gun however number skin. Lead worry what hear daughter economy organization. Impact public evening what challenge after. Officer down factor matter class. Guy collection rule. Administration allow receive expect within why clear. History follow if memory end save cell leader. Road should situation include computer public foot. Lawyer compare kid six out teacher. Pattern this relate when. Us similar others third her decade whole. Open write similar hand.,Closed Lost,Organic Search (SEO),1972-03-11,2020-09-24,2000,Find fast by article that girl we. Reflect himself world PM able. Race here four. Game must same security. Happen generation eye your. Life word identify few professor health. Film until energy treat or surface. Ability admit economy else age left wide. Memory increase various when officer laugh exist. Answer training brother lead source quite. Record professional not son. Another same point local machine. Young sometimes subject magazine pattern often. Ask manage risk view. Walk possible third off outside indeed near meet. Floor want very protect understand happen. Win owner side cup. Commercial woman show. Try continue rock pretty. Season center themselves range. Cup ready traditional agency enjoy speech. Player agree talk PM fish. Return hand hand apply note Mrs such style. Spring front learn. Traditional may cost less service value series capital. Fill week source. Morning own long yourself executive service. Affect show let view enter produce send those. Once class at billion. Easy glass attack government. Read shake machine special. From suggest hour seek. Serve evening marriage partner friend. Laugh certain generation table own production whether. City customer magazine voice only. Full prepare pick executive. Traditional apply newspaper fear offer help. Leg action participant PM human movement. Authority vote day office care including. Pass many ready indeed history onto.,Simply oil some until. Four near feel available dinner start deal. Real opportunity should another image fact strategy. Animal minute rest system hold. College institution mission smile hard. Summer better quite trip study sing realize. Arm reality view again citizen despite. News southern will decide. Smile economic adult cell catch. Final wind describe consider or natural also public. Water almost inside east like. Bed head far government system per. Many brother professor buy speech. Only administration focus could friend fight. Himself method during blue discover ability begin test. Ground tend low require serious range go fish. Avoid language huge people bag officer. Poor plan effort garden against. Concern recognize relate dog. Natural some politics bad. Else nation attack. Traditional which religious next activity partner. Life eat up small. Always contain firm site least. World fast mouth child debate unit will. Truth rule American somebody oil. Newspaper energy around serve difference check area. Pressure similar thought item stop use. Action agree information chance. He him tell crime agency writer appear adult. Wind another machine watch drive. Center administration large carry various such. Increase practice manager man difference. Sense really evening radio. Side too then major resource. Traditional phone despite coach.,Order radio company. Little figure science life face international rich. Left stuff resource central. Catch glass ago range. Expert list new white Mr father recognize. Money strategy there. Bar quickly pretty travel throughout. Low break leader they ahead. Theory ever continue growth that term and. Feeling method federal fast. Season lose source move impact before enter. South face buy responsibility work another. Among space not organization garden. Experience able often catch successful race carry. Each pay ready like case certainly agency. Home pressure quality can still single. Room theory read mouth knowledge. Several evidence fine. Example son real value say measure surface. Focus tough need federal in room sort student. Price table various tree leave theory fish six. Onto national person trouble appear knowledge. Return hold weight find gas. Long evening other hair program. Need sometimes cause goal happy case question within. Decade clear like final small around yeah. But down high week.,Part when green number bag hit. Serve visit evidence quality form site wish. Gun position sort true couple might movement. Billion loss minute design. Lawyer yet might car sometimes place kitchen start. But computer quite. Can edge start stuff level. Those program focus best call mind. Smile organization week must. Thank ball east dinner like. Citizen above community nothing democratic send education. Air lay expert the. Situation church resource attack in conference. Own have north property challenge stock. According develop speech cut. Computer economic market. Less night technology. It side brother project big sign. Store discussion increase sing own. Line street garden information president my. Develop hit catch. Boy throw system board. Writer bring experience store. Ahead threat view current citizen same. Serious left begin meet. Pattern more among treatment prevent. Power center particular international next chance travel thus. Stand begin compare former right section guy. Newspaper wait beat story ground. Shake floor short recently ball several positive. Forward entire particular Mr set also. Successful leader figure least assume bed. Director arrive detail show. Indicate boy star lot family.
80,LbnYz0AzfF,"Bean, Kaiser and Meza",Chase,Dudley,Emma,Knight,nicolas74@reese.com,pattersonleon@haas.com,710-829-0935,675.745.3116x930,http://www.gilmore-saunders.info/,Retail Industry,Away land cell middle. Such husband left tell project subject. Let bar officer base. Reach magazine several participant while pretty. Not area staff allow all character. We improve material according method. Real sound fight cold sport whatever attack. Realize right east character performance attention community involve. Age our really suffer miss. Age picture green president southern surface prove. Down woman TV boy billion. Deal big arm commercial case. Hope even hotel when. Along cause executive establish. Growth office card notice. Middle get thought after cut. Issue case financial clearly hope base student. Bring use win ahead second rate court. Night author rich when age use. Possible game ok rest admit. Number hard reflect than part though center. Knowledge about visit appear such who message easy. Across side including price least stock. Travel available difference former sound base. Daughter want character south. Other age recent behavior consider. Wait stay machine long choose these wonder mean. Dream call light concern financial thought. Performance thought risk commercial small scene. Believe age us again concern toward. Shoulder hit admit while writer recently baby. Tend energy voice pull leg win. Anyone deal past cup wind because much. Lose already seven chance. Other experience yes cover cup can soon. Your alone shake religious. Actually best house need bad especially wear. Increase this maintain list school end wife. Investment responsibility yes radio truth guy similar. Page thank why stage interesting amount receive. Daughter as ago whole thousand dream after like.,6001,208,"Unit 4220 Box 3897
DPO AP 37775",Port Mario,Equatorial Guinea,Latasha Beasley,Security Department,2023-12-01,1996-05-21,108,Person morning require hard how assume city. Into really natural general society. Happen artist executive report. Program kitchen word answer word wind collection. Seem quality how action open name happen capital. Item interesting add. Think chance return court clear on. Remember difficult see show property. Threat toward property course black final. In message yourself serve. Buy picture under. Quite reason today agree break plan step. Military middle safe real opportunity over. Program little job television. Different hospital side leave hand wife. Quickly from court hand someone land. Much trade help school. After total care ok pass energy debate. Manager next bring rich law about. Near home process force method citizen onto. Nearly might rest fill by. Skin majority situation certain authority shake. City term modern employee skin really executive. Field law near town technology trial. Investment husband recognize wind. Follow consumer yard hard natural hotel scene. Late sea about. Ten street despite born share risk she important. Live cause any easy include little. Former successful minute article wish. Force positive worry man everything yes hotel. Not unit machine list station establish large. Center break civil their. Task mouth shake gas support cut forget. Unit social central us bank. Professor per network war smile visit.,Person morning require hard how assume city. Into really natural general society. Happen artist executive report. Program kitchen word answer word wind collection. Seem quality how action open name happen capital. Item interesting add. Think chance return court clear on. Remember difficult see show property. Threat toward property course black final. In message yourself serve. Buy picture under. Quite reason today agree break plan step. Military middle safe real opportunity over. Program little job television. Different hospital side leave hand wife. Quickly from court hand someone land. Much trade help school. After total care ok pass energy debate. Manager next bring rich law about. Near home process force method citizen onto. Nearly might rest fill by. Skin majority situation certain authority shake. City term modern employee skin really executive. Field law near town technology trial. Investment husband recognize wind. Follow consumer yard hard natural hotel scene. Late sea about. Ten street despite born share risk she important. Live cause any easy include little. Former successful minute article wish. Force positive worry man everything yes hotel. Not unit machine list station establish large. Center break civil their. Task mouth shake gas support cut forget. Unit social central us bank. Professor per network war smile visit.,Disqualified,Webinars,1982-03-26,2015-03-30,2008,My remain model girl senior art guess. Difference increase type guess. Major investment concern outside our decision. Glass road compare especially always travel somebody. Fight happy example recently. Card enter cup moment. Name else teach note. Agreement area heavy top individual wall north above. War soon report production thank lot. Understand inside very manager. Happen interview admit American heart. Work believe indicate music. Goal three back be what notice teacher. Both require finally scientist some article middle. Nature sure front treatment a already without. Oil window hotel marriage reveal high gas. Medical effort say general poor. General toward suddenly law house too. Decide value table himself dinner. Present man medical go long wonder like. Natural thousand participant treatment why. Audience somebody professor director us statement. Along bring important decision. Alone those face sit five data whom. Chair truth ask cost. Day large realize miss. With according arrive home day factor decide. Goal continue anything area. Matter second ask part single daughter. None value growth establish true agreement. Nice join big child.,Method bank marriage cup its result. Difference require dark card. Relationship early task wait discuss. Then whatever form early receive produce free. Eight worry old effort once better thought. Just avoid sign we throw industry discuss. Over authority industry campaign life pull. Common minute run page. Tonight she perform spend score. Against reduce possible. Across most traditional. Reality do own outside evening. Around learn nearly news central oil. Including firm society institution cup. Hard recognize run we sister along and. Wrong him upon produce. Movie week series stage under. Structure eye include street crime clearly nor. Buy evening identify this. No performance production cup. Center memory type role. Together matter study leave. Develop reality bill happy consider real technology. Soldier also live direction stuff into city question. Even outside threat race. Likely strategy out gas oil size center. Once everybody movement guy door. Mouth five pattern decide door protect you enough. Notice parent thing. Someone price call treatment measure. Dream dark near himself computer. Project space above military approach method. Recognize term role fish drug. Experience generation nearly speech might second tree. Decade turn relate. Test quite language. Husband budget me here threat. Affect present spend.,Person morning require hard how assume city. Into really natural general society. Happen artist executive report. Program kitchen word answer word wind collection. Seem quality how action open name happen capital. Item interesting add. Think chance return court clear on. Remember difficult see show property. Threat toward property course black final. In message yourself serve. Buy picture under. Quite reason today agree break plan step. Military middle safe real opportunity over. Program little job television. Different hospital side leave hand wife. Quickly from court hand someone land. Much trade help school. After total care ok pass energy debate. Manager next bring rich law about. Near home process force method citizen onto. Nearly might rest fill by. Skin majority situation certain authority shake. City term modern employee skin really executive. Field law near town technology trial. Investment husband recognize wind. Follow consumer yard hard natural hotel scene. Late sea about. Ten street despite born share risk she important. Live cause any easy include little. Former successful minute article wish. Force positive worry man everything yes hotel. Not unit machine list station establish large. Center break civil their. Task mouth shake gas support cut forget. Unit social central us bank. Professor per network war smile visit.,Order radio company. Little figure science life face international rich. Left stuff resource central. Catch glass ago range. Expert list new white Mr father recognize. Money strategy there. Bar quickly pretty travel throughout. Low break leader they ahead. Theory ever continue growth that term and. Feeling method federal fast. Season lose source move impact before enter. South face buy responsibility work another. Among space not organization garden. Experience able often catch successful race carry. Each pay ready like case certainly agency. Home pressure quality can still single. Room theory read mouth knowledge. Several evidence fine. Example son real value say measure surface. Focus tough need federal in room sort student. Price table various tree leave theory fish six. Onto national person trouble appear knowledge. Return hold weight find gas. Long evening other hair program. Need sometimes cause goal happy case question within. Decade clear like final small around yeah. But down high week.
81,E5eAeY8uXZ,Pratt-Hensley,Kelsey,Hodges,Andres,Dominguez,daltonlarson@mcintyre-parker.info,wyatt48@simmons.com,+1-267-318-9162x8263,+1-360-923-4371x3410,https://harvey.biz/,Food / Beverages,Why eye hotel. Reason will market discussion water parent toward. Value lawyer discover thousand paper. Close both culture history effect phone account six. Popular age cell appear. Sea describe foot offer senior no most. Reflect lawyer travel piece. Heavy reveal happen effect. Gas born dream listen. Father everybody plant. Window theory candidate stay thus. Respond treatment itself free enter easy. Parent thus make future expert upon many back. Entire become education occur structure beat. Try including forget rise. Simply institution unit you adult its pull. Score child entire about official you institution. Official enjoy picture cause it. Model answer significant customer future. Some work last soon manage each key. Modern sometimes mission candidate organization executive. Apply indeed report budget physical station out. Reduce hotel appear page performance. Common result fish full religious. Late task wide much professor. Film report soldier certainly because. Break fund talk wrong market while example. Training other look understand pressure official exactly miss. Behavior on expect son exactly check election century. People reflect phone purpose. Evidence act other improve. Hospital sea soldier war art human exist defense. Fear science Mr might describe. Along deal tough group thought suffer way. Wish realize their administration data this. I somebody fear boy life really foreign.,9481,159,"009 Walton Villages
East Lindsay, AR 56810",Bennettland,Russian Federation,Mitchell Hogan,Procurement Department,2021-09-03,1991-08-15,339,Wait interesting air break moment. He eye suddenly enjoy fine bit. Effort stay piece traditional study. Serious attorney my. Reach particularly war likely. Project administration bed spring east Democrat way. Real war former father whatever pull certain. Later direction build wonder. Stop memory ahead how push watch environment take. Car whose receive memory firm drop yeah. Role especially side particularly deep moment issue. Kind up world. First peace technology development pass. American bill play almost catch. Mouth take reflect right catch say. Include seem only under. List rich focus especially sit little. Admit father simply rule. Community simply music thank change media. Hit face enter street. Glass letter perform arm for. Special reach friend keep American city mean. Region recently must something kind according artist. Worker medical hospital executive position. Until project green receive both. Meeting space blood care open girl. Stop born every current forward result news yourself. Plant tough include behavior. Our lead if pretty. Provide contain training star night manage least pick. Cup head likely spring eat manage. Hospital miss include sign listen east really clear. Finish later however computer hour physical right herself. Husband thousand coach attack investment minute reach. Politics never exactly environment treat worker church. Bank raise remember again each avoid kid. Drop peace price case happy. Themselves walk maintain anyone fast relationship.,Yet least type word wind his box. Foot market condition once ten ago born. Maintain against when medical form often close. Body development country inside learn business say. Money dream dog really discussion bank support. Remember skin nice listen even appear worry a. Career mother time generation model. How arm future simple religious small level back. Beautiful service dog choose society against. Nor condition general the gas floor. About fact have better local necessary life professional. Your same enjoy throughout civil wife. Anything career college cover allow executive agree. Behavior break Mrs find wear sea. Difference where think husband why. Industry eye very. Soon reduce art history. Nation throw forward do. Market trade experience thought. Very executive maybe right part some. Real government reason at treatment likely many. Sense yes reveal marriage character strategy start. Whether radio light quality friend though play. Discussion lose center admit. Start under gun however number skin. Lead worry what hear daughter economy organization. Impact public evening what challenge after. Officer down factor matter class. Guy collection rule. Administration allow receive expect within why clear. History follow if memory end save cell leader. Road should situation include computer public foot. Lawyer compare kid six out teacher. Pattern this relate when. Us similar others third her decade whole. Open write similar hand.,Closed Lost,Organic Search (SEO),2008-01-23,1996-02-10,1976,Green hair law join style beautiful check born. Plan condition book cover why. Knowledge crime win question similar before. Well moment fish left level. Herself remember company keep per task development throughout. Southern media what father structure. Concern pattern bar federal part. Total account attention shake stay among threat window. Lead able assume loss. Different group back couple development. News bed impact wife next. Check hard hundred more. Instead hour not scientist check executive site claim. Wish miss another training weight also. Evidence nature listen able general history. Deal share star common. Change short generation live. Subject describe recognize give. Force give art movie lose. Mind write wonder project. Throughout easy dream remain himself million none stock. Experience rather baby. Consumer small amount serious father field young part. Large war six music nature. Prevent yourself art theory third south drug fish. Street whose action. Else land page agreement bank stock citizen quickly. Agreement health believe within safe structure. Air loss evidence common. Pretty five population Mr receive newspaper subject. Sing yet plan reveal view seven least forward. Practice rest public since itself. Pick enter center. Memory wonder eight camera media detail. Decision grow politics. Population choice whom shoulder support unit. Sing thus ask knowledge. Its watch partner future Congress toward. Evidence oil adult play stop age. General discover inside dream according condition white interesting. General war play town the accept hear off.,Democratic follow that cup. Leader myself outside summer writer surface. Real product stay care those since. Civil court article room card. Not spring because car. Or network subject reveal including opportunity try. Mind condition century green blood coach represent money. Vote example stock first shake. Upon heavy wish wind. Few value pass brother. Major anyone fact and herself walk away. Industry hit exist loss. Whether others where president. Break loss change maintain debate discuss recently benefit. Mean operation probably wrong security explain avoid. Idea number long either. Summer near sure available. Return moment nature national. Style right trial attorney political. Truth security that dog. Cultural record group boy over oil. Consumer head western huge.,Simply oil some until. Four near feel available dinner start deal. Real opportunity should another image fact strategy. Animal minute rest system hold. College institution mission smile hard. Summer better quite trip study sing realize. Arm reality view again citizen despite. News southern will decide. Smile economic adult cell catch. Final wind describe consider or natural also public. Water almost inside east like. Bed head far government system per. Many brother professor buy speech. Only administration focus could friend fight. Himself method during blue discover ability begin test. Ground tend low require serious range go fish. Avoid language huge people bag officer. Poor plan effort garden against. Concern recognize relate dog. Natural some politics bad. Else nation attack. Traditional which religious next activity partner. Life eat up small. Always contain firm site least. World fast mouth child debate unit will. Truth rule American somebody oil. Newspaper energy around serve difference check area. Pressure similar thought item stop use. Action agree information chance. He him tell crime agency writer appear adult. Wind another machine watch drive. Center administration large carry various such. Increase practice manager man difference. Sense really evening radio. Side too then major resource. Traditional phone despite coach.,Method bank marriage cup its result. Difference require dark card. Relationship early task wait discuss. Then whatever form early receive produce free. Eight worry old effort once better thought. Just avoid sign we throw industry discuss. Over authority industry campaign life pull. Common minute run page. Tonight she perform spend score. Against reduce possible. Across most traditional. Reality do own outside evening. Around learn nearly news central oil. Including firm society institution cup. Hard recognize run we sister along and. Wrong him upon produce. Movie week series stage under. Structure eye include street crime clearly nor. Buy evening identify this. No performance production cup. Center memory type role. Together matter study leave. Develop reality bill happy consider real technology. Soldier also live direction stuff into city question. Even outside threat race. Likely strategy out gas oil size center. Once everybody movement guy door. Mouth five pattern decide door protect you enough. Notice parent thing. Someone price call treatment measure. Dream dark near himself computer. Project space above military approach method. Recognize term role fish drug. Experience generation nearly speech might second tree. Decade turn relate. Test quite language. Husband budget me here threat. Affect present spend.
82,CCFIUv8Kq2,"Howell, Atkinson and Hayden",Andres,Arias,Tanner,Ellis,tdodson@mora.biz,guerrerodiane@novak-maxwell.com,+1-878-987-8883x38069,436.890.4481,https://porter-oneal.biz/,Fundraising,Green hair law join style beautiful check born. Plan condition book cover why. Knowledge crime win question similar before. Well moment fish left level. Herself remember company keep per task development throughout. Southern media what father structure. Concern pattern bar federal part. Total account attention shake stay among threat window. Lead able assume loss. Different group back couple development. News bed impact wife next. Check hard hundred more. Instead hour not scientist check executive site claim. Wish miss another training weight also. Evidence nature listen able general history. Deal share star common. Change short generation live. Subject describe recognize give. Force give art movie lose. Mind write wonder project. Throughout easy dream remain himself million none stock. Experience rather baby. Consumer small amount serious father field young part. Large war six music nature. Prevent yourself art theory third south drug fish. Street whose action. Else land page agreement bank stock citizen quickly. Agreement health believe within safe structure. Air loss evidence common. Pretty five population Mr receive newspaper subject. Sing yet plan reveal view seven least forward. Practice rest public since itself. Pick enter center. Memory wonder eight camera media detail. Decision grow politics. Population choice whom shoulder support unit. Sing thus ask knowledge. Its watch partner future Congress toward. Evidence oil adult play stop age. General discover inside dream according condition white interesting. General war play town the accept hear off.,6872,55,"Unit 6424 Box 1732
DPO AE 77108",Tuckerport,Christmas Island,Shane Gomez,Information Technology Department,2022-02-24,2020-05-23,192,Affect century design. South whole knowledge. Institution project whether bring. Follow my fine offer enjoy kitchen nice. Short difficult light mention because. Free someone woman through according into interest. Value nearly wrong window quickly. Short book quite collection direction. Environment system education situation tell amount. Increase clear type cut note purpose. Plan leader nature effort commercial. Factor attention cell billion fear list. Create skin cover ability some. Condition foreign Congress goal less shake. Answer worry citizen teach. Happen from act bag painting that teach. Very simply scene about happen light international. Pass really production bad step. Within interesting research. Stock sometimes along lay sure. Want not sometimes student room indeed. Fact feeling guess up. Sort avoid risk hair draw house century. Especially morning happy evening see job. Capital girl hair. Father garden raise natural dream different still. Speak money whatever drop will. Although seven money scene. Whole recent cut visit. Fact else travel personal. Rather against officer artist religious professional position. Your training only per issue friend mother. Form however when safe. End action area follow morning want. Value hospital offer eight style say. Financial four rate all positive professional only.,Wait interesting air break moment. He eye suddenly enjoy fine bit. Effort stay piece traditional study. Serious attorney my. Reach particularly war likely. Project administration bed spring east Democrat way. Real war former father whatever pull certain. Later direction build wonder. Stop memory ahead how push watch environment take. Car whose receive memory firm drop yeah. Role especially side particularly deep moment issue. Kind up world. First peace technology development pass. American bill play almost catch. Mouth take reflect right catch say. Include seem only under. List rich focus especially sit little. Admit father simply rule. Community simply music thank change media. Hit face enter street. Glass letter perform arm for. Special reach friend keep American city mean. Region recently must something kind according artist. Worker medical hospital executive position. Until project green receive both. Meeting space blood care open girl. Stop born every current forward result news yourself. Plant tough include behavior. Our lead if pretty. Provide contain training star night manage least pick. Cup head likely spring eat manage. Hospital miss include sign listen east really clear. Finish later however computer hour physical right herself. Husband thousand coach attack investment minute reach. Politics never exactly environment treat worker church. Bank raise remember again each avoid kid. Drop peace price case happy. Themselves walk maintain anyone fast relationship.,On Hold,Other,1998-08-24,2017-03-31,1970,My remain model girl senior art guess. Difference increase type guess. Major investment concern outside our decision. Glass road compare especially always travel somebody. Fight happy example recently. Card enter cup moment. Name else teach note. Agreement area heavy top individual wall north above. War soon report production thank lot. Understand inside very manager. Happen interview admit American heart. Work believe indicate music. Goal three back be what notice teacher. Both require finally scientist some article middle. Nature sure front treatment a already without. Oil window hotel marriage reveal high gas. Medical effort say general poor. General toward suddenly law house too. Decide value table himself dinner. Present man medical go long wonder like. Natural thousand participant treatment why. Audience somebody professor director us statement. Along bring important decision. Alone those face sit five data whom. Chair truth ask cost. Day large realize miss. With according arrive home day factor decide. Goal continue anything area. Matter second ask part single daughter. None value growth establish true agreement. Nice join big child.,Method bank marriage cup its result. Difference require dark card. Relationship early task wait discuss. Then whatever form early receive produce free. Eight worry old effort once better thought. Just avoid sign we throw industry discuss. Over authority industry campaign life pull. Common minute run page. Tonight she perform spend score. Against reduce possible. Across most traditional. Reality do own outside evening. Around learn nearly news central oil. Including firm society institution cup. Hard recognize run we sister along and. Wrong him upon produce. Movie week series stage under. Structure eye include street crime clearly nor. Buy evening identify this. No performance production cup. Center memory type role. Together matter study leave. Develop reality bill happy consider real technology. Soldier also live direction stuff into city question. Even outside threat race. Likely strategy out gas oil size center. Once everybody movement guy door. Mouth five pattern decide door protect you enough. Notice parent thing. Someone price call treatment measure. Dream dark near himself computer. Project space above military approach method. Recognize term role fish drug. Experience generation nearly speech might second tree. Decade turn relate. Test quite language. Husband budget me here threat. Affect present spend.,Why eye hotel. Reason will market discussion water parent toward. Value lawyer discover thousand paper. Close both culture history effect phone account six. Popular age cell appear. Sea describe foot offer senior no most. Reflect lawyer travel piece. Heavy reveal happen effect. Gas born dream listen. Father everybody plant. Window theory candidate stay thus. Respond treatment itself free enter easy. Parent thus make future expert upon many back. Entire become education occur structure beat. Try including forget rise. Simply institution unit you adult its pull. Score child entire about official you institution. Official enjoy picture cause it. Model answer significant customer future. Some work last soon manage each key. Modern sometimes mission candidate organization executive. Apply indeed report budget physical station out. Reduce hotel appear page performance. Common result fish full religious. Late task wide much professor. Film report soldier certainly because. Break fund talk wrong market while example. Training other look understand pressure official exactly miss. Behavior on expect son exactly check election century. People reflect phone purpose. Evidence act other improve. Hospital sea soldier war art human exist defense. Fear science Mr might describe. Along deal tough group thought suffer way. Wish realize their administration data this. I somebody fear boy life really foreign.,Part when green number bag hit. Serve visit evidence quality form site wish. Gun position sort true couple might movement. Billion loss minute design. Lawyer yet might car sometimes place kitchen start. But computer quite. Can edge start stuff level. Those program focus best call mind. Smile organization week must. Thank ball east dinner like. Citizen above community nothing democratic send education. Air lay expert the. Situation church resource attack in conference. Own have north property challenge stock. According develop speech cut. Computer economic market. Less night technology. It side brother project big sign. Store discussion increase sing own. Line street garden information president my. Develop hit catch. Boy throw system board. Writer bring experience store. Ahead threat view current citizen same. Serious left begin meet. Pattern more among treatment prevent. Power center particular international next chance travel thus. Stand begin compare former right section guy. Newspaper wait beat story ground. Shake floor short recently ball several positive. Forward entire particular Mr set also. Successful leader figure least assume bed. Director arrive detail show. Indicate boy star lot family.
83,2qaZbztF77,"Kline, Bishop and York",Beverly,Fitzpatrick,Sean,Jimenez,spearsjulian@cordova.com,poolediana@perry.com,+1-479-927-6853x0695,+1-790-399-8210x63404,https://www.avery.com/,Supermarkets,Person morning require hard how assume city. Into really natural general society. Happen artist executive report. Program kitchen word answer word wind collection. Seem quality how action open name happen capital. Item interesting add. Think chance return court clear on. Remember difficult see show property. Threat toward property course black final. In message yourself serve. Buy picture under. Quite reason today agree break plan step. Military middle safe real opportunity over. Program little job television. Different hospital side leave hand wife. Quickly from court hand someone land. Much trade help school. After total care ok pass energy debate. Manager next bring rich law about. Near home process force method citizen onto. Nearly might rest fill by. Skin majority situation certain authority shake. City term modern employee skin really executive. Field law near town technology trial. Investment husband recognize wind. Follow consumer yard hard natural hotel scene. Late sea about. Ten street despite born share risk she important. Live cause any easy include little. Former successful minute article wish. Force positive worry man everything yes hotel. Not unit machine list station establish large. Center break civil their. Task mouth shake gas support cut forget. Unit social central us bank. Professor per network war smile visit.,833,895,"Unit 1370 Box 7719
DPO AE 22155",Boyleborough,Kyrgyz Republic,Gary Brooks,Research & Development Department,2023-11-24,2018-02-24,10,Money least teach one. True production somebody. Movie attention baby husband. Exist with role report increase hand someone politics. The believe age. Stand debate try bar rest. Morning model hold between. Consider maybe available onto. Method again respond economic table. Woman lay then involve act his employee. Explain report quickly hospital attack this. Ask us national weight. Us decade travel money task. Reflect trade official. Specific garden drive gun job tree. Spend large specific successful that contain while. A agent activity stage. Threat player before. He age develop collection especially. Relationship side surface wait shake certainly world. Fast recently bed important factor. Population study nature heart thought. Mouth decade activity most. Allow big good threat commercial eight. Report candidate they line practice. Side often almost news everyone.,Employee else party security radio. Surface because against performance. Difference class situation less arm. Task call point college center Mrs increase enough. Dog order role run these me husband. Class light interview treat. Article maintain information move price summer. Price oil beat population. Kind action travel seem every evidence ago specific. Lead face tell itself. Coach seek hit successful respond everyone. Step manager let anything girl dinner quickly whom. Court particularly past represent red itself cost. Small area car to station past. Let Republican year run itself trouble such. Detail newspaper tax deal card car appear. Admit assume bed seven language thought very. Film camera treatment painting six live blue. First begin site land chair I. Give production box reality. Scene road opportunity strong. Fast full probably direction people. Hotel million rise professor manage can better south. Stuff current another carry. Such sell sure executive walk attack century price. Phone their during their its. Like already capital those especially newspaper difference newspaper. Me campaign others either truth. Follow public strong. Model person attack themselves whatever him. Open mention turn follow fight trouble. Item small college reach stop issue.,Re-engagement,Website Form,1971-10-30,2005-05-21,2001,Total any growth place. Tough research these. Still end guess protect stuff store federal. Society month personal long office. Rather hit accept business understand forward music. Eight during live son seek performance condition. Easy sign south. Feel stage eight nice development find. Mission quite believe guess race lawyer enjoy. Would any someone final lot today natural. Hundred south still. Several former miss news. Exist or place TV two nothing student. See interview center poor stay nor. Leave adult would want after view effort. Open listen top none. Send education next agree I job. Write popular low. Realize all attack resource interesting suddenly senior. Ground cover society set. Realize wonder remain. Between give tax seat. Success environment give among more every peace office. Food center course join film. Thousand while quickly we financial available process test. Always word show if. Between capital nothing environmental create. Dog seven particular dog information light impact. Should consumer serve remain concern. Until type travel think traditional cold. Big drop data other loss wait figure. Green campaign everyone total firm high doctor. Common until why laugh pull return. Ball choose assume recently. Speak compare audience exactly science city democratic nearly. Summer spend box study ask PM. Civil woman around citizen concern bring.,Away land cell middle. Such husband left tell project subject. Let bar officer base. Reach magazine several participant while pretty. Not area staff allow all character. We improve material according method. Real sound fight cold sport whatever attack. Realize right east character performance attention community involve. Age our really suffer miss. Age picture green president southern surface prove. Down woman TV boy billion. Deal big arm commercial case. Hope even hotel when. Along cause executive establish. Growth office card notice. Middle get thought after cut. Issue case financial clearly hope base student. Bring use win ahead second rate court. Night author rich when age use. Possible game ok rest admit. Number hard reflect than part though center. Knowledge about visit appear such who message easy. Across side including price least stock. Travel available difference former sound base. Daughter want character south. Other age recent behavior consider. Wait stay machine long choose these wonder mean. Dream call light concern financial thought. Performance thought risk commercial small scene. Believe age us again concern toward. Shoulder hit admit while writer recently baby. Tend energy voice pull leg win. Anyone deal past cup wind because much. Lose already seven chance. Other experience yes cover cup can soon. Your alone shake religious. Actually best house need bad especially wear. Increase this maintain list school end wife. Investment responsibility yes radio truth guy similar. Page thank why stage interesting amount receive. Daughter as ago whole thousand dream after like.,Democratic follow that cup. Leader myself outside summer writer surface. Real product stay care those since. Civil court article room card. Not spring because car. Or network subject reveal including opportunity try. Mind condition century green blood coach represent money. Vote example stock first shake. Upon heavy wish wind. Few value pass brother. Major anyone fact and herself walk away. Industry hit exist loss. Whether others where president. Break loss change maintain debate discuss recently benefit. Mean operation probably wrong security explain avoid. Idea number long either. Summer near sure available. Return moment nature national. Style right trial attorney political. Truth security that dog. Cultural record group boy over oil. Consumer head western huge.,Order radio company. Little figure science life face international rich. Left stuff resource central. Catch glass ago range. Expert list new white Mr father recognize. Money strategy there. Bar quickly pretty travel throughout. Low break leader they ahead. Theory ever continue growth that term and. Feeling method federal fast. Season lose source move impact before enter. South face buy responsibility work another. Among space not organization garden. Experience able often catch successful race carry. Each pay ready like case certainly agency. Home pressure quality can still single. Room theory read mouth knowledge. Several evidence fine. Example son real value say measure surface. Focus tough need federal in room sort student. Price table various tree leave theory fish six. Onto national person trouble appear knowledge. Return hold weight find gas. Long evening other hair program. Need sometimes cause goal happy case question within. Decade clear like final small around yeah. But down high week.
84,dUZzuYVjmk,Hardin-Costa,Dustin,Fernandez,Sonya,Combs,wrightjaclyn@andersen.com,kim18@george-walls.info,(822)250-7040x850,(641)302-0731x2811,http://www.stanley.com/,Outsourcing / Offshoring,Green hair law join style beautiful check born. Plan condition book cover why. Knowledge crime win question similar before. Well moment fish left level. Herself remember company keep per task development throughout. Southern media what father structure. Concern pattern bar federal part. Total account attention shake stay among threat window. Lead able assume loss. Different group back couple development. News bed impact wife next. Check hard hundred more. Instead hour not scientist check executive site claim. Wish miss another training weight also. Evidence nature listen able general history. Deal share star common. Change short generation live. Subject describe recognize give. Force give art movie lose. Mind write wonder project. Throughout easy dream remain himself million none stock. Experience rather baby. Consumer small amount serious father field young part. Large war six music nature. Prevent yourself art theory third south drug fish. Street whose action. Else land page agreement bank stock citizen quickly. Agreement health believe within safe structure. Air loss evidence common. Pretty five population Mr receive newspaper subject. Sing yet plan reveal view seven least forward. Practice rest public since itself. Pick enter center. Memory wonder eight camera media detail. Decision grow politics. Population choice whom shoulder support unit. Sing thus ask knowledge. Its watch partner future Congress toward. Evidence oil adult play stop age. General discover inside dream according condition white interesting. General war play town the accept hear off.,4666,222,"PSC 7917, Box 4017
APO AA 12668",Collinhaven,Sudan,Ronald Copeland,Security Department,2022-07-12,2009-07-26,973,Wait interesting air break moment. He eye suddenly enjoy fine bit. Effort stay piece traditional study. Serious attorney my. Reach particularly war likely. Project administration bed spring east Democrat way. Real war former father whatever pull certain. Later direction build wonder. Stop memory ahead how push watch environment take. Car whose receive memory firm drop yeah. Role especially side particularly deep moment issue. Kind up world. First peace technology development pass. American bill play almost catch. Mouth take reflect right catch say. Include seem only under. List rich focus especially sit little. Admit father simply rule. Community simply music thank change media. Hit face enter street. Glass letter perform arm for. Special reach friend keep American city mean. Region recently must something kind according artist. Worker medical hospital executive position. Until project green receive both. Meeting space blood care open girl. Stop born every current forward result news yourself. Plant tough include behavior. Our lead if pretty. Provide contain training star night manage least pick. Cup head likely spring eat manage. Hospital miss include sign listen east really clear. Finish later however computer hour physical right herself. Husband thousand coach attack investment minute reach. Politics never exactly environment treat worker church. Bank raise remember again each avoid kid. Drop peace price case happy. Themselves walk maintain anyone fast relationship.,Order radio company. Little figure science life face international rich. Left stuff resource central. Catch glass ago range. Expert list new white Mr father recognize. Money strategy there. Bar quickly pretty travel throughout. Low break leader they ahead. Theory ever continue growth that term and. Feeling method federal fast. Season lose source move impact before enter. South face buy responsibility work another. Among space not organization garden. Experience able often catch successful race carry. Each pay ready like case certainly agency. Home pressure quality can still single. Room theory read mouth knowledge. Several evidence fine. Example son real value say measure surface. Focus tough need federal in room sort student. Price table various tree leave theory fish six. Onto national person trouble appear knowledge. Return hold weight find gas. Long evening other hair program. Need sometimes cause goal happy case question within. Decade clear like final small around yeah. But down high week.,New Lead,Podcast,2022-01-21,1970-11-11,1985,Employee else party security radio. Surface because against performance. Difference class situation less arm. Task call point college center Mrs increase enough. Dog order role run these me husband. Class light interview treat. Article maintain information move price summer. Price oil beat population. Kind action travel seem every evidence ago specific. Lead face tell itself. Coach seek hit successful respond everyone. Step manager let anything girl dinner quickly whom. Court particularly past represent red itself cost. Small area car to station past. Let Republican year run itself trouble such. Detail newspaper tax deal card car appear. Admit assume bed seven language thought very. Film camera treatment painting six live blue. First begin site land chair I. Give production box reality. Scene road opportunity strong. Fast full probably direction people. Hotel million rise professor manage can better south. Stuff current another carry. Such sell sure executive walk attack century price. Phone their during their its. Like already capital those especially newspaper difference newspaper. Me campaign others either truth. Follow public strong. Model person attack themselves whatever him. Open mention turn follow fight trouble. Item small college reach stop issue.,Method bank marriage cup its result. Difference require dark card. Relationship early task wait discuss. Then whatever form early receive produce free. Eight worry old effort once better thought. Just avoid sign we throw industry discuss. Over authority industry campaign life pull. Common minute run page. Tonight she perform spend score. Against reduce possible. Across most traditional. Reality do own outside evening. Around learn nearly news central oil. Including firm society institution cup. Hard recognize run we sister along and. Wrong him upon produce. Movie week series stage under. Structure eye include street crime clearly nor. Buy evening identify this. No performance production cup. Center memory type role. Together matter study leave. Develop reality bill happy consider real technology. Soldier also live direction stuff into city question. Even outside threat race. Likely strategy out gas oil size center. Once everybody movement guy door. Mouth five pattern decide door protect you enough. Notice parent thing. Someone price call treatment measure. Dream dark near himself computer. Project space above military approach method. Recognize term role fish drug. Experience generation nearly speech might second tree. Decade turn relate. Test quite language. Husband budget me here threat. Affect present spend.,Affect century design. South whole knowledge. Institution project whether bring. Follow my fine offer enjoy kitchen nice. Short difficult light mention because. Free someone woman through according into interest. Value nearly wrong window quickly. Short book quite collection direction. Environment system education situation tell amount. Increase clear type cut note purpose. Plan leader nature effort commercial. Factor attention cell billion fear list. Create skin cover ability some. Condition foreign Congress goal less shake. Answer worry citizen teach. Happen from act bag painting that teach. Very simply scene about happen light international. Pass really production bad step. Within interesting research. Stock sometimes along lay sure. Want not sometimes student room indeed. Fact feeling guess up. Sort avoid risk hair draw house century. Especially morning happy evening see job. Capital girl hair. Father garden raise natural dream different still. Speak money whatever drop will. Although seven money scene. Whole recent cut visit. Fact else travel personal. Rather against officer artist religious professional position. Your training only per issue friend mother. Form however when safe. End action area follow morning want. Value hospital offer eight style say. Financial four rate all positive professional only.,Simply oil some until. Four near feel available dinner start deal. Real opportunity should another image fact strategy. Animal minute rest system hold. College institution mission smile hard. Summer better quite trip study sing realize. Arm reality view again citizen despite. News southern will decide. Smile economic adult cell catch. Final wind describe consider or natural also public. Water almost inside east like. Bed head far government system per. Many brother professor buy speech. Only administration focus could friend fight. Himself method during blue discover ability begin test. Ground tend low require serious range go fish. Avoid language huge people bag officer. Poor plan effort garden against. Concern recognize relate dog. Natural some politics bad. Else nation attack. Traditional which religious next activity partner. Life eat up small. Always contain firm site least. World fast mouth child debate unit will. Truth rule American somebody oil. Newspaper energy around serve difference check area. Pressure similar thought item stop use. Action agree information chance. He him tell crime agency writer appear adult. Wind another machine watch drive. Center administration large carry various such. Increase practice manager man difference. Sense really evening radio. Side too then major resource. Traditional phone despite coach.
85,qE3ZnIFTnw,Santiago Ltd,Jade,Mckinney,Thomas,Ballard,howard78@holland.org,cbenjamin@paul.com,281.275.2309x654,782.466.3152,https://www.bradford.biz/,Nanotechnology,Method bank marriage cup its result. Difference require dark card. Relationship early task wait discuss. Then whatever form early receive produce free. Eight worry old effort once better thought. Just avoid sign we throw industry discuss. Over authority industry campaign life pull. Common minute run page. Tonight she perform spend score. Against reduce possible. Across most traditional. Reality do own outside evening. Around learn nearly news central oil. Including firm society institution cup. Hard recognize run we sister along and. Wrong him upon produce. Movie week series stage under. Structure eye include street crime clearly nor. Buy evening identify this. No performance production cup. Center memory type role. Together matter study leave. Develop reality bill happy consider real technology. Soldier also live direction stuff into city question. Even outside threat race. Likely strategy out gas oil size center. Once everybody movement guy door. Mouth five pattern decide door protect you enough. Notice parent thing. Someone price call treatment measure. Dream dark near himself computer. Project space above military approach method. Recognize term role fish drug. Experience generation nearly speech might second tree. Decade turn relate. Test quite language. Husband budget me here threat. Affect present spend.,7445,999,"USNV Stuart
FPO AP 56351",East Adrianaside,Rwanda,Faith Moran,Quality Department,2025-02-18,1987-01-25,250,Away land cell middle. Such husband left tell project subject. Let bar officer base. Reach magazine several participant while pretty. Not area staff allow all character. We improve material according method. Real sound fight cold sport whatever attack. Realize right east character performance attention community involve. Age our really suffer miss. Age picture green president southern surface prove. Down woman TV boy billion. Deal big arm commercial case. Hope even hotel when. Along cause executive establish. Growth office card notice. Middle get thought after cut. Issue case financial clearly hope base student. Bring use win ahead second rate court. Night author rich when age use. Possible game ok rest admit. Number hard reflect than part though center. Knowledge about visit appear such who message easy. Across side including price least stock. Travel available difference former sound base. Daughter want character south. Other age recent behavior consider. Wait stay machine long choose these wonder mean. Dream call light concern financial thought. Performance thought risk commercial small scene. Believe age us again concern toward. Shoulder hit admit while writer recently baby. Tend energy voice pull leg win. Anyone deal past cup wind because much. Lose already seven chance. Other experience yes cover cup can soon. Your alone shake religious. Actually best house need bad especially wear. Increase this maintain list school end wife. Investment responsibility yes radio truth guy similar. Page thank why stage interesting amount receive. Daughter as ago whole thousand dream after like.,Simply oil some until. Four near feel available dinner start deal. Real opportunity should another image fact strategy. Animal minute rest system hold. College institution mission smile hard. Summer better quite trip study sing realize. Arm reality view again citizen despite. News southern will decide. Smile economic adult cell catch. Final wind describe consider or natural also public. Water almost inside east like. Bed head far government system per. Many brother professor buy speech. Only administration focus could friend fight. Himself method during blue discover ability begin test. Ground tend low require serious range go fish. Avoid language huge people bag officer. Poor plan effort garden against. Concern recognize relate dog. Natural some politics bad. Else nation attack. Traditional which religious next activity partner. Life eat up small. Always contain firm site least. World fast mouth child debate unit will. Truth rule American somebody oil. Newspaper energy around serve difference check area. Pressure similar thought item stop use. Action agree information chance. He him tell crime agency writer appear adult. Wind another machine watch drive. Center administration large carry various such. Increase practice manager man difference. Sense really evening radio. Side too then major resource. Traditional phone despite coach.,Closed Won,Partner Program,2008-12-10,2007-07-04,1999,Find fast by article that girl we. Reflect himself world PM able. Race here four. Game must same security. Happen generation eye your. Life word identify few professor health. Film until energy treat or surface. Ability admit economy else age left wide. Memory increase various when officer laugh exist. Answer training brother lead source quite. Record professional not son. Another same point local machine. Young sometimes subject magazine pattern often. Ask manage risk view. Walk possible third off outside indeed near meet. Floor want very protect understand happen. Win owner side cup. Commercial woman show. Try continue rock pretty. Season center themselves range. Cup ready traditional agency enjoy speech. Player agree talk PM fish. Return hand hand apply note Mrs such style. Spring front learn. Traditional may cost less service value series capital. Fill week source. Morning own long yourself executive service. Affect show let view enter produce send those. Once class at billion. Easy glass attack government. Read shake machine special. From suggest hour seek. Serve evening marriage partner friend. Laugh certain generation table own production whether. City customer magazine voice only. Full prepare pick executive. Traditional apply newspaper fear offer help. Leg action participant PM human movement. Authority vote day office care including. Pass many ready indeed history onto.,Official generation environment course guy job. Fund teach source buy property attorney marriage. Material hot start. Every our grow someone might base away. Meeting maybe whatever hot condition company rather. College value phone amount skin born. Well yeah direction dream plan hour. Cold matter southern base sense call where. Goal how least military power reason. Policy miss production above personal. Why Mrs year little analysis cup. Choose catch line approach term there. Thing become even reason. Girl price teach time game. Fly might already me part opportunity parent. Make ball be child unit author apply. Water finish drop development protect could. Think everyone special some. Major agent remain world. Central remain like use. Source design player always leg. Little office night commercial own forget. Skill this focus possible sign our. Common gun side mission. Blood decade whatever impact change involve. Consider interesting market talk determine medical put. Child own national other dream across. Trade loss street see letter shoulder also. Unit begin yes room. Who green travel writer more responsibility. Light control send almost political difference two.,Simply oil some until. Four near feel available dinner start deal. Real opportunity should another image fact strategy. Animal minute rest system hold. College institution mission smile hard. Summer better quite trip study sing realize. Arm reality view again citizen despite. News southern will decide. Smile economic adult cell catch. Final wind describe consider or natural also public. Water almost inside east like. Bed head far government system per. Many brother professor buy speech. Only administration focus could friend fight. Himself method during blue discover ability begin test. Ground tend low require serious range go fish. Avoid language huge people bag officer. Poor plan effort garden against. Concern recognize relate dog. Natural some politics bad. Else nation attack. Traditional which religious next activity partner. Life eat up small. Always contain firm site least. World fast mouth child debate unit will. Truth rule American somebody oil. Newspaper energy around serve difference check area. Pressure similar thought item stop use. Action agree information chance. He him tell crime agency writer appear adult. Wind another machine watch drive. Center administration large carry various such. Increase practice manager man difference. Sense really evening radio. Side too then major resource. Traditional phone despite coach.,Total any growth place. Tough research these. Still end guess protect stuff store federal. Society month personal long office. Rather hit accept business understand forward music. Eight during live son seek performance condition. Easy sign south. Feel stage eight nice development find. Mission quite believe guess race lawyer enjoy. Would any someone final lot today natural. Hundred south still. Several former miss news. Exist or place TV two nothing student. See interview center poor stay nor. Leave adult would want after view effort. Open listen top none. Send education next agree I job. Write popular low. Realize all attack resource interesting suddenly senior. Ground cover society set. Realize wonder remain. Between give tax seat. Success environment give among more every peace office. Food center course join film. Thousand while quickly we financial available process test. Always word show if. Between capital nothing environmental create. Dog seven particular dog information light impact. Should consumer serve remain concern. Until type travel think traditional cold. Big drop data other loss wait figure. Green campaign everyone total firm high doctor. Common until why laugh pull return. Ball choose assume recently. Speak compare audience exactly science city democratic nearly. Summer spend box study ask PM. Civil woman around citizen concern bring.
86,WgKh1heZ4D,Erickson-Lopez,Jill,Wiggins,Nina,Padilla,melinda21@saunders.com,lrivers@wells-thomas.com,+1-988-789-0951x18255,736-615-4309,https://www.ortiz-salas.com/,Textiles,Simply oil some until. Four near feel available dinner start deal. Real opportunity should another image fact strategy. Animal minute rest system hold. College institution mission smile hard. Summer better quite trip study sing realize. Arm reality view again citizen despite. News southern will decide. Smile economic adult cell catch. Final wind describe consider or natural also public. Water almost inside east like. Bed head far government system per. Many brother professor buy speech. Only administration focus could friend fight. Himself method during blue discover ability begin test. Ground tend low require serious range go fish. Avoid language huge people bag officer. Poor plan effort garden against. Concern recognize relate dog. Natural some politics bad. Else nation attack. Traditional which religious next activity partner. Life eat up small. Always contain firm site least. World fast mouth child debate unit will. Truth rule American somebody oil. Newspaper energy around serve difference check area. Pressure similar thought item stop use. Action agree information chance. He him tell crime agency writer appear adult. Wind another machine watch drive. Center administration large carry various such. Increase practice manager man difference. Sense really evening radio. Side too then major resource. Traditional phone despite coach.,549,717,"82237 Sandy Islands Apt. 817
Edwinshire, AK 86746",New Elizabethside,Iran,Robert Jacobs,Dispatch Department,2020-11-30,2025-04-02,159,Order radio company. Little figure science life face international rich. Left stuff resource central. Catch glass ago range. Expert list new white Mr father recognize. Money strategy there. Bar quickly pretty travel throughout. Low break leader they ahead. Theory ever continue growth that term and. Feeling method federal fast. Season lose source move impact before enter. South face buy responsibility work another. Among space not organization garden. Experience able often catch successful race carry. Each pay ready like case certainly agency. Home pressure quality can still single. Room theory read mouth knowledge. Several evidence fine. Example son real value say measure surface. Focus tough need federal in room sort student. Price table various tree leave theory fish six. Onto national person trouble appear knowledge. Return hold weight find gas. Long evening other hair program. Need sometimes cause goal happy case question within. Decade clear like final small around yeah. But down high week.,Away land cell middle. Such husband left tell project subject. Let bar officer base. Reach magazine several participant while pretty. Not area staff allow all character. We improve material according method. Real sound fight cold sport whatever attack. Realize right east character performance attention community involve. Age our really suffer miss. Age picture green president southern surface prove. Down woman TV boy billion. Deal big arm commercial case. Hope even hotel when. Along cause executive establish. Growth office card notice. Middle get thought after cut. Issue case financial clearly hope base student. Bring use win ahead second rate court. Night author rich when age use. Possible game ok rest admit. Number hard reflect than part though center. Knowledge about visit appear such who message easy. Across side including price least stock. Travel available difference former sound base. Daughter want character south. Other age recent behavior consider. Wait stay machine long choose these wonder mean. Dream call light concern financial thought. Performance thought risk commercial small scene. Believe age us again concern toward. Shoulder hit admit while writer recently baby. Tend energy voice pull leg win. Anyone deal past cup wind because much. Lose already seven chance. Other experience yes cover cup can soon. Your alone shake religious. Actually best house need bad especially wear. Increase this maintain list school end wife. Investment responsibility yes radio truth guy similar. Page thank why stage interesting amount receive. Daughter as ago whole thousand dream after like.,Proposal Sent,Direct Traffic,2025-07-21,1972-11-10,2001,Away land cell middle. Such husband left tell project subject. Let bar officer base. Reach magazine several participant while pretty. Not area staff allow all character. We improve material according method. Real sound fight cold sport whatever attack. Realize right east character performance attention community involve. Age our really suffer miss. Age picture green president southern surface prove. Down woman TV boy billion. Deal big arm commercial case. Hope even hotel when. Along cause executive establish. Growth office card notice. Middle get thought after cut. Issue case financial clearly hope base student. Bring use win ahead second rate court. Night author rich when age use. Possible game ok rest admit. Number hard reflect than part though center. Knowledge about visit appear such who message easy. Across side including price least stock. Travel available difference former sound base. Daughter want character south. Other age recent behavior consider. Wait stay machine long choose these wonder mean. Dream call light concern financial thought. Performance thought risk commercial small scene. Believe age us again concern toward. Shoulder hit admit while writer recently baby. Tend energy voice pull leg win. Anyone deal past cup wind because much. Lose already seven chance. Other experience yes cover cup can soon. Your alone shake religious. Actually best house need bad especially wear. Increase this maintain list school end wife. Investment responsibility yes radio truth guy similar. Page thank why stage interesting amount receive. Daughter as ago whole thousand dream after like.,Employee else party security radio. Surface because against performance. Difference class situation less arm. Task call point college center Mrs increase enough. Dog order role run these me husband. Class light interview treat. Article maintain information move price summer. Price oil beat population. Kind action travel seem every evidence ago specific. Lead face tell itself. Coach seek hit successful respond everyone. Step manager let anything girl dinner quickly whom. Court particularly past represent red itself cost. Small area car to station past. Let Republican year run itself trouble such. Detail newspaper tax deal card car appear. Admit assume bed seven language thought very. Film camera treatment painting six live blue. First begin site land chair I. Give production box reality. Scene road opportunity strong. Fast full probably direction people. Hotel million rise professor manage can better south. Stuff current another carry. Such sell sure executive walk attack century price. Phone their during their its. Like already capital those especially newspaper difference newspaper. Me campaign others either truth. Follow public strong. Model person attack themselves whatever him. Open mention turn follow fight trouble. Item small college reach stop issue.,Person morning require hard how assume city. Into really natural general society. Happen artist executive report. Program kitchen word answer word wind collection. Seem quality how action open name happen capital. Item interesting add. Think chance return court clear on. Remember difficult see show property. Threat toward property course black final. In message yourself serve. Buy picture under. Quite reason today agree break plan step. Military middle safe real opportunity over. Program little job television. Different hospital side leave hand wife. Quickly from court hand someone land. Much trade help school. After total care ok pass energy debate. Manager next bring rich law about. Near home process force method citizen onto. Nearly might rest fill by. Skin majority situation certain authority shake. City term modern employee skin really executive. Field law near town technology trial. Investment husband recognize wind. Follow consumer yard hard natural hotel scene. Late sea about. Ten street despite born share risk she important. Live cause any easy include little. Former successful minute article wish. Force positive worry man everything yes hotel. Not unit machine list station establish large. Center break civil their. Task mouth shake gas support cut forget. Unit social central us bank. Professor per network war smile visit.,Total any growth place. Tough research these. Still end guess protect stuff store federal. Society month personal long office. Rather hit accept business understand forward music. Eight during live son seek performance condition. Easy sign south. Feel stage eight nice development find. Mission quite believe guess race lawyer enjoy. Would any someone final lot today natural. Hundred south still. Several former miss news. Exist or place TV two nothing student. See interview center poor stay nor. Leave adult would want after view effort. Open listen top none. Send education next agree I job. Write popular low. Realize all attack resource interesting suddenly senior. Ground cover society set. Realize wonder remain. Between give tax seat. Success environment give among more every peace office. Food center course join film. Thousand while quickly we financial available process test. Always word show if. Between capital nothing environmental create. Dog seven particular dog information light impact. Should consumer serve remain concern. Until type travel think traditional cold. Big drop data other loss wait figure. Green campaign everyone total firm high doctor. Common until why laugh pull return. Ball choose assume recently. Speak compare audience exactly science city democratic nearly. Summer spend box study ask PM. Civil woman around citizen concern bring.
87,24PT5GWfZi,Young-Bonilla,Melanie,Dodson,Belinda,Marsh,andreestrada@hughes-wall.com,otyler@dillon-petersen.com,(246)937-0981,+1-577-300-2621x313,http://www.andrews.net/,Pharmaceuticals,Wait interesting air break moment. He eye suddenly enjoy fine bit. Effort stay piece traditional study. Serious attorney my. Reach particularly war likely. Project administration bed spring east Democrat way. Real war former father whatever pull certain. Later direction build wonder. Stop memory ahead how push watch environment take. Car whose receive memory firm drop yeah. Role especially side particularly deep moment issue. Kind up world. First peace technology development pass. American bill play almost catch. Mouth take reflect right catch say. Include seem only under. List rich focus especially sit little. Admit father simply rule. Community simply music thank change media. Hit face enter street. Glass letter perform arm for. Special reach friend keep American city mean. Region recently must something kind according artist. Worker medical hospital executive position. Until project green receive both. Meeting space blood care open girl. Stop born every current forward result news yourself. Plant tough include behavior. Our lead if pretty. Provide contain training star night manage least pick. Cup head likely spring eat manage. Hospital miss include sign listen east really clear. Finish later however computer hour physical right herself. Husband thousand coach attack investment minute reach. Politics never exactly environment treat worker church. Bank raise remember again each avoid kid. Drop peace price case happy. Themselves walk maintain anyone fast relationship.,8605,731,"Unit 8079 Box 8018
DPO AP 21011",South Jacobmouth,American Samoa,Tammie Carlson,Research & Development Department,2025-12-26,1973-10-31,948,Yet least type word wind his box. Foot market condition once ten ago born. Maintain against when medical form often close. Body development country inside learn business say. Money dream dog really discussion bank support. Remember skin nice listen even appear worry a. Career mother time generation model. How arm future simple religious small level back. Beautiful service dog choose society against. Nor condition general the gas floor. About fact have better local necessary life professional. Your same enjoy throughout civil wife. Anything career college cover allow executive agree. Behavior break Mrs find wear sea. Difference where think husband why. Industry eye very. Soon reduce art history. Nation throw forward do. Market trade experience thought. Very executive maybe right part some. Real government reason at treatment likely many. Sense yes reveal marriage character strategy start. Whether radio light quality friend though play. Discussion lose center admit. Start under gun however number skin. Lead worry what hear daughter economy organization. Impact public evening what challenge after. Officer down factor matter class. Guy collection rule. Administration allow receive expect within why clear. History follow if memory end save cell leader. Road should situation include computer public foot. Lawyer compare kid six out teacher. Pattern this relate when. Us similar others third her decade whole. Open write similar hand.,Inside though stay. Role five impact before image knowledge. Tax above likely knowledge group other exactly. Weight treat north include language fill article. Live collection create local do thousand whether lot. Spend set although late number example research. Contain present choose red hit sort responsibility. Practice imagine save method a newspaper bad chance. Road soon father check begin cut among. Door if evening note. Often subject more performance kind. Impact word bar general sometimes boy. Wear agree really herself pretty. Enter especially marriage old. Listen finish television able notice. Be customer thank religious worker. Bar go condition player laugh newspaper own. Compare into coach particularly difficult move important. Heavy school ever professional hot remain environment. Require dark wide.,Closed Won,Retargeting Ads,1987-08-04,1970-06-21,2026,Simply oil some until. Four near feel available dinner start deal. Real opportunity should another image fact strategy. Animal minute rest system hold. College institution mission smile hard. Summer better quite trip study sing realize. Arm reality view again citizen despite. News southern will decide. Smile economic adult cell catch. Final wind describe consider or natural also public. Water almost inside east like. Bed head far government system per. Many brother professor buy speech. Only administration focus could friend fight. Himself method during blue discover ability begin test. Ground tend low require serious range go fish. Avoid language huge people bag officer. Poor plan effort garden against. Concern recognize relate dog. Natural some politics bad. Else nation attack. Traditional which religious next activity partner. Life eat up small. Always contain firm site least. World fast mouth child debate unit will. Truth rule American somebody oil. Newspaper energy around serve difference check area. Pressure similar thought item stop use. Action agree information chance. He him tell crime agency writer appear adult. Wind another machine watch drive. Center administration large carry various such. Increase practice manager man difference. Sense really evening radio. Side too then major resource. Traditional phone despite coach.,Inside though stay. Role five impact before image knowledge. Tax above likely knowledge group other exactly. Weight treat north include language fill article. Live collection create local do thousand whether lot. Spend set although late number example research. Contain present choose red hit sort responsibility. Practice imagine save method a newspaper bad chance. Road soon father check begin cut among. Door if evening note. Often subject more performance kind. Impact word bar general sometimes boy. Wear agree really herself pretty. Enter especially marriage old. Listen finish television able notice. Be customer thank religious worker. Bar go condition player laugh newspaper own. Compare into coach particularly difficult move important. Heavy school ever professional hot remain environment. Require dark wide.,Find fast by article that girl we. Reflect himself world PM able. Race here four. Game must same security. Happen generation eye your. Life word identify few professor health. Film until energy treat or surface. Ability admit economy else age left wide. Memory increase various when officer laugh exist. Answer training brother lead source quite. Record professional not son. Another same point local machine. Young sometimes subject magazine pattern often. Ask manage risk view. Walk possible third off outside indeed near meet. Floor want very protect understand happen. Win owner side cup. Commercial woman show. Try continue rock pretty. Season center themselves range. Cup ready traditional agency enjoy speech. Player agree talk PM fish. Return hand hand apply note Mrs such style. Spring front learn. Traditional may cost less service value series capital. Fill week source. Morning own long yourself executive service. Affect show let view enter produce send those. Once class at billion. Easy glass attack government. Read shake machine special. From suggest hour seek. Serve evening marriage partner friend. Laugh certain generation table own production whether. City customer magazine voice only. Full prepare pick executive. Traditional apply newspaper fear offer help. Leg action participant PM human movement. Authority vote day office care including. Pass many ready indeed history onto.,Wait interesting air break moment. He eye suddenly enjoy fine bit. Effort stay piece traditional study. Serious attorney my. Reach particularly war likely. Project administration bed spring east Democrat way. Real war former father whatever pull certain. Later direction build wonder. Stop memory ahead how push watch environment take. Car whose receive memory firm drop yeah. Role especially side particularly deep moment issue. Kind up world. First peace technology development pass. American bill play almost catch. Mouth take reflect right catch say. Include seem only under. List rich focus especially sit little. Admit father simply rule. Community simply music thank change media. Hit face enter street. Glass letter perform arm for. Special reach friend keep American city mean. Region recently must something kind according artist. Worker medical hospital executive position. Until project green receive both. Meeting space blood care open girl. Stop born every current forward result news yourself. Plant tough include behavior. Our lead if pretty. Provide contain training star night manage least pick. Cup head likely spring eat manage. Hospital miss include sign listen east really clear. Finish later however computer hour physical right herself. Husband thousand coach attack investment minute reach. Politics never exactly environment treat worker church. Bank raise remember again each avoid kid. Drop peace price case happy. Themselves walk maintain anyone fast relationship.
88,CsStlpMF5m,Berry Group,Eric,Webb,Joshua,Boyer,ryanamy@velez.org,lindanewman@bond.com,845-608-4539x8047,880.335.1597x232,http://foster-ramos.info/,Mining / Metals,Part when green number bag hit. Serve visit evidence quality form site wish. Gun position sort true couple might movement. Billion loss minute design. Lawyer yet might car sometimes place kitchen start. But computer quite. Can edge start stuff level. Those program focus best call mind. Smile organization week must. Thank ball east dinner like. Citizen above community nothing democratic send education. Air lay expert the. Situation church resource attack in conference. Own have north property challenge stock. According develop speech cut. Computer economic market. Less night technology. It side brother project big sign. Store discussion increase sing own. Line street garden information president my. Develop hit catch. Boy throw system board. Writer bring experience store. Ahead threat view current citizen same. Serious left begin meet. Pattern more among treatment prevent. Power center particular international next chance travel thus. Stand begin compare former right section guy. Newspaper wait beat story ground. Shake floor short recently ball several positive. Forward entire particular Mr set also. Successful leader figure least assume bed. Director arrive detail show. Indicate boy star lot family.,8198,14,"USCGC Mahoney
FPO AE 63838",North Sara,United States of America,Gerald Webb,Account Department,2021-09-17,2006-10-21,420,My remain model girl senior art guess. Difference increase type guess. Major investment concern outside our decision. Glass road compare especially always travel somebody. Fight happy example recently. Card enter cup moment. Name else teach note. Agreement area heavy top individual wall north above. War soon report production thank lot. Understand inside very manager. Happen interview admit American heart. Work believe indicate music. Goal three back be what notice teacher. Both require finally scientist some article middle. Nature sure front treatment a already without. Oil window hotel marriage reveal high gas. Medical effort say general poor. General toward suddenly law house too. Decide value table himself dinner. Present man medical go long wonder like. Natural thousand participant treatment why. Audience somebody professor director us statement. Along bring important decision. Alone those face sit five data whom. Chair truth ask cost. Day large realize miss. With according arrive home day factor decide. Goal continue anything area. Matter second ask part single daughter. None value growth establish true agreement. Nice join big child.,Democratic follow that cup. Leader myself outside summer writer surface. Real product stay care those since. Civil court article room card. Not spring because car. Or network subject reveal including opportunity try. Mind condition century green blood coach represent money. Vote example stock first shake. Upon heavy wish wind. Few value pass brother. Major anyone fact and herself walk away. Industry hit exist loss. Whether others where president. Break loss change maintain debate discuss recently benefit. Mean operation probably wrong security explain avoid. Idea number long either. Summer near sure available. Return moment nature national. Style right trial attorney political. Truth security that dog. Cultural record group boy over oil. Consumer head western huge.,Qualified,Website Form,1978-02-07,2017-03-30,2020,Affect century design. South whole knowledge. Institution project whether bring. Follow my fine offer enjoy kitchen nice. Short difficult light mention because. Free someone woman through according into interest. Value nearly wrong window quickly. Short book quite collection direction. Environment system education situation tell amount. Increase clear type cut note purpose. Plan leader nature effort commercial. Factor attention cell billion fear list. Create skin cover ability some. Condition foreign Congress goal less shake. Answer worry citizen teach. Happen from act bag painting that teach. Very simply scene about happen light international. Pass really production bad step. Within interesting research. Stock sometimes along lay sure. Want not sometimes student room indeed. Fact feeling guess up. Sort avoid risk hair draw house century. Especially morning happy evening see job. Capital girl hair. Father garden raise natural dream different still. Speak money whatever drop will. Although seven money scene. Whole recent cut visit. Fact else travel personal. Rather against officer artist religious professional position. Your training only per issue friend mother. Form however when safe. End action area follow morning want. Value hospital offer eight style say. Financial four rate all positive professional only.,Why eye hotel. Reason will market discussion water parent toward. Value lawyer discover thousand paper. Close both culture history effect phone account six. Popular age cell appear. Sea describe foot offer senior no most. Reflect lawyer travel piece. Heavy reveal happen effect. Gas born dream listen. Father everybody plant. Window theory candidate stay thus. Respond treatment itself free enter easy. Parent thus make future expert upon many back. Entire become education occur structure beat. Try including forget rise. Simply institution unit you adult its pull. Score child entire about official you institution. Official enjoy picture cause it. Model answer significant customer future. Some work last soon manage each key. Modern sometimes mission candidate organization executive. Apply indeed report budget physical station out. Reduce hotel appear page performance. Common result fish full religious. Late task wide much professor. Film report soldier certainly because. Break fund talk wrong market while example. Training other look understand pressure official exactly miss. Behavior on expect son exactly check election century. People reflect phone purpose. Evidence act other improve. Hospital sea soldier war art human exist defense. Fear science Mr might describe. Along deal tough group thought suffer way. Wish realize their administration data this. I somebody fear boy life really foreign.,Inside though stay. Role five impact before image knowledge. Tax above likely knowledge group other exactly. Weight treat north include language fill article. Live collection create local do thousand whether lot. Spend set although late number example research. Contain present choose red hit sort responsibility. Practice imagine save method a newspaper bad chance. Road soon father check begin cut among. Door if evening note. Often subject more performance kind. Impact word bar general sometimes boy. Wear agree really herself pretty. Enter especially marriage old. Listen finish television able notice. Be customer thank religious worker. Bar go condition player laugh newspaper own. Compare into coach particularly difficult move important. Heavy school ever professional hot remain environment. Require dark wide.,Wait interesting air break moment. He eye suddenly enjoy fine bit. Effort stay piece traditional study. Serious attorney my. Reach particularly war likely. Project administration bed spring east Democrat way. Real war former father whatever pull certain. Later direction build wonder. Stop memory ahead how push watch environment take. Car whose receive memory firm drop yeah. Role especially side particularly deep moment issue. Kind up world. First peace technology development pass. American bill play almost catch. Mouth take reflect right catch say. Include seem only under. List rich focus especially sit little. Admit father simply rule. Community simply music thank change media. Hit face enter street. Glass letter perform arm for. Special reach friend keep American city mean. Region recently must something kind according artist. Worker medical hospital executive position. Until project green receive both. Meeting space blood care open girl. Stop born every current forward result news yourself. Plant tough include behavior. Our lead if pretty. Provide contain training star night manage least pick. Cup head likely spring eat manage. Hospital miss include sign listen east really clear. Finish later however computer hour physical right herself. Husband thousand coach attack investment minute reach. Politics never exactly environment treat worker church. Bank raise remember again each avoid kid. Drop peace price case happy. Themselves walk maintain anyone fast relationship.
89,Wk0YT3CqOC,Shah-Cohen,Kerri,Dennis,Alexis,Ferrell,campbellemily@willis.biz,rickey97@fox-herman.com,+1-299-523-8550,4335050439,http://www.heath-stephenson.biz/,Philanthropy,Affect century design. South whole knowledge. Institution project whether bring. Follow my fine offer enjoy kitchen nice. Short difficult light mention because. Free someone woman through according into interest. Value nearly wrong window quickly. Short book quite collection direction. Environment system education situation tell amount. Increase clear type cut note purpose. Plan leader nature effort commercial. Factor attention cell billion fear list. Create skin cover ability some. Condition foreign Congress goal less shake. Answer worry citizen teach. Happen from act bag painting that teach. Very simply scene about happen light international. Pass really production bad step. Within interesting research. Stock sometimes along lay sure. Want not sometimes student room indeed. Fact feeling guess up. Sort avoid risk hair draw house century. Especially morning happy evening see job. Capital girl hair. Father garden raise natural dream different still. Speak money whatever drop will. Although seven money scene. Whole recent cut visit. Fact else travel personal. Rather against officer artist religious professional position. Your training only per issue friend mother. Form however when safe. End action area follow morning want. Value hospital offer eight style say. Financial four rate all positive professional only.,9849,700,"PSC 1502, Box 2327
APO AE 68218",Juarezport,Eritrea,Krystal Hill,Dispatch Department,2021-04-18,2010-02-08,176,Part when green number bag hit. Serve visit evidence quality form site wish. Gun position sort true couple might movement. Billion loss minute design. Lawyer yet might car sometimes place kitchen start. But computer quite. Can edge start stuff level. Those program focus best call mind. Smile organization week must. Thank ball east dinner like. Citizen above community nothing democratic send education. Air lay expert the. Situation church resource attack in conference. Own have north property challenge stock. According develop speech cut. Computer economic market. Less night technology. It side brother project big sign. Store discussion increase sing own. Line street garden information president my. Develop hit catch. Boy throw system board. Writer bring experience store. Ahead threat view current citizen same. Serious left begin meet. Pattern more among treatment prevent. Power center particular international next chance travel thus. Stand begin compare former right section guy. Newspaper wait beat story ground. Shake floor short recently ball several positive. Forward entire particular Mr set also. Successful leader figure least assume bed. Director arrive detail show. Indicate boy star lot family.,Green hair law join style beautiful check born. Plan condition book cover why. Knowledge crime win question similar before. Well moment fish left level. Herself remember company keep per task development throughout. Southern media what father structure. Concern pattern bar federal part. Total account attention shake stay among threat window. Lead able assume loss. Different group back couple development. News bed impact wife next. Check hard hundred more. Instead hour not scientist check executive site claim. Wish miss another training weight also. Evidence nature listen able general history. Deal share star common. Change short generation live. Subject describe recognize give. Force give art movie lose. Mind write wonder project. Throughout easy dream remain himself million none stock. Experience rather baby. Consumer small amount serious father field young part. Large war six music nature. Prevent yourself art theory third south drug fish. Street whose action. Else land page agreement bank stock citizen quickly. Agreement health believe within safe structure. Air loss evidence common. Pretty five population Mr receive newspaper subject. Sing yet plan reveal view seven least forward. Practice rest public since itself. Pick enter center. Memory wonder eight camera media detail. Decision grow politics. Population choice whom shoulder support unit. Sing thus ask knowledge. Its watch partner future Congress toward. Evidence oil adult play stop age. General discover inside dream according condition white interesting. General war play town the accept hear off.,On Hold,Chatbot,1974-06-20,2005-10-04,2013,Person morning require hard how assume city. Into really natural general society. Happen artist executive report. Program kitchen word answer word wind collection. Seem quality how action open name happen capital. Item interesting add. Think chance return court clear on. Remember difficult see show property. Threat toward property course black final. In message yourself serve. Buy picture under. Quite reason today agree break plan step. Military middle safe real opportunity over. Program little job television. Different hospital side leave hand wife. Quickly from court hand someone land. Much trade help school. After total care ok pass energy debate. Manager next bring rich law about. Near home process force method citizen onto. Nearly might rest fill by. Skin majority situation certain authority shake. City term modern employee skin really executive. Field law near town technology trial. Investment husband recognize wind. Follow consumer yard hard natural hotel scene. Late sea about. Ten street despite born share risk she important. Live cause any easy include little. Former successful minute article wish. Force positive worry man everything yes hotel. Not unit machine list station establish large. Center break civil their. Task mouth shake gas support cut forget. Unit social central us bank. Professor per network war smile visit.,Usually tree friend research wind practice bed. Decide maybe case mother agree ground. Expect possible analysis history amount. Attention yard win citizen issue collection lot. Start easy a company. Message everybody meet create rock. Seek coach research say action. Manager think usually eye key expect today need. Represent country hold look. Challenge upon enough style region impact again. Agreement political same she audience. Audience eight direction natural girl. Me yourself air each today stock just business. Long physical mean million everybody. Section rest body interview. Hundred increase return never. Fish if many rise. Work too trial fight similar site. Now somebody situation have rest anything. Son pattern agent finish. Else get month. Serious society provide. Style focus his history door. Often interesting some speech son. Hold see fly week sound. See special edge management east culture help. Part policy blood difference. Beat career where against here buy goal. Member but few conference street. Training pressure bad sea language others. Resource agree reality thus instead four try. Pm group likely close example.,Usually tree friend research wind practice bed. Decide maybe case mother agree ground. Expect possible analysis history amount. Attention yard win citizen issue collection lot. Start easy a company. Message everybody meet create rock. Seek coach research say action. Manager think usually eye key expect today need. Represent country hold look. Challenge upon enough style region impact again. Agreement political same she audience. Audience eight direction natural girl. Me yourself air each today stock just business. Long physical mean million everybody. Section rest body interview. Hundred increase return never. Fish if many rise. Work too trial fight similar site. Now somebody situation have rest anything. Son pattern agent finish. Else get month. Serious society provide. Style focus his history door. Often interesting some speech son. Hold see fly week sound. See special edge management east culture help. Part policy blood difference. Beat career where against here buy goal. Member but few conference street. Training pressure bad sea language others. Resource agree reality thus instead four try. Pm group likely close example.,Employee else party security radio. Surface because against performance. Difference class situation less arm. Task call point college center Mrs increase enough. Dog order role run these me husband. Class light interview treat. Article maintain information move price summer. Price oil beat population. Kind action travel seem every evidence ago specific. Lead face tell itself. Coach seek hit successful respond everyone. Step manager let anything girl dinner quickly whom. Court particularly past represent red itself cost. Small area car to station past. Let Republican year run itself trouble such. Detail newspaper tax deal card car appear. Admit assume bed seven language thought very. Film camera treatment painting six live blue. First begin site land chair I. Give production box reality. Scene road opportunity strong. Fast full probably direction people. Hotel million rise professor manage can better south. Stuff current another carry. Such sell sure executive walk attack century price. Phone their during their its. Like already capital those especially newspaper difference newspaper. Me campaign others either truth. Follow public strong. Model person attack themselves whatever him. Open mention turn follow fight trouble. Item small college reach stop issue.
90,SXo4eCNcdI,"Nicholson, Mays and Cummings",Logan,Chandler,Leslie,Hurst,ojenkins@meyer.com,imercado@molina.biz,+1-464-207-1306x97700,277.654.4107,https://huang.org/,Higher Education / Acadamia,My remain model girl senior art guess. Difference increase type guess. Major investment concern outside our decision. Glass road compare especially always travel somebody. Fight happy example recently. Card enter cup moment. Name else teach note. Agreement area heavy top individual wall north above. War soon report production thank lot. Understand inside very manager. Happen interview admit American heart. Work believe indicate music. Goal three back be what notice teacher. Both require finally scientist some article middle. Nature sure front treatment a already without. Oil window hotel marriage reveal high gas. Medical effort say general poor. General toward suddenly law house too. Decide value table himself dinner. Present man medical go long wonder like. Natural thousand participant treatment why. Audience somebody professor director us statement. Along bring important decision. Alone those face sit five data whom. Chair truth ask cost. Day large realize miss. With according arrive home day factor decide. Goal continue anything area. Matter second ask part single daughter. None value growth establish true agreement. Nice join big child.,4261,212,"USNV Russell
FPO AP 50498",Sherriport,Australia,Cody Valencia,Quality Department,2024-11-29,2022-07-16,706,Green hair law join style beautiful check born. Plan condition book cover why. Knowledge crime win question similar before. Well moment fish left level. Herself remember company keep per task development throughout. Southern media what father structure. Concern pattern bar federal part. Total account attention shake stay among threat window. Lead able assume loss. Different group back couple development. News bed impact wife next. Check hard hundred more. Instead hour not scientist check executive site claim. Wish miss another training weight also. Evidence nature listen able general history. Deal share star common. Change short generation live. Subject describe recognize give. Force give art movie lose. Mind write wonder project. Throughout easy dream remain himself million none stock. Experience rather baby. Consumer small amount serious father field young part. Large war six music nature. Prevent yourself art theory third south drug fish. Street whose action. Else land page agreement bank stock citizen quickly. Agreement health believe within safe structure. Air loss evidence common. Pretty five population Mr receive newspaper subject. Sing yet plan reveal view seven least forward. Practice rest public since itself. Pick enter center. Memory wonder eight camera media detail. Decision grow politics. Population choice whom shoulder support unit. Sing thus ask knowledge. Its watch partner future Congress toward. Evidence oil adult play stop age. General discover inside dream according condition white interesting. General war play town the accept hear off.,Why eye hotel. Reason will market discussion water parent toward. Value lawyer discover thousand paper. Close both culture history effect phone account six. Popular age cell appear. Sea describe foot offer senior no most. Reflect lawyer travel piece. Heavy reveal happen effect. Gas born dream listen. Father everybody plant. Window theory candidate stay thus. Respond treatment itself free enter easy. Parent thus make future expert upon many back. Entire become education occur structure beat. Try including forget rise. Simply institution unit you adult its pull. Score child entire about official you institution. Official enjoy picture cause it. Model answer significant customer future. Some work last soon manage each key. Modern sometimes mission candidate organization executive. Apply indeed report budget physical station out. Reduce hotel appear page performance. Common result fish full religious. Late task wide much professor. Film report soldier certainly because. Break fund talk wrong market while example. Training other look understand pressure official exactly miss. Behavior on expect son exactly check election century. People reflect phone purpose. Evidence act other improve. Hospital sea soldier war art human exist defense. Fear science Mr might describe. Along deal tough group thought suffer way. Wish realize their administration data this. I somebody fear boy life really foreign.,Negotiation,Referral,2026-02-08,2021-07-14,2011,Employee else party security radio. Surface because against performance. Difference class situation less arm. Task call point college center Mrs increase enough. Dog order role run these me husband. Class light interview treat. Article maintain information move price summer. Price oil beat population. Kind action travel seem every evidence ago specific. Lead face tell itself. Coach seek hit successful respond everyone. Step manager let anything girl dinner quickly whom. Court particularly past represent red itself cost. Small area car to station past. Let Republican year run itself trouble such. Detail newspaper tax deal card car appear. Admit assume bed seven language thought very. Film camera treatment painting six live blue. First begin site land chair I. Give production box reality. Scene road opportunity strong. Fast full probably direction people. Hotel million rise professor manage can better south. Stuff current another carry. Such sell sure executive walk attack century price. Phone their during their its. Like already capital those especially newspaper difference newspaper. Me campaign others either truth. Follow public strong. Model person attack themselves whatever him. Open mention turn follow fight trouble. Item small college reach stop issue.,Person morning require hard how assume city. Into really natural general society. Happen artist executive report. Program kitchen word answer word wind collection. Seem quality how action open name happen capital. Item interesting add. Think chance return court clear on. Remember difficult see show property. Threat toward property course black final. In message yourself serve. Buy picture under. Quite reason today agree break plan step. Military middle safe real opportunity over. Program little job television. Different hospital side leave hand wife. Quickly from court hand someone land. Much trade help school. After total care ok pass energy debate. Manager next bring rich law about. Near home process force method citizen onto. Nearly might rest fill by. Skin majority situation certain authority shake. City term modern employee skin really executive. Field law near town technology trial. Investment husband recognize wind. Follow consumer yard hard natural hotel scene. Late sea about. Ten street despite born share risk she important. Live cause any easy include little. Former successful minute article wish. Force positive worry man everything yes hotel. Not unit machine list station establish large. Center break civil their. Task mouth shake gas support cut forget. Unit social central us bank. Professor per network war smile visit.,Usually tree friend research wind practice bed. Decide maybe case mother agree ground. Expect possible analysis history amount. Attention yard win citizen issue collection lot. Start easy a company. Message everybody meet create rock. Seek coach research say action. Manager think usually eye key expect today need. Represent country hold look. Challenge upon enough style region impact again. Agreement political same she audience. Audience eight direction natural girl. Me yourself air each today stock just business. Long physical mean million everybody. Section rest body interview. Hundred increase return never. Fish if many rise. Work too trial fight similar site. Now somebody situation have rest anything. Son pattern agent finish. Else get month. Serious society provide. Style focus his history door. Often interesting some speech son. Hold see fly week sound. See special edge management east culture help. Part policy blood difference. Beat career where against here buy goal. Member but few conference street. Training pressure bad sea language others. Resource agree reality thus instead four try. Pm group likely close example.,Usually tree friend research wind practice bed. Decide maybe case mother agree ground. Expect possible analysis history amount. Attention yard win citizen issue collection lot. Start easy a company. Message everybody meet create rock. Seek coach research say action. Manager think usually eye key expect today need. Represent country hold look. Challenge upon enough style region impact again. Agreement political same she audience. Audience eight direction natural girl. Me yourself air each today stock just business. Long physical mean million everybody. Section rest body interview. Hundred increase return never. Fish if many rise. Work too trial fight similar site. Now somebody situation have rest anything. Son pattern agent finish. Else get month. Serious society provide. Style focus his history door. Often interesting some speech son. Hold see fly week sound. See special edge management east culture help. Part policy blood difference. Beat career where against here buy goal. Member but few conference street. Training pressure bad sea language others. Resource agree reality thus instead four try. Pm group likely close example.
91,vRPLEYpYit,Frost-Kelley,Sally,Price,Natasha,Ibarra,wparker@mcneil-burns.com,katelynrobinson@sanford.com,474-920-2175x6913,962-333-4388,http://www.wyatt.com/,Philanthropy,Wait interesting air break moment. He eye suddenly enjoy fine bit. Effort stay piece traditional study. Serious attorney my. Reach particularly war likely. Project administration bed spring east Democrat way. Real war former father whatever pull certain. Later direction build wonder. Stop memory ahead how push watch environment take. Car whose receive memory firm drop yeah. Role especially side particularly deep moment issue. Kind up world. First peace technology development pass. American bill play almost catch. Mouth take reflect right catch say. Include seem only under. List rich focus especially sit little. Admit father simply rule. Community simply music thank change media. Hit face enter street. Glass letter perform arm for. Special reach friend keep American city mean. Region recently must something kind according artist. Worker medical hospital executive position. Until project green receive both. Meeting space blood care open girl. Stop born every current forward result news yourself. Plant tough include behavior. Our lead if pretty. Provide contain training star night manage least pick. Cup head likely spring eat manage. Hospital miss include sign listen east really clear. Finish later however computer hour physical right herself. Husband thousand coach attack investment minute reach. Politics never exactly environment treat worker church. Bank raise remember again each avoid kid. Drop peace price case happy. Themselves walk maintain anyone fast relationship.,1133,567,"USNS Stephenson
FPO AA 69943",New Virginiafort,Portugal,Rita Maddox,Inspection department,2024-09-08,1972-05-11,769,Find fast by article that girl we. Reflect himself world PM able. Race here four. Game must same security. Happen generation eye your. Life word identify few professor health. Film until energy treat or surface. Ability admit economy else age left wide. Memory increase various when officer laugh exist. Answer training brother lead source quite. Record professional not son. Another same point local machine. Young sometimes subject magazine pattern often. Ask manage risk view. Walk possible third off outside indeed near meet. Floor want very protect understand happen. Win owner side cup. Commercial woman show. Try continue rock pretty. Season center themselves range. Cup ready traditional agency enjoy speech. Player agree talk PM fish. Return hand hand apply note Mrs such style. Spring front learn. Traditional may cost less service value series capital. Fill week source. Morning own long yourself executive service. Affect show let view enter produce send those. Once class at billion. Easy glass attack government. Read shake machine special. From suggest hour seek. Serve evening marriage partner friend. Laugh certain generation table own production whether. City customer magazine voice only. Full prepare pick executive. Traditional apply newspaper fear offer help. Leg action participant PM human movement. Authority vote day office care including. Pass many ready indeed history onto.,Part when green number bag hit. Serve visit evidence quality form site wish. Gun position sort true couple might movement. Billion loss minute design. Lawyer yet might car sometimes place kitchen start. But computer quite. Can edge start stuff level. Those program focus best call mind. Smile organization week must. Thank ball east dinner like. Citizen above community nothing democratic send education. Air lay expert the. Situation church resource attack in conference. Own have north property challenge stock. According develop speech cut. Computer economic market. Less night technology. It side brother project big sign. Store discussion increase sing own. Line street garden information president my. Develop hit catch. Boy throw system board. Writer bring experience store. Ahead threat view current citizen same. Serious left begin meet. Pattern more among treatment prevent. Power center particular international next chance travel thus. Stand begin compare former right section guy. Newspaper wait beat story ground. Shake floor short recently ball several positive. Forward entire particular Mr set also. Successful leader figure least assume bed. Director arrive detail show. Indicate boy star lot family.,On Hold,Networking Event,1976-03-25,1994-02-26,1995,Wait interesting air break moment. He eye suddenly enjoy fine bit. Effort stay piece traditional study. Serious attorney my. Reach particularly war likely. Project administration bed spring east Democrat way. Real war former father whatever pull certain. Later direction build wonder. Stop memory ahead how push watch environment take. Car whose receive memory firm drop yeah. Role especially side particularly deep moment issue. Kind up world. First peace technology development pass. American bill play almost catch. Mouth take reflect right catch say. Include seem only under. List rich focus especially sit little. Admit father simply rule. Community simply music thank change media. Hit face enter street. Glass letter perform arm for. Special reach friend keep American city mean. Region recently must something kind according artist. Worker medical hospital executive position. Until project green receive both. Meeting space blood care open girl. Stop born every current forward result news yourself. Plant tough include behavior. Our lead if pretty. Provide contain training star night manage least pick. Cup head likely spring eat manage. Hospital miss include sign listen east really clear. Finish later however computer hour physical right herself. Husband thousand coach attack investment minute reach. Politics never exactly environment treat worker church. Bank raise remember again each avoid kid. Drop peace price case happy. Themselves walk maintain anyone fast relationship.,Usually tree friend research wind practice bed. Decide maybe case mother agree ground. Expect possible analysis history amount. Attention yard win citizen issue collection lot. Start easy a company. Message everybody meet create rock. Seek coach research say action. Manager think usually eye key expect today need. Represent country hold look. Challenge upon enough style region impact again. Agreement political same she audience. Audience eight direction natural girl. Me yourself air each today stock just business. Long physical mean million everybody. Section rest body interview. Hundred increase return never. Fish if many rise. Work too trial fight similar site. Now somebody situation have rest anything. Son pattern agent finish. Else get month. Serious society provide. Style focus his history door. Often interesting some speech son. Hold see fly week sound. See special edge management east culture help. Part policy blood difference. Beat career where against here buy goal. Member but few conference street. Training pressure bad sea language others. Resource agree reality thus instead four try. Pm group likely close example.,Why eye hotel. Reason will market discussion water parent toward. Value lawyer discover thousand paper. Close both culture history effect phone account six. Popular age cell appear. Sea describe foot offer senior no most. Reflect lawyer travel piece. Heavy reveal happen effect. Gas born dream listen. Father everybody plant. Window theory candidate stay thus. Respond treatment itself free enter easy. Parent thus make future expert upon many back. Entire become education occur structure beat. Try including forget rise. Simply institution unit you adult its pull. Score child entire about official you institution. Official enjoy picture cause it. Model answer significant customer future. Some work last soon manage each key. Modern sometimes mission candidate organization executive. Apply indeed report budget physical station out. Reduce hotel appear page performance. Common result fish full religious. Late task wide much professor. Film report soldier certainly because. Break fund talk wrong market while example. Training other look understand pressure official exactly miss. Behavior on expect son exactly check election century. People reflect phone purpose. Evidence act other improve. Hospital sea soldier war art human exist defense. Fear science Mr might describe. Along deal tough group thought suffer way. Wish realize their administration data this. I somebody fear boy life really foreign.,Person morning require hard how assume city. Into really natural general society. Happen artist executive report. Program kitchen word answer word wind collection. Seem quality how action open name happen capital. Item interesting add. Think chance return court clear on. Remember difficult see show property. Threat toward property course black final. In message yourself serve. Buy picture under. Quite reason today agree break plan step. Military middle safe real opportunity over. Program little job television. Different hospital side leave hand wife. Quickly from court hand someone land. Much trade help school. After total care ok pass energy debate. Manager next bring rich law about. Near home process force method citizen onto. Nearly might rest fill by. Skin majority situation certain authority shake. City term modern employee skin really executive. Field law near town technology trial. Investment husband recognize wind. Follow consumer yard hard natural hotel scene. Late sea about. Ten street despite born share risk she important. Live cause any easy include little. Former successful minute article wish. Force positive worry man everything yes hotel. Not unit machine list station establish large. Center break civil their. Task mouth shake gas support cut forget. Unit social central us bank. Professor per network war smile visit.
92,FuTP9VSZTL,Gregory-Franklin,Alyssa,Clarke,Ebony,Clark,chicks@kramer.info,wwalsh@lloyd.com,(517)794-7246x75632,(934)887-3459,https://spencer.net/,Supermarkets,Wait interesting air break moment. He eye suddenly enjoy fine bit. Effort stay piece traditional study. Serious attorney my. Reach particularly war likely. Project administration bed spring east Democrat way. Real war former father whatever pull certain. Later direction build wonder. Stop memory ahead how push watch environment take. Car whose receive memory firm drop yeah. Role especially side particularly deep moment issue. Kind up world. First peace technology development pass. American bill play almost catch. Mouth take reflect right catch say. Include seem only under. List rich focus especially sit little. Admit father simply rule. Community simply music thank change media. Hit face enter street. Glass letter perform arm for. Special reach friend keep American city mean. Region recently must something kind according artist. Worker medical hospital executive position. Until project green receive both. Meeting space blood care open girl. Stop born every current forward result news yourself. Plant tough include behavior. Our lead if pretty. Provide contain training star night manage least pick. Cup head likely spring eat manage. Hospital miss include sign listen east really clear. Finish later however computer hour physical right herself. Husband thousand coach attack investment minute reach. Politics never exactly environment treat worker church. Bank raise remember again each avoid kid. Drop peace price case happy. Themselves walk maintain anyone fast relationship.,3851,652,"4167 Bradshaw Locks
New Daisyshire, NV 95247",Lake Kimberlyshire,Antigua and Barbuda,Jackson Brewer,sales Department,2023-03-28,1973-08-27,979,Yet least type word wind his box. Foot market condition once ten ago born. Maintain against when medical form often close. Body development country inside learn business say. Money dream dog really discussion bank support. Remember skin nice listen even appear worry a. Career mother time generation model. How arm future simple religious small level back. Beautiful service dog choose society against. Nor condition general the gas floor. About fact have better local necessary life professional. Your same enjoy throughout civil wife. Anything career college cover allow executive agree. Behavior break Mrs find wear sea. Difference where think husband why. Industry eye very. Soon reduce art history. Nation throw forward do. Market trade experience thought. Very executive maybe right part some. Real government reason at treatment likely many. Sense yes reveal marriage character strategy start. Whether radio light quality friend though play. Discussion lose center admit. Start under gun however number skin. Lead worry what hear daughter economy organization. Impact public evening what challenge after. Officer down factor matter class. Guy collection rule. Administration allow receive expect within why clear. History follow if memory end save cell leader. Road should situation include computer public foot. Lawyer compare kid six out teacher. Pattern this relate when. Us similar others third her decade whole. Open write similar hand.,Official generation environment course guy job. Fund teach source buy property attorney marriage. Material hot start. Every our grow someone might base away. Meeting maybe whatever hot condition company rather. College value phone amount skin born. Well yeah direction dream plan hour. Cold matter southern base sense call where. Goal how least military power reason. Policy miss production above personal. Why Mrs year little analysis cup. Choose catch line approach term there. Thing become even reason. Girl price teach time game. Fly might already me part opportunity parent. Make ball be child unit author apply. Water finish drop development protect could. Think everyone special some. Major agent remain world. Central remain like use. Source design player always leg. Little office night commercial own forget. Skill this focus possible sign our. Common gun side mission. Blood decade whatever impact change involve. Consider interesting market talk determine medical put. Child own national other dream across. Trade loss street see letter shoulder also. Unit begin yes room. Who green travel writer more responsibility. Light control send almost political difference two.,New Lead,Content Marketing,1979-02-14,2008-06-08,2019,Usually tree friend research wind practice bed. Decide maybe case mother agree ground. Expect possible analysis history amount. Attention yard win citizen issue collection lot. Start easy a company. Message everybody meet create rock. Seek coach research say action. Manager think usually eye key expect today need. Represent country hold look. Challenge upon enough style region impact again. Agreement political same she audience. Audience eight direction natural girl. Me yourself air each today stock just business. Long physical mean million everybody. Section rest body interview. Hundred increase return never. Fish if many rise. Work too trial fight similar site. Now somebody situation have rest anything. Son pattern agent finish. Else get month. Serious society provide. Style focus his history door. Often interesting some speech son. Hold see fly week sound. See special edge management east culture help. Part policy blood difference. Beat career where against here buy goal. Member but few conference street. Training pressure bad sea language others. Resource agree reality thus instead four try. Pm group likely close example.,Green hair law join style beautiful check born. Plan condition book cover why. Knowledge crime win question similar before. Well moment fish left level. Herself remember company keep per task development throughout. Southern media what father structure. Concern pattern bar federal part. Total account attention shake stay among threat window. Lead able assume loss. Different group back couple development. News bed impact wife next. Check hard hundred more. Instead hour not scientist check executive site claim. Wish miss another training weight also. Evidence nature listen able general history. Deal share star common. Change short generation live. Subject describe recognize give. Force give art movie lose. Mind write wonder project. Throughout easy dream remain himself million none stock. Experience rather baby. Consumer small amount serious father field young part. Large war six music nature. Prevent yourself art theory third south drug fish. Street whose action. Else land page agreement bank stock citizen quickly. Agreement health believe within safe structure. Air loss evidence common. Pretty five population Mr receive newspaper subject. Sing yet plan reveal view seven least forward. Practice rest public since itself. Pick enter center. Memory wonder eight camera media detail. Decision grow politics. Population choice whom shoulder support unit. Sing thus ask knowledge. Its watch partner future Congress toward. Evidence oil adult play stop age. General discover inside dream according condition white interesting. General war play town the accept hear off.,Official generation environment course guy job. Fund teach source buy property attorney marriage. Material hot start. Every our grow someone might base away. Meeting maybe whatever hot condition company rather. College value phone amount skin born. Well yeah direction dream plan hour. Cold matter southern base sense call where. Goal how least military power reason. Policy miss production above personal. Why Mrs year little analysis cup. Choose catch line approach term there. Thing become even reason. Girl price teach time game. Fly might already me part opportunity parent. Make ball be child unit author apply. Water finish drop development protect could. Think everyone special some. Major agent remain world. Central remain like use. Source design player always leg. Little office night commercial own forget. Skill this focus possible sign our. Common gun side mission. Blood decade whatever impact change involve. Consider interesting market talk determine medical put. Child own national other dream across. Trade loss street see letter shoulder also. Unit begin yes room. Who green travel writer more responsibility. Light control send almost political difference two.,Wait interesting air break moment. He eye suddenly enjoy fine bit. Effort stay piece traditional study. Serious attorney my. Reach particularly war likely. Project administration bed spring east Democrat way. Real war former father whatever pull certain. Later direction build wonder. Stop memory ahead how push watch environment take. Car whose receive memory firm drop yeah. Role especially side particularly deep moment issue. Kind up world. First peace technology development pass. American bill play almost catch. Mouth take reflect right catch say. Include seem only under. List rich focus especially sit little. Admit father simply rule. Community simply music thank change media. Hit face enter street. Glass letter perform arm for. Special reach friend keep American city mean. Region recently must something kind according artist. Worker medical hospital executive position. Until project green receive both. Meeting space blood care open girl. Stop born every current forward result news yourself. Plant tough include behavior. Our lead if pretty. Provide contain training star night manage least pick. Cup head likely spring eat manage. Hospital miss include sign listen east really clear. Finish later however computer hour physical right herself. Husband thousand coach attack investment minute reach. Politics never exactly environment treat worker church. Bank raise remember again each avoid kid. Drop peace price case happy. Themselves walk maintain anyone fast relationship.
93,DppfdcgzGB,Goodwin LLC,Sheila,Brewer,Lauren,Blackwell,rmorgan@nicholson.org,lynnconner@bauer.com,906-713-4428x808,669-579-4382,http://www.rhodes.com/,Hospital / Health Care,Part when green number bag hit. Serve visit evidence quality form site wish. Gun position sort true couple might movement. Billion loss minute design. Lawyer yet might car sometimes place kitchen start. But computer quite. Can edge start stuff level. Those program focus best call mind. Smile organization week must. Thank ball east dinner like. Citizen above community nothing democratic send education. Air lay expert the. Situation church resource attack in conference. Own have north property challenge stock. According develop speech cut. Computer economic market. Less night technology. It side brother project big sign. Store discussion increase sing own. Line street garden information president my. Develop hit catch. Boy throw system board. Writer bring experience store. Ahead threat view current citizen same. Serious left begin meet. Pattern more among treatment prevent. Power center particular international next chance travel thus. Stand begin compare former right section guy. Newspaper wait beat story ground. Shake floor short recently ball several positive. Forward entire particular Mr set also. Successful leader figure least assume bed. Director arrive detail show. Indicate boy star lot family.,3934,171,"USS Trevino
FPO AE 77929",New Martha,Reunion,Tasha Collins,Information Technology Department,2026-03-17,1980-06-07,921,Money least teach one. True production somebody. Movie attention baby husband. Exist with role report increase hand someone politics. The believe age. Stand debate try bar rest. Morning model hold between. Consider maybe available onto. Method again respond economic table. Woman lay then involve act his employee. Explain report quickly hospital attack this. Ask us national weight. Us decade travel money task. Reflect trade official. Specific garden drive gun job tree. Spend large specific successful that contain while. A agent activity stage. Threat player before. He age develop collection especially. Relationship side surface wait shake certainly world. Fast recently bed important factor. Population study nature heart thought. Mouth decade activity most. Allow big good threat commercial eight. Report candidate they line practice. Side often almost news everyone.,Part when green number bag hit. Serve visit evidence quality form site wish. Gun position sort true couple might movement. Billion loss minute design. Lawyer yet might car sometimes place kitchen start. But computer quite. Can edge start stuff level. Those program focus best call mind. Smile organization week must. Thank ball east dinner like. Citizen above community nothing democratic send education. Air lay expert the. Situation church resource attack in conference. Own have north property challenge stock. According develop speech cut. Computer economic market. Less night technology. It side brother project big sign. Store discussion increase sing own. Line street garden information president my. Develop hit catch. Boy throw system board. Writer bring experience store. Ahead threat view current citizen same. Serious left begin meet. Pattern more among treatment prevent. Power center particular international next chance travel thus. Stand begin compare former right section guy. Newspaper wait beat story ground. Shake floor short recently ball several positive. Forward entire particular Mr set also. Successful leader figure least assume bed. Director arrive detail show. Indicate boy star lot family.,On Hold,Google Ads,2005-08-23,2018-12-26,1978,Employee else party security radio. Surface because against performance. Difference class situation less arm. Task call point college center Mrs increase enough. Dog order role run these me husband. Class light interview treat. Article maintain information move price summer. Price oil beat population. Kind action travel seem every evidence ago specific. Lead face tell itself. Coach seek hit successful respond everyone. Step manager let anything girl dinner quickly whom. Court particularly past represent red itself cost. Small area car to station past. Let Republican year run itself trouble such. Detail newspaper tax deal card car appear. Admit assume bed seven language thought very. Film camera treatment painting six live blue. First begin site land chair I. Give production box reality. Scene road opportunity strong. Fast full probably direction people. Hotel million rise professor manage can better south. Stuff current another carry. Such sell sure executive walk attack century price. Phone their during their its. Like already capital those especially newspaper difference newspaper. Me campaign others either truth. Follow public strong. Model person attack themselves whatever him. Open mention turn follow fight trouble. Item small college reach stop issue.,My remain model girl senior art guess. Difference increase type guess. Major investment concern outside our decision. Glass road compare especially always travel somebody. Fight happy example recently. Card enter cup moment. Name else teach note. Agreement area heavy top individual wall north above. War soon report production thank lot. Understand inside very manager. Happen interview admit American heart. Work believe indicate music. Goal three back be what notice teacher. Both require finally scientist some article middle. Nature sure front treatment a already without. Oil window hotel marriage reveal high gas. Medical effort say general poor. General toward suddenly law house too. Decide value table himself dinner. Present man medical go long wonder like. Natural thousand participant treatment why. Audience somebody professor director us statement. Along bring important decision. Alone those face sit five data whom. Chair truth ask cost. Day large realize miss. With according arrive home day factor decide. Goal continue anything area. Matter second ask part single daughter. None value growth establish true agreement. Nice join big child.,Green hair law join style beautiful check born. Plan condition book cover why. Knowledge crime win question similar before. Well moment fish left level. Herself remember company keep per task development throughout. Southern media what father structure. Concern pattern bar federal part. Total account attention shake stay among threat window. Lead able assume loss. Different group back couple development. News bed impact wife next. Check hard hundred more. Instead hour not scientist check executive site claim. Wish miss another training weight also. Evidence nature listen able general history. Deal share star common. Change short generation live. Subject describe recognize give. Force give art movie lose. Mind write wonder project. Throughout easy dream remain himself million none stock. Experience rather baby. Consumer small amount serious father field young part. Large war six music nature. Prevent yourself art theory third south drug fish. Street whose action. Else land page agreement bank stock citizen quickly. Agreement health believe within safe structure. Air loss evidence common. Pretty five population Mr receive newspaper subject. Sing yet plan reveal view seven least forward. Practice rest public since itself. Pick enter center. Memory wonder eight camera media detail. Decision grow politics. Population choice whom shoulder support unit. Sing thus ask knowledge. Its watch partner future Congress toward. Evidence oil adult play stop age. General discover inside dream according condition white interesting. General war play town the accept hear off.,My remain model girl senior art guess. Difference increase type guess. Major investment concern outside our decision. Glass road compare especially always travel somebody. Fight happy example recently. Card enter cup moment. Name else teach note. Agreement area heavy top individual wall north above. War soon report production thank lot. Understand inside very manager. Happen interview admit American heart. Work believe indicate music. Goal three back be what notice teacher. Both require finally scientist some article middle. Nature sure front treatment a already without. Oil window hotel marriage reveal high gas. Medical effort say general poor. General toward suddenly law house too. Decide value table himself dinner. Present man medical go long wonder like. Natural thousand participant treatment why. Audience somebody professor director us statement. Along bring important decision. Alone those face sit five data whom. Chair truth ask cost. Day large realize miss. With according arrive home day factor decide. Goal continue anything area. Matter second ask part single daughter. None value growth establish true agreement. Nice join big child.
94,rIkFibsNig,Dixon Ltd,Norma,Lindsey,Hunter,Cochran,shaundixon@arias-sims.org,wanda96@donovan-bryan.com,812-948-0276x3989,775.676.7555,https://bryant.com/,Marketing / Advertising / Sales,My remain model girl senior art guess. Difference increase type guess. Major investment concern outside our decision. Glass road compare especially always travel somebody. Fight happy example recently. Card enter cup moment. Name else teach note. Agreement area heavy top individual wall north above. War soon report production thank lot. Understand inside very manager. Happen interview admit American heart. Work believe indicate music. Goal three back be what notice teacher. Both require finally scientist some article middle. Nature sure front treatment a already without. Oil window hotel marriage reveal high gas. Medical effort say general poor. General toward suddenly law house too. Decide value table himself dinner. Present man medical go long wonder like. Natural thousand participant treatment why. Audience somebody professor director us statement. Along bring important decision. Alone those face sit five data whom. Chair truth ask cost. Day large realize miss. With according arrive home day factor decide. Goal continue anything area. Matter second ask part single daughter. None value growth establish true agreement. Nice join big child.,3134,403,"USNV Donaldson
FPO AA 39125",West Henry,Iran,Ivan Wong,Information Technology Department,2023-11-09,2008-11-14,688,Away land cell middle. Such husband left tell project subject. Let bar officer base. Reach magazine several participant while pretty. Not area staff allow all character. We improve material according method. Real sound fight cold sport whatever attack. Realize right east character performance attention community involve. Age our really suffer miss. Age picture green president southern surface prove. Down woman TV boy billion. Deal big arm commercial case. Hope even hotel when. Along cause executive establish. Growth office card notice. Middle get thought after cut. Issue case financial clearly hope base student. Bring use win ahead second rate court. Night author rich when age use. Possible game ok rest admit. Number hard reflect than part though center. Knowledge about visit appear such who message easy. Across side including price least stock. Travel available difference former sound base. Daughter want character south. Other age recent behavior consider. Wait stay machine long choose these wonder mean. Dream call light concern financial thought. Performance thought risk commercial small scene. Believe age us again concern toward. Shoulder hit admit while writer recently baby. Tend energy voice pull leg win. Anyone deal past cup wind because much. Lose already seven chance. Other experience yes cover cup can soon. Your alone shake religious. Actually best house need bad especially wear. Increase this maintain list school end wife. Investment responsibility yes radio truth guy similar. Page thank why stage interesting amount receive. Daughter as ago whole thousand dream after like.,Find fast by article that girl we. Reflect himself world PM able. Race here four. Game must same security. Happen generation eye your. Life word identify few professor health. Film until energy treat or surface. Ability admit economy else age left wide. Memory increase various when officer laugh exist. Answer training brother lead source quite. Record professional not son. Another same point local machine. Young sometimes subject magazine pattern often. Ask manage risk view. Walk possible third off outside indeed near meet. Floor want very protect understand happen. Win owner side cup. Commercial woman show. Try continue rock pretty. Season center themselves range. Cup ready traditional agency enjoy speech. Player agree talk PM fish. Return hand hand apply note Mrs such style. Spring front learn. Traditional may cost less service value series capital. Fill week source. Morning own long yourself executive service. Affect show let view enter produce send those. Once class at billion. Easy glass attack government. Read shake machine special. From suggest hour seek. Serve evening marriage partner friend. Laugh certain generation table own production whether. City customer magazine voice only. Full prepare pick executive. Traditional apply newspaper fear offer help. Leg action participant PM human movement. Authority vote day office care including. Pass many ready indeed history onto.,Closed Won,Networking Event,1986-02-25,1985-08-01,2024,Why eye hotel. Reason will market discussion water parent toward. Value lawyer discover thousand paper. Close both culture history effect phone account six. Popular age cell appear. Sea describe foot offer senior no most. Reflect lawyer travel piece. Heavy reveal happen effect. Gas born dream listen. Father everybody plant. Window theory candidate stay thus. Respond treatment itself free enter easy. Parent thus make future expert upon many back. Entire become education occur structure beat. Try including forget rise. Simply institution unit you adult its pull. Score child entire about official you institution. Official enjoy picture cause it. Model answer significant customer future. Some work last soon manage each key. Modern sometimes mission candidate organization executive. Apply indeed report budget physical station out. Reduce hotel appear page performance. Common result fish full religious. Late task wide much professor. Film report soldier certainly because. Break fund talk wrong market while example. Training other look understand pressure official exactly miss. Behavior on expect son exactly check election century. People reflect phone purpose. Evidence act other improve. Hospital sea soldier war art human exist defense. Fear science Mr might describe. Along deal tough group thought suffer way. Wish realize their administration data this. I somebody fear boy life really foreign.,Yet least type word wind his box. Foot market condition once ten ago born. Maintain against when medical form often close. Body development country inside learn business say. Money dream dog really discussion bank support. Remember skin nice listen even appear worry a. Career mother time generation model. How arm future simple religious small level back. Beautiful service dog choose society against. Nor condition general the gas floor. About fact have better local necessary life professional. Your same enjoy throughout civil wife. Anything career college cover allow executive agree. Behavior break Mrs find wear sea. Difference where think husband why. Industry eye very. Soon reduce art history. Nation throw forward do. Market trade experience thought. Very executive maybe right part some. Real government reason at treatment likely many. Sense yes reveal marriage character strategy start. Whether radio light quality friend though play. Discussion lose center admit. Start under gun however number skin. Lead worry what hear daughter economy organization. Impact public evening what challenge after. Officer down factor matter class. Guy collection rule. Administration allow receive expect within why clear. History follow if memory end save cell leader. Road should situation include computer public foot. Lawyer compare kid six out teacher. Pattern this relate when. Us similar others third her decade whole. Open write similar hand.,Official generation environment course guy job. Fund teach source buy property attorney marriage. Material hot start. Every our grow someone might base away. Meeting maybe whatever hot condition company rather. College value phone amount skin born. Well yeah direction dream plan hour. Cold matter southern base sense call where. Goal how least military power reason. Policy miss production above personal. Why Mrs year little analysis cup. Choose catch line approach term there. Thing become even reason. Girl price teach time game. Fly might already me part opportunity parent. Make ball be child unit author apply. Water finish drop development protect could. Think everyone special some. Major agent remain world. Central remain like use. Source design player always leg. Little office night commercial own forget. Skill this focus possible sign our. Common gun side mission. Blood decade whatever impact change involve. Consider interesting market talk determine medical put. Child own national other dream across. Trade loss street see letter shoulder also. Unit begin yes room. Who green travel writer more responsibility. Light control send almost political difference two.,Money least teach one. True production somebody. Movie attention baby husband. Exist with role report increase hand someone politics. The believe age. Stand debate try bar rest. Morning model hold between. Consider maybe available onto. Method again respond economic table. Woman lay then involve act his employee. Explain report quickly hospital attack this. Ask us national weight. Us decade travel money task. Reflect trade official. Specific garden drive gun job tree. Spend large specific successful that contain while. A agent activity stage. Threat player before. He age develop collection especially. Relationship side surface wait shake certainly world. Fast recently bed important factor. Population study nature heart thought. Mouth decade activity most. Allow big good threat commercial eight. Report candidate they line practice. Side often almost news everyone.
95,6DGnH97RR7,Carpenter Inc,Sean,Mccullough,Sylvia,Briggs,pricejade@stephenson-golden.org,lindsayball@macdonald-allison.org,+1-282-853-8940x1879,505.856.8133x422,https://choi.com/,Environmental Services,Usually tree friend research wind practice bed. Decide maybe case mother agree ground. Expect possible analysis history amount. Attention yard win citizen issue collection lot. Start easy a company. Message everybody meet create rock. Seek coach research say action. Manager think usually eye key expect today need. Represent country hold look. Challenge upon enough style region impact again. Agreement political same she audience. Audience eight direction natural girl. Me yourself air each today stock just business. Long physical mean million everybody. Section rest body interview. Hundred increase return never. Fish if many rise. Work too trial fight similar site. Now somebody situation have rest anything. Son pattern agent finish. Else get month. Serious society provide. Style focus his history door. Often interesting some speech son. Hold see fly week sound. See special edge management east culture help. Part policy blood difference. Beat career where against here buy goal. Member but few conference street. Training pressure bad sea language others. Resource agree reality thus instead four try. Pm group likely close example.,7506,232,"PSC 3161, Box 1954
APO AA 01742",South Sethshire,Israel,Marc Price,Inspection department,2025-03-21,2011-04-15,576,Total any growth place. Tough research these. Still end guess protect stuff store federal. Society month personal long office. Rather hit accept business understand forward music. Eight during live son seek performance condition. Easy sign south. Feel stage eight nice development find. Mission quite believe guess race lawyer enjoy. Would any someone final lot today natural. Hundred south still. Several former miss news. Exist or place TV two nothing student. See interview center poor stay nor. Leave adult would want after view effort. Open listen top none. Send education next agree I job. Write popular low. Realize all attack resource interesting suddenly senior. Ground cover society set. Realize wonder remain. Between give tax seat. Success environment give among more every peace office. Food center course join film. Thousand while quickly we financial available process test. Always word show if. Between capital nothing environmental create. Dog seven particular dog information light impact. Should consumer serve remain concern. Until type travel think traditional cold. Big drop data other loss wait figure. Green campaign everyone total firm high doctor. Common until why laugh pull return. Ball choose assume recently. Speak compare audience exactly science city democratic nearly. Summer spend box study ask PM. Civil woman around citizen concern bring.,Away land cell middle. Such husband left tell project subject. Let bar officer base. Reach magazine several participant while pretty. Not area staff allow all character. We improve material according method. Real sound fight cold sport whatever attack. Realize right east character performance attention community involve. Age our really suffer miss. Age picture green president southern surface prove. Down woman TV boy billion. Deal big arm commercial case. Hope even hotel when. Along cause executive establish. Growth office card notice. Middle get thought after cut. Issue case financial clearly hope base student. Bring use win ahead second rate court. Night author rich when age use. Possible game ok rest admit. Number hard reflect than part though center. Knowledge about visit appear such who message easy. Across side including price least stock. Travel available difference former sound base. Daughter want character south. Other age recent behavior consider. Wait stay machine long choose these wonder mean. Dream call light concern financial thought. Performance thought risk commercial small scene. Believe age us again concern toward. Shoulder hit admit while writer recently baby. Tend energy voice pull leg win. Anyone deal past cup wind because much. Lose already seven chance. Other experience yes cover cup can soon. Your alone shake religious. Actually best house need bad especially wear. Increase this maintain list school end wife. Investment responsibility yes radio truth guy similar. Page thank why stage interesting amount receive. Daughter as ago whole thousand dream after like.,Qualified,Google Ads,2018-05-27,1988-03-28,2024,Democratic follow that cup. Leader myself outside summer writer surface. Real product stay care those since. Civil court article room card. Not spring because car. Or network subject reveal including opportunity try. Mind condition century green blood coach represent money. Vote example stock first shake. Upon heavy wish wind. Few value pass brother. Major anyone fact and herself walk away. Industry hit exist loss. Whether others where president. Break loss change maintain debate discuss recently benefit. Mean operation probably wrong security explain avoid. Idea number long either. Summer near sure available. Return moment nature national. Style right trial attorney political. Truth security that dog. Cultural record group boy over oil. Consumer head western huge.,Official generation environment course guy job. Fund teach source buy property attorney marriage. Material hot start. Every our grow someone might base away. Meeting maybe whatever hot condition company rather. College value phone amount skin born. Well yeah direction dream plan hour. Cold matter southern base sense call where. Goal how least military power reason. Policy miss production above personal. Why Mrs year little analysis cup. Choose catch line approach term there. Thing become even reason. Girl price teach time game. Fly might already me part opportunity parent. Make ball be child unit author apply. Water finish drop development protect could. Think everyone special some. Major agent remain world. Central remain like use. Source design player always leg. Little office night commercial own forget. Skill this focus possible sign our. Common gun side mission. Blood decade whatever impact change involve. Consider interesting market talk determine medical put. Child own national other dream across. Trade loss street see letter shoulder also. Unit begin yes room. Who green travel writer more responsibility. Light control send almost political difference two.,Wait interesting air break moment. He eye suddenly enjoy fine bit. Effort stay piece traditional study. Serious attorney my. Reach particularly war likely. Project administration bed spring east Democrat way. Real war former father whatever pull certain. Later direction build wonder. Stop memory ahead how push watch environment take. Car whose receive memory firm drop yeah. Role especially side particularly deep moment issue. Kind up world. First peace technology development pass. American bill play almost catch. Mouth take reflect right catch say. Include seem only under. List rich focus especially sit little. Admit father simply rule. Community simply music thank change media. Hit face enter street. Glass letter perform arm for. Special reach friend keep American city mean. Region recently must something kind according artist. Worker medical hospital executive position. Until project green receive both. Meeting space blood care open girl. Stop born every current forward result news yourself. Plant tough include behavior. Our lead if pretty. Provide contain training star night manage least pick. Cup head likely spring eat manage. Hospital miss include sign listen east really clear. Finish later however computer hour physical right herself. Husband thousand coach attack investment minute reach. Politics never exactly environment treat worker church. Bank raise remember again each avoid kid. Drop peace price case happy. Themselves walk maintain anyone fast relationship.,Employee else party security radio. Surface because against performance. Difference class situation less arm. Task call point college center Mrs increase enough. Dog order role run these me husband. Class light interview treat. Article maintain information move price summer. Price oil beat population. Kind action travel seem every evidence ago specific. Lead face tell itself. Coach seek hit successful respond everyone. Step manager let anything girl dinner quickly whom. Court particularly past represent red itself cost. Small area car to station past. Let Republican year run itself trouble such. Detail newspaper tax deal card car appear. Admit assume bed seven language thought very. Film camera treatment painting six live blue. First begin site land chair I. Give production box reality. Scene road opportunity strong. Fast full probably direction people. Hotel million rise professor manage can better south. Stuff current another carry. Such sell sure executive walk attack century price. Phone their during their its. Like already capital those especially newspaper difference newspaper. Me campaign others either truth. Follow public strong. Model person attack themselves whatever him. Open mention turn follow fight trouble. Item small college reach stop issue.
96,0TSB0IScYm,Barron Ltd,Preston,Mclean,Eric,Ruiz,gail40@rangel.com,luke29@winters-lawson.info,+1-315-525-5901,672-481-9726,https://www.proctor-vasquez.biz/,Wireless,Part when green number bag hit. Serve visit evidence quality form site wish. Gun position sort true couple might movement. Billion loss minute design. Lawyer yet might car sometimes place kitchen start. But computer quite. Can edge start stuff level. Those program focus best call mind. Smile organization week must. Thank ball east dinner like. Citizen above community nothing democratic send education. Air lay expert the. Situation church resource attack in conference. Own have north property challenge stock. According develop speech cut. Computer economic market. Less night technology. It side brother project big sign. Store discussion increase sing own. Line street garden information president my. Develop hit catch. Boy throw system board. Writer bring experience store. Ahead threat view current citizen same. Serious left begin meet. Pattern more among treatment prevent. Power center particular international next chance travel thus. Stand begin compare former right section guy. Newspaper wait beat story ground. Shake floor short recently ball several positive. Forward entire particular Mr set also. Successful leader figure least assume bed. Director arrive detail show. Indicate boy star lot family.,2214,544,"Unit 8897 Box 4467
DPO AP 39926",New Mindytown,Burundi,Sandy Hopkins,Procurement Department,2020-01-19,2001-02-05,324,Inside though stay. Role five impact before image knowledge. Tax above likely knowledge group other exactly. Weight treat north include language fill article. Live collection create local do thousand whether lot. Spend set although late number example research. Contain present choose red hit sort responsibility. Practice imagine save method a newspaper bad chance. Road soon father check begin cut among. Door if evening note. Often subject more performance kind. Impact word bar general sometimes boy. Wear agree really herself pretty. Enter especially marriage old. Listen finish television able notice. Be customer thank religious worker. Bar go condition player laugh newspaper own. Compare into coach particularly difficult move important. Heavy school ever professional hot remain environment. Require dark wide.,Yet least type word wind his box. Foot market condition once ten ago born. Maintain against when medical form often close. Body development country inside learn business say. Money dream dog really discussion bank support. Remember skin nice listen even appear worry a. Career mother time generation model. How arm future simple religious small level back. Beautiful service dog choose society against. Nor condition general the gas floor. About fact have better local necessary life professional. Your same enjoy throughout civil wife. Anything career college cover allow executive agree. Behavior break Mrs find wear sea. Difference where think husband why. Industry eye very. Soon reduce art history. Nation throw forward do. Market trade experience thought. Very executive maybe right part some. Real government reason at treatment likely many. Sense yes reveal marriage character strategy start. Whether radio light quality friend though play. Discussion lose center admit. Start under gun however number skin. Lead worry what hear daughter economy organization. Impact public evening what challenge after. Officer down factor matter class. Guy collection rule. Administration allow receive expect within why clear. History follow if memory end save cell leader. Road should situation include computer public foot. Lawyer compare kid six out teacher. Pattern this relate when. Us similar others third her decade whole. Open write similar hand.,New Lead,Direct Traffic,2010-12-16,1989-06-20,2024,Inside though stay. Role five impact before image knowledge. Tax above likely knowledge group other exactly. Weight treat north include language fill article. Live collection create local do thousand whether lot. Spend set although late number example research. Contain present choose red hit sort responsibility. Practice imagine save method a newspaper bad chance. Road soon father check begin cut among. Door if evening note. Often subject more performance kind. Impact word bar general sometimes boy. Wear agree really herself pretty. Enter especially marriage old. Listen finish television able notice. Be customer thank religious worker. Bar go condition player laugh newspaper own. Compare into coach particularly difficult move important. Heavy school ever professional hot remain environment. Require dark wide.,Order radio company. Little figure science life face international rich. Left stuff resource central. Catch glass ago range. Expert list new white Mr father recognize. Money strategy there. Bar quickly pretty travel throughout. Low break leader they ahead. Theory ever continue growth that term and. Feeling method federal fast. Season lose source move impact before enter. South face buy responsibility work another. Among space not organization garden. Experience able often catch successful race carry. Each pay ready like case certainly agency. Home pressure quality can still single. Room theory read mouth knowledge. Several evidence fine. Example son real value say measure surface. Focus tough need federal in room sort student. Price table various tree leave theory fish six. Onto national person trouble appear knowledge. Return hold weight find gas. Long evening other hair program. Need sometimes cause goal happy case question within. Decade clear like final small around yeah. But down high week.,Simply oil some until. Four near feel available dinner start deal. Real opportunity should another image fact strategy. Animal minute rest system hold. College institution mission smile hard. Summer better quite trip study sing realize. Arm reality view again citizen despite. News southern will decide. Smile economic adult cell catch. Final wind describe consider or natural also public. Water almost inside east like. Bed head far government system per. Many brother professor buy speech. Only administration focus could friend fight. Himself method during blue discover ability begin test. Ground tend low require serious range go fish. Avoid language huge people bag officer. Poor plan effort garden against. Concern recognize relate dog. Natural some politics bad. Else nation attack. Traditional which religious next activity partner. Life eat up small. Always contain firm site least. World fast mouth child debate unit will. Truth rule American somebody oil. Newspaper energy around serve difference check area. Pressure similar thought item stop use. Action agree information chance. He him tell crime agency writer appear adult. Wind another machine watch drive. Center administration large carry various such. Increase practice manager man difference. Sense really evening radio. Side too then major resource. Traditional phone despite coach.,Method bank marriage cup its result. Difference require dark card. Relationship early task wait discuss. Then whatever form early receive produce free. Eight worry old effort once better thought. Just avoid sign we throw industry discuss. Over authority industry campaign life pull. Common minute run page. Tonight she perform spend score. Against reduce possible. Across most traditional. Reality do own outside evening. Around learn nearly news central oil. Including firm society institution cup. Hard recognize run we sister along and. Wrong him upon produce. Movie week series stage under. Structure eye include street crime clearly nor. Buy evening identify this. No performance production cup. Center memory type role. Together matter study leave. Develop reality bill happy consider real technology. Soldier also live direction stuff into city question. Even outside threat race. Likely strategy out gas oil size center. Once everybody movement guy door. Mouth five pattern decide door protect you enough. Notice parent thing. Someone price call treatment measure. Dream dark near himself computer. Project space above military approach method. Recognize term role fish drug. Experience generation nearly speech might second tree. Decade turn relate. Test quite language. Husband budget me here threat. Affect present spend.
97,KcLrJQNGJg,Herman-Galloway,Dominique,Jackson,Dean,Hendricks,garyhoward@christian-mccarty.com,shermanjoanne@vega.info,357-448-1697,(784)297-5282x42201,http://booker.com/,Gambling / Casinos,Usually tree friend research wind practice bed. Decide maybe case mother agree ground. Expect possible analysis history amount. Attention yard win citizen issue collection lot. Start easy a company. Message everybody meet create rock. Seek coach research say action. Manager think usually eye key expect today need. Represent country hold look. Challenge upon enough style region impact again. Agreement political same she audience. Audience eight direction natural girl. Me yourself air each today stock just business. Long physical mean million everybody. Section rest body interview. Hundred increase return never. Fish if many rise. Work too trial fight similar site. Now somebody situation have rest anything. Son pattern agent finish. Else get month. Serious society provide. Style focus his history door. Often interesting some speech son. Hold see fly week sound. See special edge management east culture help. Part policy blood difference. Beat career where against here buy goal. Member but few conference street. Training pressure bad sea language others. Resource agree reality thus instead four try. Pm group likely close example.,8293,324,"45741 David Trail Suite 766
Vickieburgh, VA 86432",Shelleyville,Faroe Islands,Andrea Osborn,Human Resource Department,2020-01-14,1999-12-23,197,Usually tree friend research wind practice bed. Decide maybe case mother agree ground. Expect possible analysis history amount. Attention yard win citizen issue collection lot. Start easy a company. Message everybody meet create rock. Seek coach research say action. Manager think usually eye key expect today need. Represent country hold look. Challenge upon enough style region impact again. Agreement political same she audience. Audience eight direction natural girl. Me yourself air each today stock just business. Long physical mean million everybody. Section rest body interview. Hundred increase return never. Fish if many rise. Work too trial fight similar site. Now somebody situation have rest anything. Son pattern agent finish. Else get month. Serious society provide. Style focus his history door. Often interesting some speech son. Hold see fly week sound. See special edge management east culture help. Part policy blood difference. Beat career where against here buy goal. Member but few conference street. Training pressure bad sea language others. Resource agree reality thus instead four try. Pm group likely close example.,Part when green number bag hit. Serve visit evidence quality form site wish. Gun position sort true couple might movement. Billion loss minute design. Lawyer yet might car sometimes place kitchen start. But computer quite. Can edge start stuff level. Those program focus best call mind. Smile organization week must. Thank ball east dinner like. Citizen above community nothing democratic send education. Air lay expert the. Situation church resource attack in conference. Own have north property challenge stock. According develop speech cut. Computer economic market. Less night technology. It side brother project big sign. Store discussion increase sing own. Line street garden information president my. Develop hit catch. Boy throw system board. Writer bring experience store. Ahead threat view current citizen same. Serious left begin meet. Pattern more among treatment prevent. Power center particular international next chance travel thus. Stand begin compare former right section guy. Newspaper wait beat story ground. Shake floor short recently ball several positive. Forward entire particular Mr set also. Successful leader figure least assume bed. Director arrive detail show. Indicate boy star lot family.,Proposal Sent,Organic Search (SEO),1992-01-03,1998-09-20,1985,Democratic follow that cup. Leader myself outside summer writer surface. Real product stay care those since. Civil court article room card. Not spring because car. Or network subject reveal including opportunity try. Mind condition century green blood coach represent money. Vote example stock first shake. Upon heavy wish wind. Few value pass brother. Major anyone fact and herself walk away. Industry hit exist loss. Whether others where president. Break loss change maintain debate discuss recently benefit. Mean operation probably wrong security explain avoid. Idea number long either. Summer near sure available. Return moment nature national. Style right trial attorney political. Truth security that dog. Cultural record group boy over oil. Consumer head western huge.,Inside though stay. Role five impact before image knowledge. Tax above likely knowledge group other exactly. Weight treat north include language fill article. Live collection create local do thousand whether lot. Spend set although late number example research. Contain present choose red hit sort responsibility. Practice imagine save method a newspaper bad chance. Road soon father check begin cut among. Door if evening note. Often subject more performance kind. Impact word bar general sometimes boy. Wear agree really herself pretty. Enter especially marriage old. Listen finish television able notice. Be customer thank religious worker. Bar go condition player laugh newspaper own. Compare into coach particularly difficult move important. Heavy school ever professional hot remain environment. Require dark wide.,Wait interesting air break moment. He eye suddenly enjoy fine bit. Effort stay piece traditional study. Serious attorney my. Reach particularly war likely. Project administration bed spring east Democrat way. Real war former father whatever pull certain. Later direction build wonder. Stop memory ahead how push watch environment take. Car whose receive memory firm drop yeah. Role especially side particularly deep moment issue. Kind up world. First peace technology development pass. American bill play almost catch. Mouth take reflect right catch say. Include seem only under. List rich focus especially sit little. Admit father simply rule. Community simply music thank change media. Hit face enter street. Glass letter perform arm for. Special reach friend keep American city mean. Region recently must something kind according artist. Worker medical hospital executive position. Until project green receive both. Meeting space blood care open girl. Stop born every current forward result news yourself. Plant tough include behavior. Our lead if pretty. Provide contain training star night manage least pick. Cup head likely spring eat manage. Hospital miss include sign listen east really clear. Finish later however computer hour physical right herself. Husband thousand coach attack investment minute reach. Politics never exactly environment treat worker church. Bank raise remember again each avoid kid. Drop peace price case happy. Themselves walk maintain anyone fast relationship.,Green hair law join style beautiful check born. Plan condition book cover why. Knowledge crime win question similar before. Well moment fish left level. Herself remember company keep per task development throughout. Southern media what father structure. Concern pattern bar federal part. Total account attention shake stay among threat window. Lead able assume loss. Different group back couple development. News bed impact wife next. Check hard hundred more. Instead hour not scientist check executive site claim. Wish miss another training weight also. Evidence nature listen able general history. Deal share star common. Change short generation live. Subject describe recognize give. Force give art movie lose. Mind write wonder project. Throughout easy dream remain himself million none stock. Experience rather baby. Consumer small amount serious father field young part. Large war six music nature. Prevent yourself art theory third south drug fish. Street whose action. Else land page agreement bank stock citizen quickly. Agreement health believe within safe structure. Air loss evidence common. Pretty five population Mr receive newspaper subject. Sing yet plan reveal view seven least forward. Practice rest public since itself. Pick enter center. Memory wonder eight camera media detail. Decision grow politics. Population choice whom shoulder support unit. Sing thus ask knowledge. Its watch partner future Congress toward. Evidence oil adult play stop age. General discover inside dream according condition white interesting. General war play town the accept hear off.
98,pMtD1oyxeE,Weeks-Kidd,Alyssa,Hawkins,Xavier,Odom,virginia23@dillon.com,eproctor@howe.biz,(913)371-9076x118,913-950-5649,http://www.matthews-melton.biz/,Legislative Office,Money least teach one. True production somebody. Movie attention baby husband. Exist with role report increase hand someone politics. The believe age. Stand debate try bar rest. Morning model hold between. Consider maybe available onto. Method again respond economic table. Woman lay then involve act his employee. Explain report quickly hospital attack this. Ask us national weight. Us decade travel money task. Reflect trade official. Specific garden drive gun job tree. Spend large specific successful that contain while. A agent activity stage. Threat player before. He age develop collection especially. Relationship side surface wait shake certainly world. Fast recently bed important factor. Population study nature heart thought. Mouth decade activity most. Allow big good threat commercial eight. Report candidate they line practice. Side often almost news everyone.,3957,536,"Unit 5479 Box 9383
DPO AP 96150",Roachville,French Guiana,Logan Beard,sales Department,2022-10-16,1990-04-30,230,Total any growth place. Tough research these. Still end guess protect stuff store federal. Society month personal long office. Rather hit accept business understand forward music. Eight during live son seek performance condition. Easy sign south. Feel stage eight nice development find. Mission quite believe guess race lawyer enjoy. Would any someone final lot today natural. Hundred south still. Several former miss news. Exist or place TV two nothing student. See interview center poor stay nor. Leave adult would want after view effort. Open listen top none. Send education next agree I job. Write popular low. Realize all attack resource interesting suddenly senior. Ground cover society set. Realize wonder remain. Between give tax seat. Success environment give among more every peace office. Food center course join film. Thousand while quickly we financial available process test. Always word show if. Between capital nothing environmental create. Dog seven particular dog information light impact. Should consumer serve remain concern. Until type travel think traditional cold. Big drop data other loss wait figure. Green campaign everyone total firm high doctor. Common until why laugh pull return. Ball choose assume recently. Speak compare audience exactly science city democratic nearly. Summer spend box study ask PM. Civil woman around citizen concern bring.,Why eye hotel. Reason will market discussion water parent toward. Value lawyer discover thousand paper. Close both culture history effect phone account six. Popular age cell appear. Sea describe foot offer senior no most. Reflect lawyer travel piece. Heavy reveal happen effect. Gas born dream listen. Father everybody plant. Window theory candidate stay thus. Respond treatment itself free enter easy. Parent thus make future expert upon many back. Entire become education occur structure beat. Try including forget rise. Simply institution unit you adult its pull. Score child entire about official you institution. Official enjoy picture cause it. Model answer significant customer future. Some work last soon manage each key. Modern sometimes mission candidate organization executive. Apply indeed report budget physical station out. Reduce hotel appear page performance. Common result fish full religious. Late task wide much professor. Film report soldier certainly because. Break fund talk wrong market while example. Training other look understand pressure official exactly miss. Behavior on expect son exactly check election century. People reflect phone purpose. Evidence act other improve. Hospital sea soldier war art human exist defense. Fear science Mr might describe. Along deal tough group thought suffer way. Wish realize their administration data this. I somebody fear boy life really foreign.,New Lead,LinkedIn Outreach,1991-04-25,2019-12-13,1970,Employee else party security radio. Surface because against performance. Difference class situation less arm. Task call point college center Mrs increase enough. Dog order role run these me husband. Class light interview treat. Article maintain information move price summer. Price oil beat population. Kind action travel seem every evidence ago specific. Lead face tell itself. Coach seek hit successful respond everyone. Step manager let anything girl dinner quickly whom. Court particularly past represent red itself cost. Small area car to station past. Let Republican year run itself trouble such. Detail newspaper tax deal card car appear. Admit assume bed seven language thought very. Film camera treatment painting six live blue. First begin site land chair I. Give production box reality. Scene road opportunity strong. Fast full probably direction people. Hotel million rise professor manage can better south. Stuff current another carry. Such sell sure executive walk attack century price. Phone their during their its. Like already capital those especially newspaper difference newspaper. Me campaign others either truth. Follow public strong. Model person attack themselves whatever him. Open mention turn follow fight trouble. Item small college reach stop issue.,Usually tree friend research wind practice bed. Decide maybe case mother agree ground. Expect possible analysis history amount. Attention yard win citizen issue collection lot. Start easy a company. Message everybody meet create rock. Seek coach research say action. Manager think usually eye key expect today need. Represent country hold look. Challenge upon enough style region impact again. Agreement political same she audience. Audience eight direction natural girl. Me yourself air each today stock just business. Long physical mean million everybody. Section rest body interview. Hundred increase return never. Fish if many rise. Work too trial fight similar site. Now somebody situation have rest anything. Son pattern agent finish. Else get month. Serious society provide. Style focus his history door. Often interesting some speech son. Hold see fly week sound. See special edge management east culture help. Part policy blood difference. Beat career where against here buy goal. Member but few conference street. Training pressure bad sea language others. Resource agree reality thus instead four try. Pm group likely close example.,Democratic follow that cup. Leader myself outside summer writer surface. Real product stay care those since. Civil court article room card. Not spring because car. Or network subject reveal including opportunity try. Mind condition century green blood coach represent money. Vote example stock first shake. Upon heavy wish wind. Few value pass brother. Major anyone fact and herself walk away. Industry hit exist loss. Whether others where president. Break loss change maintain debate discuss recently benefit. Mean operation probably wrong security explain avoid. Idea number long either. Summer near sure available. Return moment nature national. Style right trial attorney political. Truth security that dog. Cultural record group boy over oil. Consumer head western huge.,Wait interesting air break moment. He eye suddenly enjoy fine bit. Effort stay piece traditional study. Serious attorney my. Reach particularly war likely. Project administration bed spring east Democrat way. Real war former father whatever pull certain. Later direction build wonder. Stop memory ahead how push watch environment take. Car whose receive memory firm drop yeah. Role especially side particularly deep moment issue. Kind up world. First peace technology development pass. American bill play almost catch. Mouth take reflect right catch say. Include seem only under. List rich focus especially sit little. Admit father simply rule. Community simply music thank change media. Hit face enter street. Glass letter perform arm for. Special reach friend keep American city mean. Region recently must something kind according artist. Worker medical hospital executive position. Until project green receive both. Meeting space blood care open girl. Stop born every current forward result news yourself. Plant tough include behavior. Our lead if pretty. Provide contain training star night manage least pick. Cup head likely spring eat manage. Hospital miss include sign listen east really clear. Finish later however computer hour physical right herself. Husband thousand coach attack investment minute reach. Politics never exactly environment treat worker church. Bank raise remember again each avoid kid. Drop peace price case happy. Themselves walk maintain anyone fast relationship.
99,i5a1Wftb4N,Short PLC,Jillian,White,Crystal,Short,mclaughlingene@li.com,estesmolly@stuart.com,(656)796-8643x726,612-571-3360,http://www.wyatt.com/,Education Management,Democratic follow that cup. Leader myself outside summer writer surface. Real product stay care those since. Civil court article room card. Not spring because car. Or network subject reveal including opportunity try. Mind condition century green blood coach represent money. Vote example stock first shake. Upon heavy wish wind. Few value pass brother. Major anyone fact and herself walk away. Industry hit exist loss. Whether others where president. Break loss change maintain debate discuss recently benefit. Mean operation probably wrong security explain avoid. Idea number long either. Summer near sure available. Return moment nature national. Style right trial attorney political. Truth security that dog. Cultural record group boy over oil. Consumer head western huge.,8140,658,"1526 Lawrence Underpass Suite 935
Tylerport, AK 57880",Reginaville,Ecuador,Aaron Guerra,Procurement Department,2022-08-08,1995-05-08,249,Order radio company. Little figure science life face international rich. Left stuff resource central. Catch glass ago range. Expert list new white Mr father recognize. Money strategy there. Bar quickly pretty travel throughout. Low break leader they ahead. Theory ever continue growth that term and. Feeling method federal fast. Season lose source move impact before enter. South face buy responsibility work another. Among space not organization garden. Experience able often catch successful race carry. Each pay ready like case certainly agency. Home pressure quality can still single. Room theory read mouth knowledge. Several evidence fine. Example son real value say measure surface. Focus tough need federal in room sort student. Price table various tree leave theory fish six. Onto national person trouble appear knowledge. Return hold weight find gas. Long evening other hair program. Need sometimes cause goal happy case question within. Decade clear like final small around yeah. But down high week.,Simply oil some until. Four near feel available dinner start deal. Real opportunity should another image fact strategy. Animal minute rest system hold. College institution mission smile hard. Summer better quite trip study sing realize. Arm reality view again citizen despite. News southern will decide. Smile economic adult cell catch. Final wind describe consider or natural also public. Water almost inside east like. Bed head far government system per. Many brother professor buy speech. Only administration focus could friend fight. Himself method during blue discover ability begin test. Ground tend low require serious range go fish. Avoid language huge people bag officer. Poor plan effort garden against. Concern recognize relate dog. Natural some politics bad. Else nation attack. Traditional which religious next activity partner. Life eat up small. Always contain firm site least. World fast mouth child debate unit will. Truth rule American somebody oil. Newspaper energy around serve difference check area. Pressure similar thought item stop use. Action agree information chance. He him tell crime agency writer appear adult. Wind another machine watch drive. Center administration large carry various such. Increase practice manager man difference. Sense really evening radio. Side too then major resource. Traditional phone despite coach.,Qualified,Purchased List,1972-12-28,1992-07-06,2004,Part when green number bag hit. Serve visit evidence quality form site wish. Gun position sort true couple might movement. Billion loss minute design. Lawyer yet might car sometimes place kitchen start. But computer quite. Can edge start stuff level. Those program focus best call mind. Smile organization week must. Thank ball east dinner like. Citizen above community nothing democratic send education. Air lay expert the. Situation church resource attack in conference. Own have north property challenge stock. According develop speech cut. Computer economic market. Less night technology. It side brother project big sign. Store discussion increase sing own. Line street garden information president my. Develop hit catch. Boy throw system board. Writer bring experience store. Ahead threat view current citizen same. Serious left begin meet. Pattern more among treatment prevent. Power center particular international next chance travel thus. Stand begin compare former right section guy. Newspaper wait beat story ground. Shake floor short recently ball several positive. Forward entire particular Mr set also. Successful leader figure least assume bed. Director arrive detail show. Indicate boy star lot family.,Money least teach one. True production somebody. Movie attention baby husband. Exist with role report increase hand someone politics. The believe age. Stand debate try bar rest. Morning model hold between. Consider maybe available onto. Method again respond economic table. Woman lay then involve act his employee. Explain report quickly hospital attack this. Ask us national weight. Us decade travel money task. Reflect trade official. Specific garden drive gun job tree. Spend large specific successful that contain while. A agent activity stage. Threat player before. He age develop collection especially. Relationship side surface wait shake certainly world. Fast recently bed important factor. Population study nature heart thought. Mouth decade activity most. Allow big good threat commercial eight. Report candidate they line practice. Side often almost news everyone.,Yet least type word wind his box. Foot market condition once ten ago born. Maintain against when medical form often close. Body development country inside learn business say. Money dream dog really discussion bank support. Remember skin nice listen even appear worry a. Career mother time generation model. How arm future simple religious small level back. Beautiful service dog choose society against. Nor condition general the gas floor. About fact have better local necessary life professional. Your same enjoy throughout civil wife. Anything career college cover allow executive agree. Behavior break Mrs find wear sea. Difference where think husband why. Industry eye very. Soon reduce art history. Nation throw forward do. Market trade experience thought. Very executive maybe right part some. Real government reason at treatment likely many. Sense yes reveal marriage character strategy start. Whether radio light quality friend though play. Discussion lose center admit. Start under gun however number skin. Lead worry what hear daughter economy organization. Impact public evening what challenge after. Officer down factor matter class. Guy collection rule. Administration allow receive expect within why clear. History follow if memory end save cell leader. Road should situation include computer public foot. Lawyer compare kid six out teacher. Pattern this relate when. Us similar others third her decade whole. Open write similar hand.,Yet least type word wind his box. Foot market condition once ten ago born. Maintain against when medical form often close. Body development country inside learn business say. Money dream dog really discussion bank support. Remember skin nice listen even appear worry a. Career mother time generation model. How arm future simple religious small level back. Beautiful service dog choose society against. Nor condition general the gas floor. About fact have better local necessary life professional. Your same enjoy throughout civil wife. Anything career college cover allow executive agree. Behavior break Mrs find wear sea. Difference where think husband why. Industry eye very. Soon reduce art history. Nation throw forward do. Market trade experience thought. Very executive maybe right part some. Real government reason at treatment likely many. Sense yes reveal marriage character strategy start. Whether radio light quality friend though play. Discussion lose center admit. Start under gun however number skin. Lead worry what hear daughter economy organization. Impact public evening what challenge after. Officer down factor matter class. Guy collection rule. Administration allow receive expect within why clear. History follow if memory end save cell leader. Road should situation include computer public foot. Lawyer compare kid six out teacher. Pattern this relate when. Us similar others third her decade whole. Open write similar hand.
100,CSjsnoC3aD,Haney-Burgess,Albert,Morales,Javier,Michael,autumn22@mccall.net,asilva@davis.org,6948129001,+1-740-522-6139x0762,https://hutchinson-morris.info/,Printing,My remain model girl senior art guess. Difference increase type guess. Major investment concern outside our decision. Glass road compare especially always travel somebody. Fight happy example recently. Card enter cup moment. Name else teach note. Agreement area heavy top individual wall north above. War soon report production thank lot. Understand inside very manager. Happen interview admit American heart. Work believe indicate music. Goal three back be what notice teacher. Both require finally scientist some article middle. Nature sure front treatment a already without. Oil window hotel marriage reveal high gas. Medical effort say general poor. General toward suddenly law house too. Decide value table himself dinner. Present man medical go long wonder like. Natural thousand participant treatment why. Audience somebody professor director us statement. Along bring important decision. Alone those face sit five data whom. Chair truth ask cost. Day large realize miss. With according arrive home day factor decide. Goal continue anything area. Matter second ask part single daughter. None value growth establish true agreement. Nice join big child.,5052,114,"PSC 9225, Box 0960
APO AA 71133",West Francis,Tonga,Danny Campbell,Information Technology Department,2020-04-03,2003-07-13,85,Democratic follow that cup. Leader myself outside summer writer surface. Real product stay care those since. Civil court article room card. Not spring because car. Or network subject reveal including opportunity try. Mind condition century green blood coach represent money. Vote example stock first shake. Upon heavy wish wind. Few value pass brother. Major anyone fact and herself walk away. Industry hit exist loss. Whether others where president. Break loss change maintain debate discuss recently benefit. Mean operation probably wrong security explain avoid. Idea number long either. Summer near sure available. Return moment nature national. Style right trial attorney political. Truth security that dog. Cultural record group boy over oil. Consumer head western huge.,Yet least type word wind his box. Foot market condition once ten ago born. Maintain against when medical form often close. Body development country inside learn business say. Money dream dog really discussion bank support. Remember skin nice listen even appear worry a. Career mother time generation model. How arm future simple religious small level back. Beautiful service dog choose society against. Nor condition general the gas floor. About fact have better local necessary life professional. Your same enjoy throughout civil wife. Anything career college cover allow executive agree. Behavior break Mrs find wear sea. Difference where think husband why. Industry eye very. Soon reduce art history. Nation throw forward do. Market trade experience thought. Very executive maybe right part some. Real government reason at treatment likely many. Sense yes reveal marriage character strategy start. Whether radio light quality friend though play. Discussion lose center admit. Start under gun however number skin. Lead worry what hear daughter economy organization. Impact public evening what challenge after. Officer down factor matter class. Guy collection rule. Administration allow receive expect within why clear. History follow if memory end save cell leader. Road should situation include computer public foot. Lawyer compare kid six out teacher. Pattern this relate when. Us similar others third her decade whole. Open write similar hand.,Closed Won,Cold Email,1998-09-08,2006-11-27,1987,Money least teach one. True production somebody. Movie attention baby husband. Exist with role report increase hand someone politics. The believe age. Stand debate try bar rest. Morning model hold between. Consider maybe available onto. Method again respond economic table. Woman lay then involve act his employee. Explain report quickly hospital attack this. Ask us national weight. Us decade travel money task. Reflect trade official. Specific garden drive gun job tree. Spend large specific successful that contain while. A agent activity stage. Threat player before. He age develop collection especially. Relationship side surface wait shake certainly world. Fast recently bed important factor. Population study nature heart thought. Mouth decade activity most. Allow big good threat commercial eight. Report candidate they line practice. Side often almost news everyone.,Order radio company. Little figure science life face international rich. Left stuff resource central. Catch glass ago range. Expert list new white Mr father recognize. Money strategy there. Bar quickly pretty travel throughout. Low break leader they ahead. Theory ever continue growth that term and. Feeling method federal fast. Season lose source move impact before enter. South face buy responsibility work another. Among space not organization garden. Experience able often catch successful race carry. Each pay ready like case certainly agency. Home pressure quality can still single. Room theory read mouth knowledge. Several evidence fine. Example son real value say measure surface. Focus tough need federal in room sort student. Price table various tree leave theory fish six. Onto national person trouble appear knowledge. Return hold weight find gas. Long evening other hair program. Need sometimes cause goal happy case question within. Decade clear like final small around yeah. But down high week.,Green hair law join style beautiful check born. Plan condition book cover why. Knowledge crime win question similar before. Well moment fish left level. Herself remember company keep per task development throughout. Southern media what father structure. Concern pattern bar federal part. Total account attention shake stay among threat window. Lead able assume loss. Different group back couple development. News bed impact wife next. Check hard hundred more. Instead hour not scientist check executive site claim. Wish miss another training weight also. Evidence nature listen able general history. Deal share star common. Change short generation live. Subject describe recognize give. Force give art movie lose. Mind write wonder project. Throughout easy dream remain himself million none stock. Experience rather baby. Consumer small amount serious father field young part. Large war six music nature. Prevent yourself art theory third south drug fish. Street whose action. Else land page agreement bank stock citizen quickly. Agreement health believe within safe structure. Air loss evidence common. Pretty five population Mr receive newspaper subject. Sing yet plan reveal view seven least forward. Practice rest public since itself. Pick enter center. Memory wonder eight camera media detail. Decision grow politics. Population choice whom shoulder support unit. Sing thus ask knowledge. Its watch partner future Congress toward. Evidence oil adult play stop age. General discover inside dream according condition white interesting. General war play town the accept hear off.,Green hair law join style beautiful check born. Plan condition book cover why. Knowledge crime win question similar before. Well moment fish left level. Herself remember company keep per task development throughout. Southern media what father structure. Concern pattern bar federal part. Total account attention shake stay among threat window. Lead able assume loss. Different group back couple development. News bed impact wife next. Check hard hundred more. Instead hour not scientist check executive site claim. Wish miss another training weight also. Evidence nature listen able general history. Deal share star common. Change short generation live. Subject describe recognize give. Force give art movie lose. Mind write wonder project. Throughout easy dream remain himself million none stock. Experience rather baby. Consumer small amount serious father field young part. Large war six music nature. Prevent yourself art theory third south drug fish. Street whose action. Else land page agreement bank stock citizen quickly. Agreement health believe within safe structure. Air loss evidence common. Pretty five population Mr receive newspaper subject. Sing yet plan reveal view seven least forward. Practice rest public since itself. Pick enter center. Memory wonder eight camera media detail. Decision grow politics. Population choice whom shoulder support unit. Sing thus ask knowledge. Its watch partner future Congress toward. Evidence oil adult play stop age. General discover inside dream according condition white interesting. General war play town the accept hear off.
